pathway,cell_type,score,method
REACTOME_ACTIVATION_OF_C3_AND_C5,Fibroblasts,0.8816959669240731,original_clusters
REACTOME_ADAPTIVE_IMMUNE_SYSTEM,Fibroblasts,0.8965605208337785,original_clusters
REACTOME_ALTERNATIVE_COMPLEMENT_ACTIVATION,Fibroblasts,0.8965605208337785,original_clusters
REACTOME_ASPARAGINE_N_LINKED_GLYCOSYLATION,Fibroblasts,0.12111286578766103,original_clusters
REACTOME_CARGO_CONCENTRATION_IN_THE_ER,Fibroblasts,0.12111286578766103,original_clusters
REACTOME_CLASS_A_1_RHODOPSIN_LIKE_RECEPTORS,Fibroblasts,0.8965605208337785,original_clusters
REACTOME_COMMON_PATHWAY_OF_FIBRIN_CLOT_FORMATION,Fibroblasts,0.11994021432691199,original_clusters
REACTOME_COMPLEMENT_CASCADE,Fibroblasts,0.868359723239102,original_clusters
REACTOME_COPII_MEDIATED_VESICLE_TRANSPORT,Fibroblasts,0.12111286578766103,original_clusters
REACTOME_ER_TO_GOLGI_ANTEROGRADE_TRANSPORT,Fibroblasts,0.12111286578766103,original_clusters
REACTOME_EXTRINSIC_PATHWAY_OF_FIBRIN_CLOT_FORMATION,Fibroblasts,0.12110755378572485,original_clusters
REACTOME_FORMATION_OF_FIBRIN_CLOT_CLOTTING_CASCADE,Fibroblasts,0.12032013375215196,original_clusters
REACTOME_GAMMA_CARBOXYLATION_HYPUSINYLATION_HYDROXYLATION_AND_ARYLSULFATASE_ACTIVATION,Fibroblasts,0.11736062070373014,original_clusters
REACTOME_GAMMA_CARBOXYLATION_OF_PROTEIN_PRECURSORS,Fibroblasts,0.11468680581962393,original_clusters
REACTOME_GAMMA_CARBOXYLATION_TRANSPORT_AND_AMINO_TERMINAL_CLEAVAGE_OF_PROTEINS,Fibroblasts,0.11468680581962393,original_clusters
REACTOME_GPCR_LIGAND_BINDING,Fibroblasts,0.8965605208337785,original_clusters
REACTOME_G_ALPHA_I_SIGNALLING_EVENTS,Fibroblasts,0.8965605208337785,original_clusters
REACTOME_HEMOSTASIS,Fibroblasts,0.12032013375215196,original_clusters
REACTOME_IMMUNE_SYSTEM,Fibroblasts,0.868359723239102,original_clusters
REACTOME_IMMUNOREGULATORY_INTERACTIONS_BETWEEN_A_LYMPHOID_AND_A_NON_LYMPHOID_CELL,Fibroblasts,0.8965605208337785,original_clusters
REACTOME_INITIAL_TRIGGERING_OF_COMPLEMENT,Fibroblasts,0.8816959669240731,original_clusters
REACTOME_INNATE_IMMUNE_SYSTEM,Fibroblasts,0.868359723239102,original_clusters
REACTOME_INTRINSIC_PATHWAY_OF_FIBRIN_CLOT_FORMATION,Fibroblasts,0.11667217021052453,original_clusters
REACTOME_MEMBRANE_TRAFFICKING,Fibroblasts,0.12111286578766103,original_clusters
REACTOME_METABOLISM_OF_PROTEINS,Fibroblasts,0.2802741335915424,original_clusters
REACTOME_NEUTROPHIL_DEGRANULATION,Fibroblasts,0.8965605208337785,original_clusters
REACTOME_PEPTIDE_LIGAND_BINDING_RECEPTORS,Fibroblasts,0.8965605208337785,original_clusters
REACTOME_PLATELET_ACTIVATION_SIGNALING_AND_AGGREGATION,Fibroblasts,0.12111286578766103,original_clusters
REACTOME_POST_TRANSLATIONAL_PROTEIN_MODIFICATION,Fibroblasts,0.2802741335915424,original_clusters
REACTOME_REGULATION_OF_INSULIN_LIKE_GROWTH_FACTOR_IGF_TRANSPORT_AND_UPTAKE_BY_INSULIN_LIKE_GROWTH_FACTOR_BINDING_PROTEINS_IGFBPS,Fibroblasts,0.5176640071956766,original_clusters
REACTOME_RESPONSE_TO_ELEVATED_PLATELET_CYTOSOLIC_CA2,Fibroblasts,0.12111286578766103,original_clusters
REACTOME_SIGNALING_BY_GPCR,Fibroblasts,0.8965605208337785,original_clusters
REACTOME_TERMINAL_PATHWAY_OF_COMPLEMENT,Fibroblasts,0.8583848186261559,original_clusters
REACTOME_TRANSPORT_OF_GAMMA_CARBOXYLATED_PROTEIN_PRECURSORS_FROM_THE_ENDOPLASMIC_RETICULUM_TO_THE_GOLGI_APPARATUS,Fibroblasts,0.11468680581962393,original_clusters
REACTOME_TRANSPORT_TO_THE_GOLGI_AND_SUBSEQUENT_MODIFICATION,Fibroblasts,0.12111286578766103,original_clusters
REACTOME_VESICLE_MEDIATED_TRANSPORT,Fibroblasts,0.12111286578766103,original_clusters
REACTOME_ACTIVATION_OF_C3_AND_C5,Tumor,0.8506987882055507,original_clusters
REACTOME_ADAPTIVE_IMMUNE_SYSTEM,Tumor,0.8492420853361644,original_clusters
REACTOME_ALTERNATIVE_COMPLEMENT_ACTIVATION,Tumor,0.8492420853361644,original_clusters
REACTOME_ASPARAGINE_N_LINKED_GLYCOSYLATION,Tumor,0.10994014104980149,original_clusters
REACTOME_CARGO_CONCENTRATION_IN_THE_ER,Tumor,0.10994014104980149,original_clusters
REACTOME_CLASS_A_1_RHODOPSIN_LIKE_RECEPTORS,Tumor,0.8492420853361644,original_clusters
REACTOME_COMMON_PATHWAY_OF_FIBRIN_CLOT_FORMATION,Tumor,0.10877039492769701,original_clusters
REACTOME_COMPLEMENT_CASCADE,Tumor,0.8463848918877741,original_clusters
REACTOME_COPII_MEDIATED_VESICLE_TRANSPORT,Tumor,0.10994014104980149,original_clusters
REACTOME_ER_TO_GOLGI_ANTEROGRADE_TRANSPORT,Tumor,0.10994014104980149,original_clusters
REACTOME_EXTRINSIC_PATHWAY_OF_FIBRIN_CLOT_FORMATION,Tumor,0.11193478295669856,original_clusters
REACTOME_FORMATION_OF_FIBRIN_CLOT_CLOTTING_CASCADE,Tumor,0.11422585152636158,original_clusters
REACTOME_GAMMA_CARBOXYLATION_HYPUSINYLATION_HYDROXYLATION_AND_ARYLSULFATASE_ACTIVATION,Tumor,0.10810433388753819,original_clusters
REACTOME_GAMMA_CARBOXYLATION_OF_PROTEIN_PRECURSORS,Tumor,0.1054383386020922,original_clusters
REACTOME_GAMMA_CARBOXYLATION_TRANSPORT_AND_AMINO_TERMINAL_CLEAVAGE_OF_PROTEINS,Tumor,0.1054383386020922,original_clusters
REACTOME_GPCR_LIGAND_BINDING,Tumor,0.8492420853361644,original_clusters
REACTOME_G_ALPHA_I_SIGNALLING_EVENTS,Tumor,0.8492420853361644,original_clusters
REACTOME_HEMOSTASIS,Tumor,0.11422585152636158,original_clusters
REACTOME_IMMUNE_SYSTEM,Tumor,0.8463848918877741,original_clusters
REACTOME_IMMUNOREGULATORY_INTERACTIONS_BETWEEN_A_LYMPHOID_AND_A_NON_LYMPHOID_CELL,Tumor,0.8492420853361644,original_clusters
REACTOME_INITIAL_TRIGGERING_OF_COMPLEMENT,Tumor,0.8506987882055507,original_clusters
REACTOME_INNATE_IMMUNE_SYSTEM,Tumor,0.8463848918877741,original_clusters
REACTOME_INTRINSIC_PATHWAY_OF_FIBRIN_CLOT_FORMATION,Tumor,0.11312466056797262,original_clusters
REACTOME_MEMBRANE_TRAFFICKING,Tumor,0.10994014104980149,original_clusters
REACTOME_METABOLISM_OF_PROTEINS,Tumor,0.25642866533265185,original_clusters
REACTOME_NEUTROPHIL_DEGRANULATION,Tumor,0.8492420853361644,original_clusters
REACTOME_PEPTIDE_LIGAND_BINDING_RECEPTORS,Tumor,0.8492420853361644,original_clusters
REACTOME_PLATELET_ACTIVATION_SIGNALING_AND_AGGREGATION,Tumor,0.10994014104980149,original_clusters
REACTOME_POST_TRANSLATIONAL_PROTEIN_MODIFICATION,Tumor,0.25642866533265185,original_clusters
REACTOME_REGULATION_OF_INSULIN_LIKE_GROWTH_FACTOR_IGF_TRANSPORT_AND_UPTAKE_BY_INSULIN_LIKE_GROWTH_FACTOR_BINDING_PROTEINS_IGFBPS,Tumor,0.4784413532012145,original_clusters
REACTOME_RESPONSE_TO_ELEVATED_PLATELET_CYTOSOLIC_CA2,Tumor,0.10994014104980149,original_clusters
REACTOME_SIGNALING_BY_GPCR,Tumor,0.8492420853361644,original_clusters
REACTOME_TERMINAL_PATHWAY_OF_COMPLEMENT,Tumor,0.8433002450338776,original_clusters
REACTOME_TRANSPORT_OF_GAMMA_CARBOXYLATED_PROTEIN_PRECURSORS_FROM_THE_ENDOPLASMIC_RETICULUM_TO_THE_GOLGI_APPARATUS,Tumor,0.1054383386020922,original_clusters
REACTOME_TRANSPORT_TO_THE_GOLGI_AND_SUBSEQUENT_MODIFICATION,Tumor,0.10994014104980149,original_clusters
REACTOME_VESICLE_MEDIATED_TRANSPORT,Tumor,0.10994014104980149,original_clusters
REACTOME_ACTIVATION_OF_C3_AND_C5,High_Endothelial_Venules,0.8653924620637046,original_clusters
REACTOME_ADAPTIVE_IMMUNE_SYSTEM,High_Endothelial_Venules,0.8691660152991063,original_clusters
REACTOME_ALTERNATIVE_COMPLEMENT_ACTIVATION,High_Endothelial_Venules,0.8691660152991063,original_clusters
REACTOME_ASPARAGINE_N_LINKED_GLYCOSYLATION,High_Endothelial_Venules,0.11552480330060358,original_clusters
REACTOME_CARGO_CONCENTRATION_IN_THE_ER,High_Endothelial_Venules,0.11552480330060358,original_clusters
REACTOME_CLASS_A_1_RHODOPSIN_LIKE_RECEPTORS,High_Endothelial_Venules,0.8691660152991063,original_clusters
REACTOME_COMMON_PATHWAY_OF_FIBRIN_CLOT_FORMATION,High_Endothelial_Venules,0.11478577162236903,original_clusters
REACTOME_COMPLEMENT_CASCADE,High_Endothelial_Venules,0.8597319204832286,original_clusters
REACTOME_COPII_MEDIATED_VESICLE_TRANSPORT,High_Endothelial_Venules,0.11552480330060358,original_clusters
REACTOME_ER_TO_GOLGI_ANTEROGRADE_TRANSPORT,High_Endothelial_Venules,0.11552480330060358,original_clusters
REACTOME_EXTRINSIC_PATHWAY_OF_FIBRIN_CLOT_FORMATION,High_Endothelial_Venules,0.11299795045362024,original_clusters
REACTOME_FORMATION_OF_FIBRIN_CLOT_CLOTTING_CASCADE,High_Endothelial_Venules,0.11452943021544741,original_clusters
REACTOME_GAMMA_CARBOXYLATION_HYPUSINYLATION_HYDROXYLATION_AND_ARYLSULFATASE_ACTIVATION,High_Endothelial_Venules,0.11343594352567776,original_clusters
REACTOME_GAMMA_CARBOXYLATION_OF_PROTEIN_PRECURSORS,High_Endothelial_Venules,0.11206207036239799,original_clusters
REACTOME_GAMMA_CARBOXYLATION_TRANSPORT_AND_AMINO_TERMINAL_CLEAVAGE_OF_PROTEINS,High_Endothelial_Venules,0.11206207036239799,original_clusters
REACTOME_GPCR_LIGAND_BINDING,High_Endothelial_Venules,0.8691660152991063,original_clusters
REACTOME_G_ALPHA_I_SIGNALLING_EVENTS,High_Endothelial_Venules,0.8691660152991063,original_clusters
REACTOME_HEMOSTASIS,High_Endothelial_Venules,0.11452943021544741,original_clusters
REACTOME_IMMUNE_SYSTEM,High_Endothelial_Venules,0.8597319204832286,original_clusters
REACTOME_IMMUNOREGULATORY_INTERACTIONS_BETWEEN_A_LYMPHOID_AND_A_NON_LYMPHOID_CELL,High_Endothelial_Venules,0.8691660152991063,original_clusters
REACTOME_INITIAL_TRIGGERING_OF_COMPLEMENT,High_Endothelial_Venules,0.8653924620637046,original_clusters
REACTOME_INNATE_IMMUNE_SYSTEM,High_Endothelial_Venules,0.8597319204832286,original_clusters
REACTOME_INTRINSIC_PATHWAY_OF_FIBRIN_CLOT_FORMATION,High_Endothelial_Venules,0.11417305385284623,original_clusters
REACTOME_MEMBRANE_TRAFFICKING,High_Endothelial_Venules,0.11552480330060358,original_clusters
REACTOME_METABOLISM_OF_PROTEINS,High_Endothelial_Venules,0.2672451818786822,original_clusters
REACTOME_NEUTROPHIL_DEGRANULATION,High_Endothelial_Venules,0.8691660152991063,original_clusters
REACTOME_PEPTIDE_LIGAND_BINDING_RECEPTORS,High_Endothelial_Venules,0.8691660152991063,original_clusters
REACTOME_PLATELET_ACTIVATION_SIGNALING_AND_AGGREGATION,High_Endothelial_Venules,0.11552480330060358,original_clusters
REACTOME_POST_TRANSLATIONAL_PROTEIN_MODIFICATION,High_Endothelial_Venules,0.2672451818786822,original_clusters
REACTOME_REGULATION_OF_INSULIN_LIKE_GROWTH_FACTOR_IGF_TRANSPORT_AND_UPTAKE_BY_INSULIN_LIKE_GROWTH_FACTOR_BINDING_PROTEINS_IGFBPS,High_Endothelial_Venules,0.4954239947611606,original_clusters
REACTOME_RESPONSE_TO_ELEVATED_PLATELET_CYTOSOLIC_CA2,High_Endothelial_Venules,0.11552480330060358,original_clusters
REACTOME_SIGNALING_BY_GPCR,High_Endothelial_Venules,0.8691660152991063,original_clusters
REACTOME_TERMINAL_PATHWAY_OF_COMPLEMENT,High_Endothelial_Venules,0.8554411824686492,original_clusters
REACTOME_TRANSPORT_OF_GAMMA_CARBOXYLATED_PROTEIN_PRECURSORS_FROM_THE_ENDOPLASMIC_RETICULUM_TO_THE_GOLGI_APPARATUS,High_Endothelial_Venules,0.11206207036239799,original_clusters
REACTOME_TRANSPORT_TO_THE_GOLGI_AND_SUBSEQUENT_MODIFICATION,High_Endothelial_Venules,0.11552480330060358,original_clusters
REACTOME_VESICLE_MEDIATED_TRANSPORT,High_Endothelial_Venules,0.11552480330060358,original_clusters
REACTOME_ACTIVATION_OF_C3_AND_C5,M1_macrophages,0.8676849520281781,original_clusters
REACTOME_ADAPTIVE_IMMUNE_SYSTEM,M1_macrophages,0.8719983682570847,original_clusters
REACTOME_ALTERNATIVE_COMPLEMENT_ACTIVATION,M1_macrophages,0.8719983682570847,original_clusters
REACTOME_ASPARAGINE_N_LINKED_GLYCOSYLATION,M1_macrophages,0.11759747587734819,original_clusters
REACTOME_CARGO_CONCENTRATION_IN_THE_ER,M1_macrophages,0.11759747587734819,original_clusters
REACTOME_CLASS_A_1_RHODOPSIN_LIKE_RECEPTORS,M1_macrophages,0.8719983682570847,original_clusters
REACTOME_COMMON_PATHWAY_OF_FIBRIN_CLOT_FORMATION,M1_macrophages,0.11676809025404768,original_clusters
REACTOME_COMPLEMENT_CASCADE,M1_macrophages,0.8608043178206355,original_clusters
REACTOME_COPII_MEDIATED_VESICLE_TRANSPORT,M1_macrophages,0.11759747587734819,original_clusters
REACTOME_ER_TO_GOLGI_ANTEROGRADE_TRANSPORT,M1_macrophages,0.11759747587734819,original_clusters
REACTOME_EXTRINSIC_PATHWAY_OF_FIBRIN_CLOT_FORMATION,M1_macrophages,0.11435678648640682,original_clusters
REACTOME_FORMATION_OF_FIBRIN_CLOT_CLOTTING_CASCADE,M1_macrophages,0.1156969368883973,original_clusters
REACTOME_GAMMA_CARBOXYLATION_HYPUSINYLATION_HYDROXYLATION_AND_ARYLSULFATASE_ACTIVATION,M1_macrophages,0.11490996169852528,original_clusters
REACTOME_GAMMA_CARBOXYLATION_OF_PROTEIN_PRECURSORS,M1_macrophages,0.11364418221304591,original_clusters
REACTOME_GAMMA_CARBOXYLATION_TRANSPORT_AND_AMINO_TERMINAL_CLEAVAGE_OF_PROTEINS,M1_macrophages,0.11364418221304591,original_clusters
REACTOME_GPCR_LIGAND_BINDING,M1_macrophages,0.8719983682570847,original_clusters
REACTOME_G_ALPHA_I_SIGNALLING_EVENTS,M1_macrophages,0.8719983682570847,original_clusters
REACTOME_HEMOSTASIS,M1_macrophages,0.1156969368883973,original_clusters
REACTOME_IMMUNE_SYSTEM,M1_macrophages,0.8608043178206355,original_clusters
REACTOME_IMMUNOREGULATORY_INTERACTIONS_BETWEEN_A_LYMPHOID_AND_A_NON_LYMPHOID_CELL,M1_macrophages,0.8719983682570847,original_clusters
REACTOME_INITIAL_TRIGGERING_OF_COMPLEMENT,M1_macrophages,0.8676849520281781,original_clusters
REACTOME_INNATE_IMMUNE_SYSTEM,M1_macrophages,0.8608043178206355,original_clusters
REACTOME_INTRINSIC_PATHWAY_OF_FIBRIN_CLOT_FORMATION,M1_macrophages,0.11497570390955854,original_clusters
REACTOME_MEMBRANE_TRAFFICKING,M1_macrophages,0.11759747587734819,original_clusters
REACTOME_METABOLISM_OF_PROTEINS,M1_macrophages,0.26946100095473524,original_clusters
REACTOME_NEUTROPHIL_DEGRANULATION,M1_macrophages,0.8719983682570847,original_clusters
REACTOME_PEPTIDE_LIGAND_BINDING_RECEPTORS,M1_macrophages,0.8719983682570847,original_clusters
REACTOME_PLATELET_ACTIVATION_SIGNALING_AND_AGGREGATION,M1_macrophages,0.11759747587734819,original_clusters
REACTOME_POST_TRANSLATIONAL_PROTEIN_MODIFICATION,M1_macrophages,0.26946100095473524,original_clusters
REACTOME_REGULATION_OF_INSULIN_LIKE_GROWTH_FACTOR_IGF_TRANSPORT_AND_UPTAKE_BY_INSULIN_LIKE_GROWTH_FACTOR_BINDING_PROTEINS_IGFBPS,M1_macrophages,0.49849665010805677,original_clusters
REACTOME_RESPONSE_TO_ELEVATED_PLATELET_CYTOSOLIC_CA2,M1_macrophages,0.11759747587734819,original_clusters
REACTOME_SIGNALING_BY_GPCR,M1_macrophages,0.8719983682570847,original_clusters
REACTOME_TERMINAL_PATHWAY_OF_COMPLEMENT,M1_macrophages,0.8556904682861058,original_clusters
REACTOME_TRANSPORT_OF_GAMMA_CARBOXYLATED_PROTEIN_PRECURSORS_FROM_THE_ENDOPLASMIC_RETICULUM_TO_THE_GOLGI_APPARATUS,M1_macrophages,0.11364418221304591,original_clusters
REACTOME_TRANSPORT_TO_THE_GOLGI_AND_SUBSEQUENT_MODIFICATION,M1_macrophages,0.11759747587734819,original_clusters
REACTOME_VESICLE_MEDIATED_TRANSPORT,M1_macrophages,0.11759747587734819,original_clusters
REACTOME_ACTIVATION_OF_C3_AND_C5,CAF,0.8664905850088019,original_clusters
REACTOME_ADAPTIVE_IMMUNE_SYSTEM,CAF,0.870844718439786,original_clusters
REACTOME_ALTERNATIVE_COMPLEMENT_ACTIVATION,CAF,0.870844718439786,original_clusters
REACTOME_ASPARAGINE_N_LINKED_GLYCOSYLATION,CAF,0.11745605193029825,original_clusters
REACTOME_CARGO_CONCENTRATION_IN_THE_ER,CAF,0.11745605193029825,original_clusters
REACTOME_CLASS_A_1_RHODOPSIN_LIKE_RECEPTORS,CAF,0.870844718439786,original_clusters
REACTOME_COMMON_PATHWAY_OF_FIBRIN_CLOT_FORMATION,CAF,0.11532691416332339,original_clusters
REACTOME_COMPLEMENT_CASCADE,CAF,0.8574074541057707,original_clusters
REACTOME_COPII_MEDIATED_VESICLE_TRANSPORT,CAF,0.11745605193029825,original_clusters
REACTOME_ER_TO_GOLGI_ANTEROGRADE_TRANSPORT,CAF,0.11745605193029825,original_clusters
REACTOME_EXTRINSIC_PATHWAY_OF_FIBRIN_CLOT_FORMATION,CAF,0.11585230882699413,original_clusters
REACTOME_FORMATION_OF_FIBRIN_CLOT_CLOTTING_CASCADE,CAF,0.11778033685152337,original_clusters
REACTOME_GAMMA_CARBOXYLATION_HYPUSINYLATION_HYDROXYLATION_AND_ARYLSULFATASE_ACTIVATION,CAF,0.11245289058729495,original_clusters
REACTOME_GAMMA_CARBOXYLATION_OF_PROTEIN_PRECURSORS,CAF,0.10982499882589303,original_clusters
REACTOME_GAMMA_CARBOXYLATION_TRANSPORT_AND_AMINO_TERMINAL_CLEAVAGE_OF_PROTEINS,CAF,0.10982499882589303,original_clusters
REACTOME_GPCR_LIGAND_BINDING,CAF,0.870844718439786,original_clusters
REACTOME_G_ALPHA_I_SIGNALLING_EVENTS,CAF,0.870844718439786,original_clusters
REACTOME_HEMOSTASIS,CAF,0.11778033685152337,original_clusters
REACTOME_IMMUNE_SYSTEM,CAF,0.8574074541057707,original_clusters
REACTOME_IMMUNOREGULATORY_INTERACTIONS_BETWEEN_A_LYMPHOID_AND_A_NON_LYMPHOID_CELL,CAF,0.870844718439786,original_clusters
REACTOME_INITIAL_TRIGGERING_OF_COMPLEMENT,CAF,0.8664905850088019,original_clusters
REACTOME_INNATE_IMMUNE_SYSTEM,CAF,0.8574074541057707,original_clusters
REACTOME_INTRINSIC_PATHWAY_OF_FIBRIN_CLOT_FORMATION,CAF,0.11496283777874053,original_clusters
REACTOME_MEMBRANE_TRAFFICKING,CAF,0.11745605193029825,original_clusters
REACTOME_METABOLISM_OF_PROTEINS,CAF,0.2682016188280017,original_clusters
REACTOME_NEUTROPHIL_DEGRANULATION,CAF,0.870844718439786,original_clusters
REACTOME_PEPTIDE_LIGAND_BINDING_RECEPTORS,CAF,0.870844718439786,original_clusters
REACTOME_PLATELET_ACTIVATION_SIGNALING_AND_AGGREGATION,CAF,0.11745605193029825,original_clusters
REACTOME_POST_TRANSLATIONAL_PROTEIN_MODIFICATION,CAF,0.2682016188280017,original_clusters
REACTOME_REGULATION_OF_INSULIN_LIKE_GROWTH_FACTOR_IGF_TRANSPORT_AND_UPTAKE_BY_INSULIN_LIKE_GROWTH_FACTOR_BINDING_PROTEINS_IGFBPS,CAF,0.498311584363133,original_clusters
REACTOME_RESPONSE_TO_ELEVATED_PLATELET_CYTOSOLIC_CA2,CAF,0.11745605193029825,original_clusters
REACTOME_SIGNALING_BY_GPCR,CAF,0.870844718439786,original_clusters
REACTOME_TERMINAL_PATHWAY_OF_COMPLEMENT,CAF,0.8507153794546026,original_clusters
REACTOME_TRANSPORT_OF_GAMMA_CARBOXYLATED_PROTEIN_PRECURSORS_FROM_THE_ENDOPLASMIC_RETICULUM_TO_THE_GOLGI_APPARATUS,CAF,0.10982499882589303,original_clusters
REACTOME_TRANSPORT_TO_THE_GOLGI_AND_SUBSEQUENT_MODIFICATION,CAF,0.11745605193029825,original_clusters
REACTOME_VESICLE_MEDIATED_TRANSPORT,CAF,0.11745605193029825,original_clusters
REACTOME_ACTIVATION_OF_C3_AND_C5,Plasma_IgG,0.8675646942472585,original_clusters
REACTOME_ADAPTIVE_IMMUNE_SYSTEM,Plasma_IgG,0.8702234957840403,original_clusters
REACTOME_ALTERNATIVE_COMPLEMENT_ACTIVATION,Plasma_IgG,0.8702234957840403,original_clusters
REACTOME_ASPARAGINE_N_LINKED_GLYCOSYLATION,Plasma_IgG,0.11910105982511224,original_clusters
REACTOME_CARGO_CONCENTRATION_IN_THE_ER,Plasma_IgG,0.11910105982511224,original_clusters
REACTOME_CLASS_A_1_RHODOPSIN_LIKE_RECEPTORS,Plasma_IgG,0.8702234957840403,original_clusters
REACTOME_COMMON_PATHWAY_OF_FIBRIN_CLOT_FORMATION,Plasma_IgG,0.11797772348428226,original_clusters
REACTOME_COMPLEMENT_CASCADE,Plasma_IgG,0.8614884773780825,original_clusters
REACTOME_COPII_MEDIATED_VESICLE_TRANSPORT,Plasma_IgG,0.11910105982511224,original_clusters
REACTOME_ER_TO_GOLGI_ANTEROGRADE_TRANSPORT,Plasma_IgG,0.11910105982511224,original_clusters
REACTOME_EXTRINSIC_PATHWAY_OF_FIBRIN_CLOT_FORMATION,Plasma_IgG,0.11583477052941633,original_clusters
REACTOME_FORMATION_OF_FIBRIN_CLOT_CLOTTING_CASCADE,Plasma_IgG,0.11742706270284076,original_clusters
REACTOME_GAMMA_CARBOXYLATION_HYPUSINYLATION_HYDROXYLATION_AND_ARYLSULFATASE_ACTIVATION,Plasma_IgG,0.11638174822360195,original_clusters
REACTOME_GAMMA_CARBOXYLATION_OF_PROTEIN_PRECURSORS,Plasma_IgG,0.11419272122817313,original_clusters
REACTOME_GAMMA_CARBOXYLATION_TRANSPORT_AND_AMINO_TERMINAL_CLEAVAGE_OF_PROTEINS,Plasma_IgG,0.11419272122817313,original_clusters
REACTOME_GPCR_LIGAND_BINDING,Plasma_IgG,0.8702234957840403,original_clusters
REACTOME_G_ALPHA_I_SIGNALLING_EVENTS,Plasma_IgG,0.8702234957840403,original_clusters
REACTOME_HEMOSTASIS,Plasma_IgG,0.11742706270284076,original_clusters
REACTOME_IMMUNE_SYSTEM,Plasma_IgG,0.8614884773780825,original_clusters
REACTOME_IMMUNOREGULATORY_INTERACTIONS_BETWEEN_A_LYMPHOID_AND_A_NON_LYMPHOID_CELL,Plasma_IgG,0.8702234957840403,original_clusters
REACTOME_INITIAL_TRIGGERING_OF_COMPLEMENT,Plasma_IgG,0.8675646942472585,original_clusters
REACTOME_INNATE_IMMUNE_SYSTEM,Plasma_IgG,0.8614884773780825,original_clusters
REACTOME_INTRINSIC_PATHWAY_OF_FIBRIN_CLOT_FORMATION,Plasma_IgG,0.11676673186607671,original_clusters
REACTOME_MEMBRANE_TRAFFICKING,Plasma_IgG,0.11910105982511224,original_clusters
REACTOME_METABOLISM_OF_PROTEINS,Plasma_IgG,0.2695615506372573,original_clusters
REACTOME_NEUTROPHIL_DEGRANULATION,Plasma_IgG,0.8702234957840403,original_clusters
REACTOME_PEPTIDE_LIGAND_BINDING_RECEPTORS,Plasma_IgG,0.8702234957840403,original_clusters
REACTOME_PLATELET_ACTIVATION_SIGNALING_AND_AGGREGATION,Plasma_IgG,0.11910105982511224,original_clusters
REACTOME_POST_TRANSLATIONAL_PROTEIN_MODIFICATION,Plasma_IgG,0.2695615506372573,original_clusters
REACTOME_REGULATION_OF_INSULIN_LIKE_GROWTH_FACTOR_IGF_TRANSPORT_AND_UPTAKE_BY_INSULIN_LIKE_GROWTH_FACTOR_BINDING_PROTEINS_IGFBPS,Plasma_IgG,0.49693601294643336,original_clusters
REACTOME_RESPONSE_TO_ELEVATED_PLATELET_CYTOSOLIC_CA2,Plasma_IgG,0.11910105982511224,original_clusters
REACTOME_SIGNALING_BY_GPCR,Plasma_IgG,0.8702234957840403,original_clusters
REACTOME_TERMINAL_PATHWAY_OF_COMPLEMENT,Plasma_IgG,0.8569314500588404,original_clusters
REACTOME_TRANSPORT_OF_GAMMA_CARBOXYLATED_PROTEIN_PRECURSORS_FROM_THE_ENDOPLASMIC_RETICULUM_TO_THE_GOLGI_APPARATUS,Plasma_IgG,0.11419272122817313,original_clusters
REACTOME_TRANSPORT_TO_THE_GOLGI_AND_SUBSEQUENT_MODIFICATION,Plasma_IgG,0.11910105982511224,original_clusters
REACTOME_VESICLE_MEDIATED_TRANSPORT,Plasma_IgG,0.11910105982511224,original_clusters
REACTOME_ACTIVATION_OF_C3_AND_C5,unknown,0.8651223371458047,original_clusters
REACTOME_ADAPTIVE_IMMUNE_SYSTEM,unknown,0.864903060975972,original_clusters
REACTOME_ALTERNATIVE_COMPLEMENT_ACTIVATION,unknown,0.864903060975972,original_clusters
REACTOME_ASPARAGINE_N_LINKED_GLYCOSYLATION,unknown,0.12193275372285692,original_clusters
REACTOME_CARGO_CONCENTRATION_IN_THE_ER,unknown,0.12193275372285692,original_clusters
REACTOME_CLASS_A_1_RHODOPSIN_LIKE_RECEPTORS,unknown,0.864903060975972,original_clusters
REACTOME_COMMON_PATHWAY_OF_FIBRIN_CLOT_FORMATION,unknown,0.1205627710236685,original_clusters
REACTOME_COMPLEMENT_CASCADE,unknown,0.8614108010754203,original_clusters
REACTOME_COPII_MEDIATED_VESICLE_TRANSPORT,unknown,0.12193275372285692,original_clusters
REACTOME_ER_TO_GOLGI_ANTEROGRADE_TRANSPORT,unknown,0.12193275372285692,original_clusters
REACTOME_EXTRINSIC_PATHWAY_OF_FIBRIN_CLOT_FORMATION,unknown,0.11672051282778391,original_clusters
REACTOME_FORMATION_OF_FIBRIN_CLOT_CLOTTING_CASCADE,unknown,0.11884013457878018,original_clusters
REACTOME_GAMMA_CARBOXYLATION_HYPUSINYLATION_HYDROXYLATION_AND_ARYLSULFATASE_ACTIVATION,unknown,0.11825656678141634,original_clusters
REACTOME_GAMMA_CARBOXYLATION_OF_PROTEIN_PRECURSORS,unknown,0.11646326477109402,original_clusters
REACTOME_GAMMA_CARBOXYLATION_TRANSPORT_AND_AMINO_TERMINAL_CLEAVAGE_OF_PROTEINS,unknown,0.11646326477109402,original_clusters
REACTOME_GPCR_LIGAND_BINDING,unknown,0.864903060975972,original_clusters
REACTOME_G_ALPHA_I_SIGNALLING_EVENTS,unknown,0.864903060975972,original_clusters
REACTOME_HEMOSTASIS,unknown,0.11884013457878018,original_clusters
REACTOME_IMMUNE_SYSTEM,unknown,0.8614108010754203,original_clusters
REACTOME_IMMUNOREGULATORY_INTERACTIONS_BETWEEN_A_LYMPHOID_AND_A_NON_LYMPHOID_CELL,unknown,0.864903060975972,original_clusters
REACTOME_INITIAL_TRIGGERING_OF_COMPLEMENT,unknown,0.8651223371458047,original_clusters
REACTOME_INNATE_IMMUNE_SYSTEM,unknown,0.8614108010754203,original_clusters
REACTOME_INTRINSIC_PATHWAY_OF_FIBRIN_CLOT_FORMATION,unknown,0.11823442186407387,original_clusters
REACTOME_MEMBRANE_TRAFFICKING,unknown,0.12193275372285692,original_clusters
REACTOME_METABOLISM_OF_PROTEINS,unknown,0.26913664711071394,original_clusters
REACTOME_NEUTROPHIL_DEGRANULATION,unknown,0.864903060975972,original_clusters
REACTOME_PEPTIDE_LIGAND_BINDING_RECEPTORS,unknown,0.864903060975972,original_clusters
REACTOME_PLATELET_ACTIVATION_SIGNALING_AND_AGGREGATION,unknown,0.12193275372285692,original_clusters
REACTOME_POST_TRANSLATIONAL_PROTEIN_MODIFICATION,unknown,0.26913664711071394,original_clusters
REACTOME_REGULATION_OF_INSULIN_LIKE_GROWTH_FACTOR_IGF_TRANSPORT_AND_UPTAKE_BY_INSULIN_LIKE_GROWTH_FACTOR_BINDING_PROTEINS_IGFBPS,unknown,0.49439453487829454,original_clusters
REACTOME_RESPONSE_TO_ELEVATED_PLATELET_CYTOSOLIC_CA2,unknown,0.12193275372285692,original_clusters
REACTOME_SIGNALING_BY_GPCR,unknown,0.864903060975972,original_clusters
REACTOME_TERMINAL_PATHWAY_OF_COMPLEMENT,unknown,0.8586669088024838,original_clusters
REACTOME_TRANSPORT_OF_GAMMA_CARBOXYLATED_PROTEIN_PRECURSORS_FROM_THE_ENDOPLASMIC_RETICULUM_TO_THE_GOLGI_APPARATUS,unknown,0.11646326477109402,original_clusters
REACTOME_TRANSPORT_TO_THE_GOLGI_AND_SUBSEQUENT_MODIFICATION,unknown,0.12193275372285692,original_clusters
REACTOME_VESICLE_MEDIATED_TRANSPORT,unknown,0.12193275372285692,original_clusters
REACTOME_ACTIVATION_OF_C3_AND_C5,CAM,0.8540335783492367,original_clusters
REACTOME_ADAPTIVE_IMMUNE_SYSTEM,CAM,0.852380631164055,original_clusters
REACTOME_ALTERNATIVE_COMPLEMENT_ACTIVATION,CAM,0.852380631164055,original_clusters
REACTOME_ASPARAGINE_N_LINKED_GLYCOSYLATION,CAM,0.11221027218681949,original_clusters
REACTOME_CARGO_CONCENTRATION_IN_THE_ER,CAM,0.11221027218681949,original_clusters
REACTOME_CLASS_A_1_RHODOPSIN_LIKE_RECEPTORS,CAM,0.852380631164055,original_clusters
REACTOME_COMMON_PATHWAY_OF_FIBRIN_CLOT_FORMATION,CAM,0.11112545757444349,original_clusters
REACTOME_COMPLEMENT_CASCADE,CAM,0.849825955307772,original_clusters
REACTOME_COPII_MEDIATED_VESICLE_TRANSPORT,CAM,0.11221027218681949,original_clusters
REACTOME_ER_TO_GOLGI_ANTEROGRADE_TRANSPORT,CAM,0.11221027218681949,original_clusters
REACTOME_EXTRINSIC_PATHWAY_OF_FIBRIN_CLOT_FORMATION,CAM,0.11496139599762517,original_clusters
REACTOME_FORMATION_OF_FIBRIN_CLOT_CLOTTING_CASCADE,CAM,0.11817148577103148,original_clusters
REACTOME_GAMMA_CARBOXYLATION_HYPUSINYLATION_HYDROXYLATION_AND_ARYLSULFATASE_ACTIVATION,CAM,0.11105493589160799,original_clusters
REACTOME_GAMMA_CARBOXYLATION_OF_PROTEIN_PRECURSORS,CAM,0.10823262706922453,original_clusters
REACTOME_GAMMA_CARBOXYLATION_TRANSPORT_AND_AMINO_TERMINAL_CLEAVAGE_OF_PROTEINS,CAM,0.10823262706922453,original_clusters
REACTOME_GPCR_LIGAND_BINDING,CAM,0.852380631164055,original_clusters
REACTOME_G_ALPHA_I_SIGNALLING_EVENTS,CAM,0.852380631164055,original_clusters
REACTOME_HEMOSTASIS,CAM,0.11817148577103148,original_clusters
REACTOME_IMMUNE_SYSTEM,CAM,0.849825955307772,original_clusters
REACTOME_IMMUNOREGULATORY_INTERACTIONS_BETWEEN_A_LYMPHOID_AND_A_NON_LYMPHOID_CELL,CAM,0.852380631164055,original_clusters
REACTOME_INITIAL_TRIGGERING_OF_COMPLEMENT,CAM,0.8540335783492367,original_clusters
REACTOME_INNATE_IMMUNE_SYSTEM,CAM,0.849825955307772,original_clusters
REACTOME_INTRINSIC_PATHWAY_OF_FIBRIN_CLOT_FORMATION,CAM,0.1178358640435055,original_clusters
REACTOME_MEMBRANE_TRAFFICKING,CAM,0.11221027218681949,original_clusters
REACTOME_METABOLISM_OF_PROTEINS,CAM,0.2589678061003225,original_clusters
REACTOME_NEUTROPHIL_DEGRANULATION,CAM,0.852380631164055,original_clusters
REACTOME_PEPTIDE_LIGAND_BINDING_RECEPTORS,CAM,0.852380631164055,original_clusters
REACTOME_PLATELET_ACTIVATION_SIGNALING_AND_AGGREGATION,CAM,0.11221027218681949,original_clusters
REACTOME_POST_TRANSLATIONAL_PROTEIN_MODIFICATION,CAM,0.2589678061003225,original_clusters
REACTOME_REGULATION_OF_INSULIN_LIKE_GROWTH_FACTOR_IGF_TRANSPORT_AND_UPTAKE_BY_INSULIN_LIKE_GROWTH_FACTOR_BINDING_PROTEINS_IGFBPS,CAM,0.4805464881103676,original_clusters
REACTOME_RESPONSE_TO_ELEVATED_PLATELET_CYTOSOLIC_CA2,CAM,0.11221027218681949,original_clusters
REACTOME_SIGNALING_BY_GPCR,CAM,0.852380631164055,original_clusters
REACTOME_TERMINAL_PATHWAY_OF_COMPLEMENT,CAM,0.8468349510884982,original_clusters
REACTOME_TRANSPORT_OF_GAMMA_CARBOXYLATED_PROTEIN_PRECURSORS_FROM_THE_ENDOPLASMIC_RETICULUM_TO_THE_GOLGI_APPARATUS,CAM,0.10823262706922453,original_clusters
REACTOME_TRANSPORT_TO_THE_GOLGI_AND_SUBSEQUENT_MODIFICATION,CAM,0.11221027218681949,original_clusters
REACTOME_VESICLE_MEDIATED_TRANSPORT,CAM,0.11221027218681949,original_clusters
REACTOME_ACTIVATION_OF_C3_AND_C5,Germinal_Center_Plasma_IgM_B_cell,0.8635314921451194,original_clusters
REACTOME_ADAPTIVE_IMMUNE_SYSTEM,Germinal_Center_Plasma_IgM_B_cell,0.8648107077541006,original_clusters
REACTOME_ALTERNATIVE_COMPLEMENT_ACTIVATION,Germinal_Center_Plasma_IgM_B_cell,0.8648107077541006,original_clusters
REACTOME_ASPARAGINE_N_LINKED_GLYCOSYLATION,Germinal_Center_Plasma_IgM_B_cell,0.11868340217533072,original_clusters
REACTOME_CARGO_CONCENTRATION_IN_THE_ER,Germinal_Center_Plasma_IgM_B_cell,0.11868340217533072,original_clusters
REACTOME_CLASS_A_1_RHODOPSIN_LIKE_RECEPTORS,Germinal_Center_Plasma_IgM_B_cell,0.8648107077541006,original_clusters
REACTOME_COMMON_PATHWAY_OF_FIBRIN_CLOT_FORMATION,Germinal_Center_Plasma_IgM_B_cell,0.11769363722472487,original_clusters
REACTOME_COMPLEMENT_CASCADE,Germinal_Center_Plasma_IgM_B_cell,0.8587186820537555,original_clusters
REACTOME_COPII_MEDIATED_VESICLE_TRANSPORT,Germinal_Center_Plasma_IgM_B_cell,0.11868340217533072,original_clusters
REACTOME_ER_TO_GOLGI_ANTEROGRADE_TRANSPORT,Germinal_Center_Plasma_IgM_B_cell,0.11868340217533072,original_clusters
REACTOME_EXTRINSIC_PATHWAY_OF_FIBRIN_CLOT_FORMATION,Germinal_Center_Plasma_IgM_B_cell,0.11411460115853306,original_clusters
REACTOME_FORMATION_OF_FIBRIN_CLOT_CLOTTING_CASCADE,Germinal_Center_Plasma_IgM_B_cell,0.11600404595918808,original_clusters
REACTOME_GAMMA_CARBOXYLATION_HYPUSINYLATION_HYDROXYLATION_AND_ARYLSULFATASE_ACTIVATION,Germinal_Center_Plasma_IgM_B_cell,0.11612705812516663,original_clusters
REACTOME_GAMMA_CARBOXYLATION_OF_PROTEIN_PRECURSORS,Germinal_Center_Plasma_IgM_B_cell,0.11419564385690639,original_clusters
REACTOME_GAMMA_CARBOXYLATION_TRANSPORT_AND_AMINO_TERMINAL_CLEAVAGE_OF_PROTEINS,Germinal_Center_Plasma_IgM_B_cell,0.11419564385690639,original_clusters
REACTOME_GPCR_LIGAND_BINDING,Germinal_Center_Plasma_IgM_B_cell,0.8648107077541006,original_clusters
REACTOME_G_ALPHA_I_SIGNALLING_EVENTS,Germinal_Center_Plasma_IgM_B_cell,0.8648107077541006,original_clusters
REACTOME_HEMOSTASIS,Germinal_Center_Plasma_IgM_B_cell,0.11600404595918808,original_clusters
REACTOME_IMMUNE_SYSTEM,Germinal_Center_Plasma_IgM_B_cell,0.8587186820537555,original_clusters
REACTOME_IMMUNOREGULATORY_INTERACTIONS_BETWEEN_A_LYMPHOID_AND_A_NON_LYMPHOID_CELL,Germinal_Center_Plasma_IgM_B_cell,0.8648107077541006,original_clusters
REACTOME_INITIAL_TRIGGERING_OF_COMPLEMENT,Germinal_Center_Plasma_IgM_B_cell,0.8635314921451194,original_clusters
REACTOME_INNATE_IMMUNE_SYSTEM,Germinal_Center_Plasma_IgM_B_cell,0.8587186820537555,original_clusters
REACTOME_INTRINSIC_PATHWAY_OF_FIBRIN_CLOT_FORMATION,Germinal_Center_Plasma_IgM_B_cell,0.11599898452149471,original_clusters
REACTOME_MEMBRANE_TRAFFICKING,Germinal_Center_Plasma_IgM_B_cell,0.11868340217533072,original_clusters
REACTOME_METABOLISM_OF_PROTEINS,Germinal_Center_Plasma_IgM_B_cell,0.26738402867669436,original_clusters
REACTOME_NEUTROPHIL_DEGRANULATION,Germinal_Center_Plasma_IgM_B_cell,0.8648107077541006,original_clusters
REACTOME_PEPTIDE_LIGAND_BINDING_RECEPTORS,Germinal_Center_Plasma_IgM_B_cell,0.8648107077541006,original_clusters
REACTOME_PLATELET_ACTIVATION_SIGNALING_AND_AGGREGATION,Germinal_Center_Plasma_IgM_B_cell,0.11868340217533072,original_clusters
REACTOME_POST_TRANSLATIONAL_PROTEIN_MODIFICATION,Germinal_Center_Plasma_IgM_B_cell,0.26738402867669436,original_clusters
REACTOME_REGULATION_OF_INSULIN_LIKE_GROWTH_FACTOR_IGF_TRANSPORT_AND_UPTAKE_BY_INSULIN_LIKE_GROWTH_FACTOR_BINDING_PROTEINS_IGFBPS,Germinal_Center_Plasma_IgM_B_cell,0.49280735384059143,original_clusters
REACTOME_RESPONSE_TO_ELEVATED_PLATELET_CYTOSOLIC_CA2,Germinal_Center_Plasma_IgM_B_cell,0.11868340217533072,original_clusters
REACTOME_SIGNALING_BY_GPCR,Germinal_Center_Plasma_IgM_B_cell,0.8648107077541006,original_clusters
REACTOME_TERMINAL_PATHWAY_OF_COMPLEMENT,Germinal_Center_Plasma_IgM_B_cell,0.8551917267843142,original_clusters
REACTOME_TRANSPORT_OF_GAMMA_CARBOXYLATED_PROTEIN_PRECURSORS_FROM_THE_ENDOPLASMIC_RETICULUM_TO_THE_GOLGI_APPARATUS,Germinal_Center_Plasma_IgM_B_cell,0.11419564385690639,original_clusters
REACTOME_TRANSPORT_TO_THE_GOLGI_AND_SUBSEQUENT_MODIFICATION,Germinal_Center_Plasma_IgM_B_cell,0.11868340217533072,original_clusters
REACTOME_VESICLE_MEDIATED_TRANSPORT,Germinal_Center_Plasma_IgM_B_cell,0.11868340217533072,original_clusters
REACTOME_ACTIVATION_OF_C3_AND_C5,Plasma_IgA,0.8649714533527283,original_clusters
REACTOME_ADAPTIVE_IMMUNE_SYSTEM,Plasma_IgA,0.8656469718032788,original_clusters
REACTOME_ALTERNATIVE_COMPLEMENT_ACTIVATION,Plasma_IgA,0.8656469718032788,original_clusters
REACTOME_ASPARAGINE_N_LINKED_GLYCOSYLATION,Plasma_IgA,0.12023027799635805,original_clusters
REACTOME_CARGO_CONCENTRATION_IN_THE_ER,Plasma_IgA,0.12023027799635805,original_clusters
REACTOME_CLASS_A_1_RHODOPSIN_LIKE_RECEPTORS,Plasma_IgA,0.8656469718032788,original_clusters
REACTOME_COMMON_PATHWAY_OF_FIBRIN_CLOT_FORMATION,Plasma_IgA,0.11855751178354758,original_clusters
REACTOME_COMPLEMENT_CASCADE,Plasma_IgA,0.860854797881506,original_clusters
REACTOME_COPII_MEDIATED_VESICLE_TRANSPORT,Plasma_IgA,0.12023027799635805,original_clusters
REACTOME_ER_TO_GOLGI_ANTEROGRADE_TRANSPORT,Plasma_IgA,0.12023027799635805,original_clusters
REACTOME_EXTRINSIC_PATHWAY_OF_FIBRIN_CLOT_FORMATION,Plasma_IgA,0.11547147059753032,original_clusters
REACTOME_FORMATION_OF_FIBRIN_CLOT_CLOTTING_CASCADE,Plasma_IgA,0.11746787073054363,original_clusters
REACTOME_GAMMA_CARBOXYLATION_HYPUSINYLATION_HYDROXYLATION_AND_ARYLSULFATASE_ACTIVATION,Plasma_IgA,0.11618841462190321,original_clusters
REACTOME_GAMMA_CARBOXYLATION_OF_PROTEIN_PRECURSORS,Plasma_IgA,0.11437577521594199,original_clusters
REACTOME_GAMMA_CARBOXYLATION_TRANSPORT_AND_AMINO_TERMINAL_CLEAVAGE_OF_PROTEINS,Plasma_IgA,0.11437577521594199,original_clusters
REACTOME_GPCR_LIGAND_BINDING,Plasma_IgA,0.8656469718032788,original_clusters
REACTOME_G_ALPHA_I_SIGNALLING_EVENTS,Plasma_IgA,0.8656469718032788,original_clusters
REACTOME_HEMOSTASIS,Plasma_IgA,0.11746787073054363,original_clusters
REACTOME_IMMUNE_SYSTEM,Plasma_IgA,0.860854797881506,original_clusters
REACTOME_IMMUNOREGULATORY_INTERACTIONS_BETWEEN_A_LYMPHOID_AND_A_NON_LYMPHOID_CELL,Plasma_IgA,0.8656469718032788,original_clusters
REACTOME_INITIAL_TRIGGERING_OF_COMPLEMENT,Plasma_IgA,0.8649714533527283,original_clusters
REACTOME_INNATE_IMMUNE_SYSTEM,Plasma_IgA,0.860854797881506,original_clusters
REACTOME_INTRINSIC_PATHWAY_OF_FIBRIN_CLOT_FORMATION,Plasma_IgA,0.11640553273076246,original_clusters
REACTOME_MEMBRANE_TRAFFICKING,Plasma_IgA,0.12023027799635805,original_clusters
REACTOME_METABOLISM_OF_PROTEINS,Plasma_IgA,0.2682243442030692,original_clusters
REACTOME_NEUTROPHIL_DEGRANULATION,Plasma_IgA,0.8656469718032788,original_clusters
REACTOME_PEPTIDE_LIGAND_BINDING_RECEPTORS,Plasma_IgA,0.8656469718032788,original_clusters
REACTOME_PLATELET_ACTIVATION_SIGNALING_AND_AGGREGATION,Plasma_IgA,0.12023027799635805,original_clusters
REACTOME_POST_TRANSLATIONAL_PROTEIN_MODIFICATION,Plasma_IgA,0.2682243442030692,original_clusters
REACTOME_REGULATION_OF_INSULIN_LIKE_GROWTH_FACTOR_IGF_TRANSPORT_AND_UPTAKE_BY_INSULIN_LIKE_GROWTH_FACTOR_BINDING_PROTEINS_IGFBPS,Plasma_IgA,0.4947363240379185,original_clusters
REACTOME_RESPONSE_TO_ELEVATED_PLATELET_CYTOSOLIC_CA2,Plasma_IgA,0.12023027799635805,original_clusters
REACTOME_SIGNALING_BY_GPCR,Plasma_IgA,0.8656469718032788,original_clusters
REACTOME_TERMINAL_PATHWAY_OF_COMPLEMENT,Plasma_IgA,0.8577462615722702,original_clusters
REACTOME_TRANSPORT_OF_GAMMA_CARBOXYLATED_PROTEIN_PRECURSORS_FROM_THE_ENDOPLASMIC_RETICULUM_TO_THE_GOLGI_APPARATUS,Plasma_IgA,0.11437577521594199,original_clusters
REACTOME_TRANSPORT_TO_THE_GOLGI_AND_SUBSEQUENT_MODIFICATION,Plasma_IgA,0.12023027799635805,original_clusters
REACTOME_VESICLE_MEDIATED_TRANSPORT,Plasma_IgA,0.12023027799635805,original_clusters
REACTOME_ACTIVATION_OF_C3_AND_C5,T_cell,0.8648351947751,original_clusters
REACTOME_ADAPTIVE_IMMUNE_SYSTEM,T_cell,0.8653217034859301,original_clusters
REACTOME_ALTERNATIVE_COMPLEMENT_ACTIVATION,T_cell,0.8653217034859301,original_clusters
REACTOME_ASPARAGINE_N_LINKED_GLYCOSYLATION,T_cell,0.1200276241847167,original_clusters
REACTOME_CARGO_CONCENTRATION_IN_THE_ER,T_cell,0.1200276241847167,original_clusters
REACTOME_CLASS_A_1_RHODOPSIN_LIKE_RECEPTORS,T_cell,0.8653217034859301,original_clusters
REACTOME_COMMON_PATHWAY_OF_FIBRIN_CLOT_FORMATION,T_cell,0.11866282503611111,original_clusters
REACTOME_COMPLEMENT_CASCADE,T_cell,0.8609565115199579,original_clusters
REACTOME_COPII_MEDIATED_VESICLE_TRANSPORT,T_cell,0.1200276241847167,original_clusters
REACTOME_ER_TO_GOLGI_ANTEROGRADE_TRANSPORT,T_cell,0.1200276241847167,original_clusters
REACTOME_EXTRINSIC_PATHWAY_OF_FIBRIN_CLOT_FORMATION,T_cell,0.11560410886402406,original_clusters
REACTOME_FORMATION_OF_FIBRIN_CLOT_CLOTTING_CASCADE,T_cell,0.11732168472867922,original_clusters
REACTOME_GAMMA_CARBOXYLATION_HYPUSINYLATION_HYDROXYLATION_AND_ARYLSULFATASE_ACTIVATION,T_cell,0.11621685860408124,original_clusters
REACTOME_GAMMA_CARBOXYLATION_OF_PROTEIN_PRECURSORS,T_cell,0.11492726306744354,original_clusters
REACTOME_GAMMA_CARBOXYLATION_TRANSPORT_AND_AMINO_TERMINAL_CLEAVAGE_OF_PROTEINS,T_cell,0.11492726306744354,original_clusters
REACTOME_GPCR_LIGAND_BINDING,T_cell,0.8653217034859301,original_clusters
REACTOME_G_ALPHA_I_SIGNALLING_EVENTS,T_cell,0.8653217034859301,original_clusters
REACTOME_HEMOSTASIS,T_cell,0.11732168472867922,original_clusters
REACTOME_IMMUNE_SYSTEM,T_cell,0.8609565115199579,original_clusters
REACTOME_IMMUNOREGULATORY_INTERACTIONS_BETWEEN_A_LYMPHOID_AND_A_NON_LYMPHOID_CELL,T_cell,0.8653217034859301,original_clusters
REACTOME_INITIAL_TRIGGERING_OF_COMPLEMENT,T_cell,0.8648351947751,original_clusters
REACTOME_INNATE_IMMUNE_SYSTEM,T_cell,0.8609565115199579,original_clusters
REACTOME_INTRINSIC_PATHWAY_OF_FIBRIN_CLOT_FORMATION,T_cell,0.11623259632369978,original_clusters
REACTOME_MEMBRANE_TRAFFICKING,T_cell,0.1200276241847167,original_clusters
REACTOME_METABOLISM_OF_PROTEINS,T_cell,0.26816099037835145,original_clusters
REACTOME_NEUTROPHIL_DEGRANULATION,T_cell,0.8653217034859301,original_clusters
REACTOME_PEPTIDE_LIGAND_BINDING_RECEPTORS,T_cell,0.8653217034859301,original_clusters
REACTOME_PLATELET_ACTIVATION_SIGNALING_AND_AGGREGATION,T_cell,0.1200276241847167,original_clusters
REACTOME_POST_TRANSLATIONAL_PROTEIN_MODIFICATION,T_cell,0.26816099037835145,original_clusters
REACTOME_REGULATION_OF_INSULIN_LIKE_GROWTH_FACTOR_IGF_TRANSPORT_AND_UPTAKE_BY_INSULIN_LIKE_GROWTH_FACTOR_BINDING_PROTEINS_IGFBPS,T_cell,0.49464702012848927,original_clusters
REACTOME_RESPONSE_TO_ELEVATED_PLATELET_CYTOSOLIC_CA2,T_cell,0.1200276241847167,original_clusters
REACTOME_SIGNALING_BY_GPCR,T_cell,0.8653217034859301,original_clusters
REACTOME_TERMINAL_PATHWAY_OF_COMPLEMENT,T_cell,0.858022954531991,original_clusters
REACTOME_TRANSPORT_OF_GAMMA_CARBOXYLATED_PROTEIN_PRECURSORS_FROM_THE_ENDOPLASMIC_RETICULUM_TO_THE_GOLGI_APPARATUS,T_cell,0.11492726306744354,original_clusters
REACTOME_TRANSPORT_TO_THE_GOLGI_AND_SUBSEQUENT_MODIFICATION,T_cell,0.1200276241847167,original_clusters
REACTOME_VESICLE_MEDIATED_TRANSPORT,T_cell,0.1200276241847167,original_clusters
REACTOME_ACTIVATION_OF_C3_AND_C5,Tumor_Keratin_Pearl,0.8470666015312579,original_clusters
REACTOME_ADAPTIVE_IMMUNE_SYSTEM,Tumor_Keratin_Pearl,0.848047718594797,original_clusters
REACTOME_ALTERNATIVE_COMPLEMENT_ACTIVATION,Tumor_Keratin_Pearl,0.848047718594797,original_clusters
REACTOME_ASPARAGINE_N_LINKED_GLYCOSYLATION,Tumor_Keratin_Pearl,0.11193603226320276,original_clusters
REACTOME_CARGO_CONCENTRATION_IN_THE_ER,Tumor_Keratin_Pearl,0.11193603226320276,original_clusters
REACTOME_CLASS_A_1_RHODOPSIN_LIKE_RECEPTORS,Tumor_Keratin_Pearl,0.848047718594797,original_clusters
REACTOME_COMMON_PATHWAY_OF_FIBRIN_CLOT_FORMATION,Tumor_Keratin_Pearl,0.10890966051634801,original_clusters
REACTOME_COMPLEMENT_CASCADE,Tumor_Keratin_Pearl,0.8422736472798746,original_clusters
REACTOME_COPII_MEDIATED_VESICLE_TRANSPORT,Tumor_Keratin_Pearl,0.11193603226320276,original_clusters
REACTOME_ER_TO_GOLGI_ANTEROGRADE_TRANSPORT,Tumor_Keratin_Pearl,0.11193603226320276,original_clusters
REACTOME_EXTRINSIC_PATHWAY_OF_FIBRIN_CLOT_FORMATION,Tumor_Keratin_Pearl,0.10888326162221472,original_clusters
REACTOME_FORMATION_OF_FIBRIN_CLOT_CLOTTING_CASCADE,Tumor_Keratin_Pearl,0.11279479124530875,original_clusters
REACTOME_GAMMA_CARBOXYLATION_HYPUSINYLATION_HYDROXYLATION_AND_ARYLSULFATASE_ACTIVATION,Tumor_Keratin_Pearl,0.10883978273916951,original_clusters
REACTOME_GAMMA_CARBOXYLATION_OF_PROTEIN_PRECURSORS,Tumor_Keratin_Pearl,0.10176856503005277,original_clusters
REACTOME_GAMMA_CARBOXYLATION_TRANSPORT_AND_AMINO_TERMINAL_CLEAVAGE_OF_PROTEINS,Tumor_Keratin_Pearl,0.10176856503005277,original_clusters
REACTOME_GPCR_LIGAND_BINDING,Tumor_Keratin_Pearl,0.848047718594797,original_clusters
REACTOME_G_ALPHA_I_SIGNALLING_EVENTS,Tumor_Keratin_Pearl,0.848047718594797,original_clusters
REACTOME_HEMOSTASIS,Tumor_Keratin_Pearl,0.11279479124530875,original_clusters
REACTOME_IMMUNE_SYSTEM,Tumor_Keratin_Pearl,0.8422736472798746,original_clusters
REACTOME_IMMUNOREGULATORY_INTERACTIONS_BETWEEN_A_LYMPHOID_AND_A_NON_LYMPHOID_CELL,Tumor_Keratin_Pearl,0.848047718594797,original_clusters
REACTOME_INITIAL_TRIGGERING_OF_COMPLEMENT,Tumor_Keratin_Pearl,0.8470666015312579,original_clusters
REACTOME_INNATE_IMMUNE_SYSTEM,Tumor_Keratin_Pearl,0.8422736472798746,original_clusters
REACTOME_INTRINSIC_PATHWAY_OF_FIBRIN_CLOT_FORMATION,Tumor_Keratin_Pearl,0.11268354821844188,original_clusters
REACTOME_MEMBRANE_TRAFFICKING,Tumor_Keratin_Pearl,0.11193603226320276,original_clusters
REACTOME_METABOLISM_OF_PROTEINS,Tumor_Keratin_Pearl,0.2560722122325211,original_clusters
REACTOME_NEUTROPHIL_DEGRANULATION,Tumor_Keratin_Pearl,0.848047718594797,original_clusters
REACTOME_PEPTIDE_LIGAND_BINDING_RECEPTORS,Tumor_Keratin_Pearl,0.848047718594797,original_clusters
REACTOME_PLATELET_ACTIVATION_SIGNALING_AND_AGGREGATION,Tumor_Keratin_Pearl,0.11193603226320276,original_clusters
REACTOME_POST_TRANSLATIONAL_PROTEIN_MODIFICATION,Tumor_Keratin_Pearl,0.2560722122325211,original_clusters
REACTOME_REGULATION_OF_INSULIN_LIKE_GROWTH_FACTOR_IGF_TRANSPORT_AND_UPTAKE_BY_INSULIN_LIKE_GROWTH_FACTOR_BINDING_PROTEINS_IGFBPS,Tumor_Keratin_Pearl,0.47607215542918063,original_clusters
REACTOME_RESPONSE_TO_ELEVATED_PLATELET_CYTOSOLIC_CA2,Tumor_Keratin_Pearl,0.11193603226320276,original_clusters
REACTOME_SIGNALING_BY_GPCR,Tumor_Keratin_Pearl,0.848047718594797,original_clusters
REACTOME_TERMINAL_PATHWAY_OF_COMPLEMENT,Tumor_Keratin_Pearl,0.8388331597282579,original_clusters
REACTOME_TRANSPORT_OF_GAMMA_CARBOXYLATED_PROTEIN_PRECURSORS_FROM_THE_ENDOPLASMIC_RETICULUM_TO_THE_GOLGI_APPARATUS,Tumor_Keratin_Pearl,0.10176856503005277,original_clusters
REACTOME_TRANSPORT_TO_THE_GOLGI_AND_SUBSEQUENT_MODIFICATION,Tumor_Keratin_Pearl,0.11193603226320276,original_clusters
REACTOME_VESICLE_MEDIATED_TRANSPORT,Tumor_Keratin_Pearl,0.11193603226320276,original_clusters
REACTOME_ACTIVATION_OF_C3_AND_C5,Macrophages,0.86433189004003,original_clusters
REACTOME_ADAPTIVE_IMMUNE_SYSTEM,Macrophages,0.8624493485005541,original_clusters
REACTOME_ALTERNATIVE_COMPLEMENT_ACTIVATION,Macrophages,0.8624493485005541,original_clusters
REACTOME_ASPARAGINE_N_LINKED_GLYCOSYLATION,Macrophages,0.12559093039467448,original_clusters
REACTOME_CARGO_CONCENTRATION_IN_THE_ER,Macrophages,0.12559093039467448,original_clusters
REACTOME_CLASS_A_1_RHODOPSIN_LIKE_RECEPTORS,Macrophages,0.8624493485005541,original_clusters
REACTOME_COMMON_PATHWAY_OF_FIBRIN_CLOT_FORMATION,Macrophages,0.12218521728431948,original_clusters
REACTOME_COMPLEMENT_CASCADE,Macrophages,0.8602901107409932,original_clusters
REACTOME_COPII_MEDIATED_VESICLE_TRANSPORT,Macrophages,0.12559093039467448,original_clusters
REACTOME_ER_TO_GOLGI_ANTEROGRADE_TRANSPORT,Macrophages,0.12559093039467448,original_clusters
REACTOME_EXTRINSIC_PATHWAY_OF_FIBRIN_CLOT_FORMATION,Macrophages,0.1141554643493816,original_clusters
REACTOME_FORMATION_OF_FIBRIN_CLOT_CLOTTING_CASCADE,Macrophages,0.12240681562896116,original_clusters
REACTOME_GAMMA_CARBOXYLATION_HYPUSINYLATION_HYDROXYLATION_AND_ARYLSULFATASE_ACTIVATION,Macrophages,0.1141088599690613,original_clusters
REACTOME_GAMMA_CARBOXYLATION_OF_PROTEIN_PRECURSORS,Macrophages,0.11420991376148908,original_clusters
REACTOME_GAMMA_CARBOXYLATION_TRANSPORT_AND_AMINO_TERMINAL_CLEAVAGE_OF_PROTEINS,Macrophages,0.11420991376148908,original_clusters
REACTOME_GPCR_LIGAND_BINDING,Macrophages,0.8624493485005541,original_clusters
REACTOME_G_ALPHA_I_SIGNALLING_EVENTS,Macrophages,0.8624493485005541,original_clusters
REACTOME_HEMOSTASIS,Macrophages,0.12240681562896116,original_clusters
REACTOME_IMMUNE_SYSTEM,Macrophages,0.8602901107409932,original_clusters
REACTOME_IMMUNOREGULATORY_INTERACTIONS_BETWEEN_A_LYMPHOID_AND_A_NON_LYMPHOID_CELL,Macrophages,0.8624493485005541,original_clusters
REACTOME_INITIAL_TRIGGERING_OF_COMPLEMENT,Macrophages,0.86433189004003,original_clusters
REACTOME_INNATE_IMMUNE_SYSTEM,Macrophages,0.8602901107409932,original_clusters
REACTOME_INTRINSIC_PATHWAY_OF_FIBRIN_CLOT_FORMATION,Macrophages,0.12031037796105809,original_clusters
REACTOME_MEMBRANE_TRAFFICKING,Macrophages,0.12559093039467448,original_clusters
REACTOME_METABOLISM_OF_PROTEINS,Macrophages,0.26920480499025723,original_clusters
REACTOME_NEUTROPHIL_DEGRANULATION,Macrophages,0.8624493485005541,original_clusters
REACTOME_PEPTIDE_LIGAND_BINDING_RECEPTORS,Macrophages,0.8624493485005541,original_clusters
REACTOME_PLATELET_ACTIVATION_SIGNALING_AND_AGGREGATION,Macrophages,0.12559093039467448,original_clusters
REACTOME_POST_TRANSLATIONAL_PROTEIN_MODIFICATION,Macrophages,0.26920480499025723,original_clusters
REACTOME_REGULATION_OF_INSULIN_LIKE_GROWTH_FACTOR_IGF_TRANSPORT_AND_UPTAKE_BY_INSULIN_LIKE_GROWTH_FACTOR_BINDING_PROTEINS_IGFBPS,Macrophages,0.500051799104732,original_clusters
REACTOME_RESPONSE_TO_ELEVATED_PLATELET_CYTOSOLIC_CA2,Macrophages,0.12559093039467448,original_clusters
REACTOME_SIGNALING_BY_GPCR,Macrophages,0.8624493485005541,original_clusters
REACTOME_TERMINAL_PATHWAY_OF_COMPLEMENT,Macrophages,0.8572480061220292,original_clusters
REACTOME_TRANSPORT_OF_GAMMA_CARBOXYLATED_PROTEIN_PRECURSORS_FROM_THE_ENDOPLASMIC_RETICULUM_TO_THE_GOLGI_APPARATUS,Macrophages,0.11420991376148908,original_clusters
REACTOME_TRANSPORT_TO_THE_GOLGI_AND_SUBSEQUENT_MODIFICATION,Macrophages,0.12559093039467448,original_clusters
REACTOME_VESICLE_MEDIATED_TRANSPORT,Macrophages,0.12559093039467448,original_clusters
REACTOME_ACTIVATION_OF_C3_AND_C5,Cytotoxic_IFN_signaling,0.8760359319760308,original_clusters
REACTOME_ADAPTIVE_IMMUNE_SYSTEM,Cytotoxic_IFN_signaling,0.8885100645551456,original_clusters
REACTOME_ALTERNATIVE_COMPLEMENT_ACTIVATION,Cytotoxic_IFN_signaling,0.8885100645551456,original_clusters
REACTOME_ASPARAGINE_N_LINKED_GLYCOSYLATION,Cytotoxic_IFN_signaling,0.11339801490106917,original_clusters
REACTOME_CARGO_CONCENTRATION_IN_THE_ER,Cytotoxic_IFN_signaling,0.11339801490106917,original_clusters
REACTOME_CLASS_A_1_RHODOPSIN_LIKE_RECEPTORS,Cytotoxic_IFN_signaling,0.8885100645551456,original_clusters
REACTOME_COMMON_PATHWAY_OF_FIBRIN_CLOT_FORMATION,Cytotoxic_IFN_signaling,0.11364730815432404,original_clusters
REACTOME_COMPLEMENT_CASCADE,Cytotoxic_IFN_signaling,0.8648301856279,original_clusters
REACTOME_COPII_MEDIATED_VESICLE_TRANSPORT,Cytotoxic_IFN_signaling,0.11339801490106917,original_clusters
REACTOME_ER_TO_GOLGI_ANTEROGRADE_TRANSPORT,Cytotoxic_IFN_signaling,0.11339801490106917,original_clusters
REACTOME_EXTRINSIC_PATHWAY_OF_FIBRIN_CLOT_FORMATION,Cytotoxic_IFN_signaling,0.12967715107658634,original_clusters
REACTOME_FORMATION_OF_FIBRIN_CLOT_CLOTTING_CASCADE,Cytotoxic_IFN_signaling,0.13015377680878587,original_clusters
REACTOME_GAMMA_CARBOXYLATION_HYPUSINYLATION_HYDROXYLATION_AND_ARYLSULFATASE_ACTIVATION,Cytotoxic_IFN_signaling,0.11357655933600641,original_clusters
REACTOME_GAMMA_CARBOXYLATION_OF_PROTEIN_PRECURSORS,Cytotoxic_IFN_signaling,0.11367763152104782,original_clusters
REACTOME_GAMMA_CARBOXYLATION_TRANSPORT_AND_AMINO_TERMINAL_CLEAVAGE_OF_PROTEINS,Cytotoxic_IFN_signaling,0.11367763152104782,original_clusters
REACTOME_GPCR_LIGAND_BINDING,Cytotoxic_IFN_signaling,0.8885100645551456,original_clusters
REACTOME_G_ALPHA_I_SIGNALLING_EVENTS,Cytotoxic_IFN_signaling,0.8885100645551456,original_clusters
REACTOME_HEMOSTASIS,Cytotoxic_IFN_signaling,0.13015377680878587,original_clusters
REACTOME_IMMUNE_SYSTEM,Cytotoxic_IFN_signaling,0.8648301856279,original_clusters
REACTOME_IMMUNOREGULATORY_INTERACTIONS_BETWEEN_A_LYMPHOID_AND_A_NON_LYMPHOID_CELL,Cytotoxic_IFN_signaling,0.8885100645551456,original_clusters
REACTOME_INITIAL_TRIGGERING_OF_COMPLEMENT,Cytotoxic_IFN_signaling,0.8760359319760308,original_clusters
REACTOME_INNATE_IMMUNE_SYSTEM,Cytotoxic_IFN_signaling,0.8648301856279,original_clusters
REACTOME_INTRINSIC_PATHWAY_OF_FIBRIN_CLOT_FORMATION,Cytotoxic_IFN_signaling,0.1258787185235968,original_clusters
REACTOME_MEMBRANE_TRAFFICKING,Cytotoxic_IFN_signaling,0.11339801490106917,original_clusters
REACTOME_METABOLISM_OF_PROTEINS,Cytotoxic_IFN_signaling,0.27363095032926976,original_clusters
REACTOME_NEUTROPHIL_DEGRANULATION,Cytotoxic_IFN_signaling,0.8885100645551456,original_clusters
REACTOME_PEPTIDE_LIGAND_BINDING_RECEPTORS,Cytotoxic_IFN_signaling,0.8885100645551456,original_clusters
REACTOME_PLATELET_ACTIVATION_SIGNALING_AND_AGGREGATION,Cytotoxic_IFN_signaling,0.11339801490106917,original_clusters
REACTOME_POST_TRANSLATIONAL_PROTEIN_MODIFICATION,Cytotoxic_IFN_signaling,0.27363095032926976,original_clusters
REACTOME_REGULATION_OF_INSULIN_LIKE_GROWTH_FACTOR_IGF_TRANSPORT_AND_UPTAKE_BY_INSULIN_LIKE_GROWTH_FACTOR_BINDING_PROTEINS_IGFBPS,Cytotoxic_IFN_signaling,0.508488235469613,original_clusters
REACTOME_RESPONSE_TO_ELEVATED_PLATELET_CYTOSOLIC_CA2,Cytotoxic_IFN_signaling,0.11339801490106917,original_clusters
REACTOME_SIGNALING_BY_GPCR,Cytotoxic_IFN_signaling,0.8885100645551456,original_clusters
REACTOME_TERMINAL_PATHWAY_OF_COMPLEMENT,Cytotoxic_IFN_signaling,0.8565248247210464,original_clusters
REACTOME_TRANSPORT_OF_GAMMA_CARBOXYLATED_PROTEIN_PRECURSORS_FROM_THE_ENDOPLASMIC_RETICULUM_TO_THE_GOLGI_APPARATUS,Cytotoxic_IFN_signaling,0.11367763152104782,original_clusters
REACTOME_TRANSPORT_TO_THE_GOLGI_AND_SUBSEQUENT_MODIFICATION,Cytotoxic_IFN_signaling,0.11339801490106917,original_clusters
REACTOME_VESICLE_MEDIATED_TRANSPORT,Cytotoxic_IFN_signaling,0.11339801490106917,original_clusters
REACTOME_ACTIVATION_OF_C3_AND_C5,Cortex_CCL21,0.8633096755185217,original_clusters
REACTOME_ADAPTIVE_IMMUNE_SYSTEM,Cortex_CCL21,0.8617609327850781,original_clusters
REACTOME_ALTERNATIVE_COMPLEMENT_ACTIVATION,Cortex_CCL21,0.8617609327850781,original_clusters
REACTOME_ASPARAGINE_N_LINKED_GLYCOSYLATION,Cortex_CCL21,0.11662123554171525,original_clusters
REACTOME_CARGO_CONCENTRATION_IN_THE_ER,Cortex_CCL21,0.11662123554171525,original_clusters
REACTOME_CLASS_A_1_RHODOPSIN_LIKE_RECEPTORS,Cortex_CCL21,0.8617609327850781,original_clusters
REACTOME_COMMON_PATHWAY_OF_FIBRIN_CLOT_FORMATION,Cortex_CCL21,0.11687149893344287,original_clusters
REACTOME_COMPLEMENT_CASCADE,Cortex_CCL21,0.8599122655496368,original_clusters
REACTOME_COPII_MEDIATED_VESICLE_TRANSPORT,Cortex_CCL21,0.11662123554171525,original_clusters
REACTOME_ER_TO_GOLGI_ANTEROGRADE_TRANSPORT,Cortex_CCL21,0.11662123554171525,original_clusters
REACTOME_EXTRINSIC_PATHWAY_OF_FIBRIN_CLOT_FORMATION,Cortex_CCL21,0.1168479159940038,original_clusters
REACTOME_FORMATION_OF_FIBRIN_CLOT_CLOTTING_CASCADE,Cortex_CCL21,0.11683644464177693,original_clusters
REACTOME_GAMMA_CARBOXYLATION_HYPUSINYLATION_HYDROXYLATION_AND_ARYLSULFATASE_ACTIVATION,Cortex_CCL21,0.11680075011512542,original_clusters
REACTOME_GAMMA_CARBOXYLATION_OF_PROTEIN_PRECURSORS,Cortex_CCL21,0.11690214026093537,original_clusters
REACTOME_GAMMA_CARBOXYLATION_TRANSPORT_AND_AMINO_TERMINAL_CLEAVAGE_OF_PROTEINS,Cortex_CCL21,0.11690214026093537,original_clusters
REACTOME_GPCR_LIGAND_BINDING,Cortex_CCL21,0.8617609327850781,original_clusters
REACTOME_G_ALPHA_I_SIGNALLING_EVENTS,Cortex_CCL21,0.8617609327850781,original_clusters
REACTOME_HEMOSTASIS,Cortex_CCL21,0.11683644464177693,original_clusters
REACTOME_IMMUNE_SYSTEM,Cortex_CCL21,0.8599122655496368,original_clusters
REACTOME_IMMUNOREGULATORY_INTERACTIONS_BETWEEN_A_LYMPHOID_AND_A_NON_LYMPHOID_CELL,Cortex_CCL21,0.8617609327850781,original_clusters
REACTOME_INITIAL_TRIGGERING_OF_COMPLEMENT,Cortex_CCL21,0.8633096755185217,original_clusters
REACTOME_INNATE_IMMUNE_SYSTEM,Cortex_CCL21,0.8599122655496368,original_clusters
REACTOME_INTRINSIC_PATHWAY_OF_FIBRIN_CLOT_FORMATION,Cortex_CCL21,0.11689253165593852,original_clusters
REACTOME_MEMBRANE_TRAFFICKING,Cortex_CCL21,0.11662123554171525,original_clusters
REACTOME_METABOLISM_OF_PROTEINS,Cortex_CCL21,0.26579504426618805,original_clusters
REACTOME_NEUTROPHIL_DEGRANULATION,Cortex_CCL21,0.8617609327850781,original_clusters
REACTOME_PEPTIDE_LIGAND_BINDING_RECEPTORS,Cortex_CCL21,0.8617609327850781,original_clusters
REACTOME_PLATELET_ACTIVATION_SIGNALING_AND_AGGREGATION,Cortex_CCL21,0.11662123554171525,original_clusters
REACTOME_POST_TRANSLATIONAL_PROTEIN_MODIFICATION,Cortex_CCL21,0.26579504426618805,original_clusters
REACTOME_REGULATION_OF_INSULIN_LIKE_GROWTH_FACTOR_IGF_TRANSPORT_AND_UPTAKE_BY_INSULIN_LIKE_GROWTH_FACTOR_BINDING_PROTEINS_IGFBPS,Cortex_CCL21,0.4892236589938075,original_clusters
REACTOME_RESPONSE_TO_ELEVATED_PLATELET_CYTOSOLIC_CA2,Cortex_CCL21,0.11662123554171525,original_clusters
REACTOME_SIGNALING_BY_GPCR,Cortex_CCL21,0.8617609327850781,original_clusters
REACTOME_TERMINAL_PATHWAY_OF_COMPLEMENT,Cortex_CCL21,0.8575283928128763,original_clusters
REACTOME_TRANSPORT_OF_GAMMA_CARBOXYLATED_PROTEIN_PRECURSORS_FROM_THE_ENDOPLASMIC_RETICULUM_TO_THE_GOLGI_APPARATUS,Cortex_CCL21,0.11690214026093537,original_clusters
REACTOME_TRANSPORT_TO_THE_GOLGI_AND_SUBSEQUENT_MODIFICATION,Cortex_CCL21,0.11662123554171525,original_clusters
REACTOME_VESICLE_MEDIATED_TRANSPORT,Cortex_CCL21,0.11662123554171525,original_clusters
REACTOME_ACTIVATION_OF_C3_AND_C5,M1_macrophages,0.870548705559012,scGPT fine tuning
REACTOME_ADAPTIVE_IMMUNE_SYSTEM,M1_macrophages,0.8769609471243714,scGPT fine tuning
REACTOME_ALTERNATIVE_COMPLEMENT_ACTIVATION,M1_macrophages,0.8769609471243714,scGPT fine tuning
REACTOME_ASPARAGINE_N_LINKED_GLYCOSYLATION,M1_macrophages,0.11813091645090787,scGPT fine tuning
REACTOME_CARGO_CONCENTRATION_IN_THE_ER,M1_macrophages,0.11813091645090787,scGPT fine tuning
REACTOME_CLASS_A_1_RHODOPSIN_LIKE_RECEPTORS,M1_macrophages,0.8769609471243714,scGPT fine tuning
REACTOME_COMMON_PATHWAY_OF_FIBRIN_CLOT_FORMATION,M1_macrophages,0.11700308916746235,scGPT fine tuning
REACTOME_COMPLEMENT_CASCADE,M1_macrophages,0.8624483324310455,scGPT fine tuning
REACTOME_COPII_MEDIATED_VESICLE_TRANSPORT,M1_macrophages,0.11813091645090787,scGPT fine tuning
REACTOME_ER_TO_GOLGI_ANTEROGRADE_TRANSPORT,M1_macrophages,0.11813091645090787,scGPT fine tuning
REACTOME_EXTRINSIC_PATHWAY_OF_FIBRIN_CLOT_FORMATION,M1_macrophages,0.11535133041928686,scGPT fine tuning
REACTOME_FORMATION_OF_FIBRIN_CLOT_CLOTTING_CASCADE,M1_macrophages,0.1167484001978292,scGPT fine tuning
REACTOME_GAMMA_CARBOXYLATION_HYPUSINYLATION_HYDROXYLATION_AND_ARYLSULFATASE_ACTIVATION,M1_macrophages,0.11506343895883725,scGPT fine tuning
REACTOME_GAMMA_CARBOXYLATION_OF_PROTEIN_PRECURSORS,M1_macrophages,0.113494074659186,scGPT fine tuning
REACTOME_GAMMA_CARBOXYLATION_TRANSPORT_AND_AMINO_TERMINAL_CLEAVAGE_OF_PROTEINS,M1_macrophages,0.113494074659186,scGPT fine tuning
REACTOME_GPCR_LIGAND_BINDING,M1_macrophages,0.8769609471243714,scGPT fine tuning
REACTOME_G_ALPHA_I_SIGNALLING_EVENTS,M1_macrophages,0.8769609471243714,scGPT fine tuning
REACTOME_HEMOSTASIS,M1_macrophages,0.1167484001978292,scGPT fine tuning
REACTOME_IMMUNE_SYSTEM,M1_macrophages,0.8624483324310455,scGPT fine tuning
REACTOME_IMMUNOREGULATORY_INTERACTIONS_BETWEEN_A_LYMPHOID_AND_A_NON_LYMPHOID_CELL,M1_macrophages,0.8769609471243714,scGPT fine tuning
REACTOME_INITIAL_TRIGGERING_OF_COMPLEMENT,M1_macrophages,0.870548705559012,scGPT fine tuning
REACTOME_INNATE_IMMUNE_SYSTEM,M1_macrophages,0.8624483324310455,scGPT fine tuning
REACTOME_INTRINSIC_PATHWAY_OF_FIBRIN_CLOT_FORMATION,M1_macrophages,0.11561496764957188,scGPT fine tuning
REACTOME_MEMBRANE_TRAFFICKING,M1_macrophages,0.11813091645090787,scGPT fine tuning
REACTOME_METABOLISM_OF_PROTEINS,M1_macrophages,0.2714137225099646,scGPT fine tuning
REACTOME_NEUTROPHIL_DEGRANULATION,M1_macrophages,0.8769609471243714,scGPT fine tuning
REACTOME_PEPTIDE_LIGAND_BINDING_RECEPTORS,M1_macrophages,0.8769609471243714,scGPT fine tuning
REACTOME_PLATELET_ACTIVATION_SIGNALING_AND_AGGREGATION,M1_macrophages,0.11813091645090787,scGPT fine tuning
REACTOME_POST_TRANSLATIONAL_PROTEIN_MODIFICATION,M1_macrophages,0.2714137225099646,scGPT fine tuning
REACTOME_REGULATION_OF_INSULIN_LIKE_GROWTH_FACTOR_IGF_TRANSPORT_AND_UPTAKE_BY_INSULIN_LIKE_GROWTH_FACTOR_BINDING_PROTEINS_IGFBPS,M1_macrophages,0.5023055470980062,scGPT fine tuning
REACTOME_RESPONSE_TO_ELEVATED_PLATELET_CYTOSOLIC_CA2,M1_macrophages,0.11813091645090787,scGPT fine tuning
REACTOME_SIGNALING_BY_GPCR,M1_macrophages,0.8769609471243714,scGPT fine tuning
REACTOME_TERMINAL_PATHWAY_OF_COMPLEMENT,M1_macrophages,0.8564163259852414,scGPT fine tuning
REACTOME_TRANSPORT_OF_GAMMA_CARBOXYLATED_PROTEIN_PRECURSORS_FROM_THE_ENDOPLASMIC_RETICULUM_TO_THE_GOLGI_APPARATUS,M1_macrophages,0.113494074659186,scGPT fine tuning
REACTOME_TRANSPORT_TO_THE_GOLGI_AND_SUBSEQUENT_MODIFICATION,M1_macrophages,0.11813091645090787,scGPT fine tuning
REACTOME_VESICLE_MEDIATED_TRANSPORT,M1_macrophages,0.11813091645090787,scGPT fine tuning
REACTOME_ACTIVATION_OF_C3_AND_C5,CAF,0.8625019262125739,scGPT fine tuning
REACTOME_ADAPTIVE_IMMUNE_SYSTEM,CAF,0.864956311229808,scGPT fine tuning
REACTOME_ALTERNATIVE_COMPLEMENT_ACTIVATION,CAF,0.864956311229808,scGPT fine tuning
REACTOME_ASPARAGINE_N_LINKED_GLYCOSYLATION,CAF,0.11472720155912178,scGPT fine tuning
REACTOME_CARGO_CONCENTRATION_IN_THE_ER,CAF,0.11472720155912178,scGPT fine tuning
REACTOME_CLASS_A_1_RHODOPSIN_LIKE_RECEPTORS,CAF,0.864956311229808,scGPT fine tuning
REACTOME_COMMON_PATHWAY_OF_FIBRIN_CLOT_FORMATION,CAF,0.11393039995016876,scGPT fine tuning
REACTOME_COMPLEMENT_CASCADE,CAF,0.8555261524957545,scGPT fine tuning
REACTOME_COPII_MEDIATED_VESICLE_TRANSPORT,CAF,0.11472720155912178,scGPT fine tuning
REACTOME_ER_TO_GOLGI_ANTEROGRADE_TRANSPORT,CAF,0.11472720155912178,scGPT fine tuning
REACTOME_EXTRINSIC_PATHWAY_OF_FIBRIN_CLOT_FORMATION,CAF,0.11551879678636649,scGPT fine tuning
REACTOME_FORMATION_OF_FIBRIN_CLOT_CLOTTING_CASCADE,CAF,0.11668931953973292,scGPT fine tuning
REACTOME_GAMMA_CARBOXYLATION_HYPUSINYLATION_HYDROXYLATION_AND_ARYLSULFATASE_ACTIVATION,CAF,0.11250861919597571,scGPT fine tuning
REACTOME_GAMMA_CARBOXYLATION_OF_PROTEIN_PRECURSORS,CAF,0.1102714911873271,scGPT fine tuning
REACTOME_GAMMA_CARBOXYLATION_TRANSPORT_AND_AMINO_TERMINAL_CLEAVAGE_OF_PROTEINS,CAF,0.1102714911873271,scGPT fine tuning
REACTOME_GPCR_LIGAND_BINDING,CAF,0.864956311229808,scGPT fine tuning
REACTOME_G_ALPHA_I_SIGNALLING_EVENTS,CAF,0.864956311229808,scGPT fine tuning
REACTOME_HEMOSTASIS,CAF,0.11668931953973292,scGPT fine tuning
REACTOME_IMMUNE_SYSTEM,CAF,0.8555261524957545,scGPT fine tuning
REACTOME_IMMUNOREGULATORY_INTERACTIONS_BETWEEN_A_LYMPHOID_AND_A_NON_LYMPHOID_CELL,CAF,0.864956311229808,scGPT fine tuning
REACTOME_INITIAL_TRIGGERING_OF_COMPLEMENT,CAF,0.8625019262125739,scGPT fine tuning
REACTOME_INNATE_IMMUNE_SYSTEM,CAF,0.8555261524957545,scGPT fine tuning
REACTOME_INTRINSIC_PATHWAY_OF_FIBRIN_CLOT_FORMATION,CAF,0.11505348016460316,scGPT fine tuning
REACTOME_MEMBRANE_TRAFFICKING,CAF,0.11472720155912178,scGPT fine tuning
REACTOME_METABOLISM_OF_PROTEINS,CAF,0.26521855826831814,scGPT fine tuning
REACTOME_NEUTROPHIL_DEGRANULATION,CAF,0.864956311229808,scGPT fine tuning
REACTOME_PEPTIDE_LIGAND_BINDING_RECEPTORS,CAF,0.864956311229808,scGPT fine tuning
REACTOME_PLATELET_ACTIVATION_SIGNALING_AND_AGGREGATION,CAF,0.11472720155912178,scGPT fine tuning
REACTOME_POST_TRANSLATIONAL_PROTEIN_MODIFICATION,CAF,0.26521855826831814,scGPT fine tuning
REACTOME_REGULATION_OF_INSULIN_LIKE_GROWTH_FACTOR_IGF_TRANSPORT_AND_UPTAKE_BY_INSULIN_LIKE_GROWTH_FACTOR_BINDING_PROTEINS_IGFBPS,CAF,0.49188906587913117,scGPT fine tuning
REACTOME_RESPONSE_TO_ELEVATED_PLATELET_CYTOSOLIC_CA2,CAF,0.11472720155912178,scGPT fine tuning
REACTOME_SIGNALING_BY_GPCR,CAF,0.864956311229808,scGPT fine tuning
REACTOME_TERMINAL_PATHWAY_OF_COMPLEMENT,CAF,0.8503491954666224,scGPT fine tuning
REACTOME_TRANSPORT_OF_GAMMA_CARBOXYLATED_PROTEIN_PRECURSORS_FROM_THE_ENDOPLASMIC_RETICULUM_TO_THE_GOLGI_APPARATUS,CAF,0.1102714911873271,scGPT fine tuning
REACTOME_TRANSPORT_TO_THE_GOLGI_AND_SUBSEQUENT_MODIFICATION,CAF,0.11472720155912178,scGPT fine tuning
REACTOME_VESICLE_MEDIATED_TRANSPORT,CAF,0.11472720155912178,scGPT fine tuning
REACTOME_ACTIVATION_OF_C3_AND_C5,Plasma_IgG,0.8672282676057338,scGPT fine tuning
REACTOME_ADAPTIVE_IMMUNE_SYSTEM,Plasma_IgG,0.8698514170256241,scGPT fine tuning
REACTOME_ALTERNATIVE_COMPLEMENT_ACTIVATION,Plasma_IgG,0.8698514170256241,scGPT fine tuning
REACTOME_ASPARAGINE_N_LINKED_GLYCOSYLATION,Plasma_IgG,0.11912196437854057,scGPT fine tuning
REACTOME_CARGO_CONCENTRATION_IN_THE_ER,Plasma_IgG,0.11912196437854057,scGPT fine tuning
REACTOME_CLASS_A_1_RHODOPSIN_LIKE_RECEPTORS,Plasma_IgG,0.8698514170256241,scGPT fine tuning
REACTOME_COMMON_PATHWAY_OF_FIBRIN_CLOT_FORMATION,Plasma_IgG,0.11785034733826286,scGPT fine tuning
REACTOME_COMPLEMENT_CASCADE,Plasma_IgG,0.8610109645778566,scGPT fine tuning
REACTOME_COPII_MEDIATED_VESICLE_TRANSPORT,Plasma_IgG,0.11912196437854057,scGPT fine tuning
REACTOME_ER_TO_GOLGI_ANTEROGRADE_TRANSPORT,Plasma_IgG,0.11912196437854057,scGPT fine tuning
REACTOME_EXTRINSIC_PATHWAY_OF_FIBRIN_CLOT_FORMATION,Plasma_IgG,0.11566661944592063,scGPT fine tuning
REACTOME_FORMATION_OF_FIBRIN_CLOT_CLOTTING_CASCADE,Plasma_IgG,0.11739689080702655,scGPT fine tuning
REACTOME_GAMMA_CARBOXYLATION_HYPUSINYLATION_HYDROXYLATION_AND_ARYLSULFATASE_ACTIVATION,Plasma_IgG,0.11615716265288518,scGPT fine tuning
REACTOME_GAMMA_CARBOXYLATION_OF_PROTEIN_PRECURSORS,Plasma_IgG,0.11379507089421403,scGPT fine tuning
REACTOME_GAMMA_CARBOXYLATION_TRANSPORT_AND_AMINO_TERMINAL_CLEAVAGE_OF_PROTEINS,Plasma_IgG,0.11379507089421403,scGPT fine tuning
REACTOME_GPCR_LIGAND_BINDING,Plasma_IgG,0.8698514170256241,scGPT fine tuning
REACTOME_G_ALPHA_I_SIGNALLING_EVENTS,Plasma_IgG,0.8698514170256241,scGPT fine tuning
REACTOME_HEMOSTASIS,Plasma_IgG,0.11739689080702655,scGPT fine tuning
REACTOME_IMMUNE_SYSTEM,Plasma_IgG,0.8610109645778566,scGPT fine tuning
REACTOME_IMMUNOREGULATORY_INTERACTIONS_BETWEEN_A_LYMPHOID_AND_A_NON_LYMPHOID_CELL,Plasma_IgG,0.8698514170256241,scGPT fine tuning
REACTOME_INITIAL_TRIGGERING_OF_COMPLEMENT,Plasma_IgG,0.8672282676057338,scGPT fine tuning
REACTOME_INNATE_IMMUNE_SYSTEM,Plasma_IgG,0.8610109645778566,scGPT fine tuning
REACTOME_INTRINSIC_PATHWAY_OF_FIBRIN_CLOT_FORMATION,Plasma_IgG,0.11664994974080363,scGPT fine tuning
REACTOME_MEMBRANE_TRAFFICKING,Plasma_IgG,0.11912196437854057,scGPT fine tuning
REACTOME_METABOLISM_OF_PROTEINS,Plasma_IgG,0.26933989229900845,scGPT fine tuning
REACTOME_NEUTROPHIL_DEGRANULATION,Plasma_IgG,0.8698514170256241,scGPT fine tuning
REACTOME_PEPTIDE_LIGAND_BINDING_RECEPTORS,Plasma_IgG,0.8698514170256241,scGPT fine tuning
REACTOME_PLATELET_ACTIVATION_SIGNALING_AND_AGGREGATION,Plasma_IgG,0.11912196437854057,scGPT fine tuning
REACTOME_POST_TRANSLATIONAL_PROTEIN_MODIFICATION,Plasma_IgG,0.26933989229900845,scGPT fine tuning
REACTOME_REGULATION_OF_INSULIN_LIKE_GROWTH_FACTOR_IGF_TRANSPORT_AND_UPTAKE_BY_INSULIN_LIKE_GROWTH_FACTOR_BINDING_PROTEINS_IGFBPS,Plasma_IgG,0.4967093301583464,scGPT fine tuning
REACTOME_RESPONSE_TO_ELEVATED_PLATELET_CYTOSOLIC_CA2,Plasma_IgG,0.11912196437854057,scGPT fine tuning
REACTOME_SIGNALING_BY_GPCR,Plasma_IgG,0.8698514170256241,scGPT fine tuning
REACTOME_TERMINAL_PATHWAY_OF_COMPLEMENT,Plasma_IgG,0.8563586917712163,scGPT fine tuning
REACTOME_TRANSPORT_OF_GAMMA_CARBOXYLATED_PROTEIN_PRECURSORS_FROM_THE_ENDOPLASMIC_RETICULUM_TO_THE_GOLGI_APPARATUS,Plasma_IgG,0.11379507089421403,scGPT fine tuning
REACTOME_TRANSPORT_TO_THE_GOLGI_AND_SUBSEQUENT_MODIFICATION,Plasma_IgG,0.11912196437854057,scGPT fine tuning
REACTOME_VESICLE_MEDIATED_TRANSPORT,Plasma_IgG,0.11912196437854057,scGPT fine tuning
REACTOME_ACTIVATION_OF_C3_AND_C5,Tumor,0.8505870249545122,scGPT fine tuning
REACTOME_ADAPTIVE_IMMUNE_SYSTEM,Tumor,0.8491647244097534,scGPT fine tuning
REACTOME_ALTERNATIVE_COMPLEMENT_ACTIVATION,Tumor,0.8491647244097534,scGPT fine tuning
REACTOME_ASPARAGINE_N_LINKED_GLYCOSYLATION,Tumor,0.11010628603672855,scGPT fine tuning
REACTOME_CARGO_CONCENTRATION_IN_THE_ER,Tumor,0.11010628603672855,scGPT fine tuning
REACTOME_CLASS_A_1_RHODOPSIN_LIKE_RECEPTORS,Tumor,0.8491647244097534,scGPT fine tuning
REACTOME_COMMON_PATHWAY_OF_FIBRIN_CLOT_FORMATION,Tumor,0.10887496498079598,scGPT fine tuning
REACTOME_COMPLEMENT_CASCADE,Tumor,0.846316745339173,scGPT fine tuning
REACTOME_COPII_MEDIATED_VESICLE_TRANSPORT,Tumor,0.11010628603672855,scGPT fine tuning
REACTOME_ER_TO_GOLGI_ANTEROGRADE_TRANSPORT,Tumor,0.11010628603672855,scGPT fine tuning
REACTOME_EXTRINSIC_PATHWAY_OF_FIBRIN_CLOT_FORMATION,Tumor,0.11182496162481949,scGPT fine tuning
REACTOME_FORMATION_OF_FIBRIN_CLOT_CLOTTING_CASCADE,Tumor,0.11416204803767926,scGPT fine tuning
REACTOME_GAMMA_CARBOXYLATION_HYPUSINYLATION_HYDROXYLATION_AND_ARYLSULFATASE_ACTIVATION,Tumor,0.1081867847549294,scGPT fine tuning
REACTOME_GAMMA_CARBOXYLATION_OF_PROTEIN_PRECURSORS,Tumor,0.10542805925610295,scGPT fine tuning
REACTOME_GAMMA_CARBOXYLATION_TRANSPORT_AND_AMINO_TERMINAL_CLEAVAGE_OF_PROTEINS,Tumor,0.10542805925610295,scGPT fine tuning
REACTOME_GPCR_LIGAND_BINDING,Tumor,0.8491647244097534,scGPT fine tuning
REACTOME_G_ALPHA_I_SIGNALLING_EVENTS,Tumor,0.8491647244097534,scGPT fine tuning
REACTOME_HEMOSTASIS,Tumor,0.11416204803767926,scGPT fine tuning
REACTOME_IMMUNE_SYSTEM,Tumor,0.846316745339173,scGPT fine tuning
REACTOME_IMMUNOREGULATORY_INTERACTIONS_BETWEEN_A_LYMPHOID_AND_A_NON_LYMPHOID_CELL,Tumor,0.8491647244097534,scGPT fine tuning
REACTOME_INITIAL_TRIGGERING_OF_COMPLEMENT,Tumor,0.8505870249545122,scGPT fine tuning
REACTOME_INNATE_IMMUNE_SYSTEM,Tumor,0.846316745339173,scGPT fine tuning
REACTOME_INTRINSIC_PATHWAY_OF_FIBRIN_CLOT_FORMATION,Tumor,0.11308953582275771,scGPT fine tuning
REACTOME_MEMBRANE_TRAFFICKING,Tumor,0.11010628603672855,scGPT fine tuning
REACTOME_METABOLISM_OF_PROTEINS,Tumor,0.25646349266408847,scGPT fine tuning
REACTOME_NEUTROPHIL_DEGRANULATION,Tumor,0.8491647244097534,scGPT fine tuning
REACTOME_PEPTIDE_LIGAND_BINDING_RECEPTORS,Tumor,0.8491647244097534,scGPT fine tuning
REACTOME_PLATELET_ACTIVATION_SIGNALING_AND_AGGREGATION,Tumor,0.11010628603672855,scGPT fine tuning
REACTOME_POST_TRANSLATIONAL_PROTEIN_MODIFICATION,Tumor,0.25646349266408847,scGPT fine tuning
REACTOME_REGULATION_OF_INSULIN_LIKE_GROWTH_FACTOR_IGF_TRANSPORT_AND_UPTAKE_BY_INSULIN_LIKE_GROWTH_FACTOR_BINDING_PROTEINS_IGFBPS,Tumor,0.47841703585354034,scGPT fine tuning
REACTOME_RESPONSE_TO_ELEVATED_PLATELET_CYTOSOLIC_CA2,Tumor,0.11010628603672855,scGPT fine tuning
REACTOME_SIGNALING_BY_GPCR,Tumor,0.8491647244097534,scGPT fine tuning
REACTOME_TERMINAL_PATHWAY_OF_COMPLEMENT,Tumor,0.8432667953016527,scGPT fine tuning
REACTOME_TRANSPORT_OF_GAMMA_CARBOXYLATED_PROTEIN_PRECURSORS_FROM_THE_ENDOPLASMIC_RETICULUM_TO_THE_GOLGI_APPARATUS,Tumor,0.10542805925610295,scGPT fine tuning
REACTOME_TRANSPORT_TO_THE_GOLGI_AND_SUBSEQUENT_MODIFICATION,Tumor,0.11010628603672855,scGPT fine tuning
REACTOME_VESICLE_MEDIATED_TRANSPORT,Tumor,0.11010628603672855,scGPT fine tuning
REACTOME_ACTIVATION_OF_C3_AND_C5,High_Endothelial_Venules,0.8650077757074082,scGPT fine tuning
REACTOME_ADAPTIVE_IMMUNE_SYSTEM,High_Endothelial_Venules,0.867245383480106,scGPT fine tuning
REACTOME_ALTERNATIVE_COMPLEMENT_ACTIVATION,High_Endothelial_Venules,0.867245383480106,scGPT fine tuning
REACTOME_ASPARAGINE_N_LINKED_GLYCOSYLATION,High_Endothelial_Venules,0.11826051657607575,scGPT fine tuning
REACTOME_CARGO_CONCENTRATION_IN_THE_ER,High_Endothelial_Venules,0.11826051657607575,scGPT fine tuning
REACTOME_CLASS_A_1_RHODOPSIN_LIKE_RECEPTORS,High_Endothelial_Venules,0.867245383480106,scGPT fine tuning
REACTOME_COMMON_PATHWAY_OF_FIBRIN_CLOT_FORMATION,High_Endothelial_Venules,0.1172165413780605,scGPT fine tuning
REACTOME_COMPLEMENT_CASCADE,High_Endothelial_Venules,0.8605142739660696,scGPT fine tuning
REACTOME_COPII_MEDIATED_VESICLE_TRANSPORT,High_Endothelial_Venules,0.11826051657607575,scGPT fine tuning
REACTOME_ER_TO_GOLGI_ANTEROGRADE_TRANSPORT,High_Endothelial_Venules,0.11826051657607575,scGPT fine tuning
REACTOME_EXTRINSIC_PATHWAY_OF_FIBRIN_CLOT_FORMATION,High_Endothelial_Venules,0.11456212844426321,scGPT fine tuning
REACTOME_FORMATION_OF_FIBRIN_CLOT_CLOTTING_CASCADE,High_Endothelial_Venules,0.11605533220303005,scGPT fine tuning
REACTOME_GAMMA_CARBOXYLATION_HYPUSINYLATION_HYDROXYLATION_AND_ARYLSULFATASE_ACTIVATION,High_Endothelial_Venules,0.11539449517875006,scGPT fine tuning
REACTOME_GAMMA_CARBOXYLATION_OF_PROTEIN_PRECURSORS,High_Endothelial_Venules,0.11371680454312486,scGPT fine tuning
REACTOME_GAMMA_CARBOXYLATION_TRANSPORT_AND_AMINO_TERMINAL_CLEAVAGE_OF_PROTEINS,High_Endothelial_Venules,0.11371680454312486,scGPT fine tuning
REACTOME_GPCR_LIGAND_BINDING,High_Endothelial_Venules,0.867245383480106,scGPT fine tuning
REACTOME_G_ALPHA_I_SIGNALLING_EVENTS,High_Endothelial_Venules,0.867245383480106,scGPT fine tuning
REACTOME_HEMOSTASIS,High_Endothelial_Venules,0.11605533220303005,scGPT fine tuning
REACTOME_IMMUNE_SYSTEM,High_Endothelial_Venules,0.8605142739660696,scGPT fine tuning
REACTOME_IMMUNOREGULATORY_INTERACTIONS_BETWEEN_A_LYMPHOID_AND_A_NON_LYMPHOID_CELL,High_Endothelial_Venules,0.867245383480106,scGPT fine tuning
REACTOME_INITIAL_TRIGGERING_OF_COMPLEMENT,High_Endothelial_Venules,0.8650077757074082,scGPT fine tuning
REACTOME_INNATE_IMMUNE_SYSTEM,High_Endothelial_Venules,0.8605142739660696,scGPT fine tuning
REACTOME_INTRINSIC_PATHWAY_OF_FIBRIN_CLOT_FORMATION,High_Endothelial_Venules,0.11537297792497672,scGPT fine tuning
REACTOME_MEMBRANE_TRAFFICKING,High_Endothelial_Venules,0.11826051657607575,scGPT fine tuning
REACTOME_METABOLISM_OF_PROTEINS,High_Endothelial_Venules,0.2679953810620735,scGPT fine tuning
REACTOME_NEUTROPHIL_DEGRANULATION,High_Endothelial_Venules,0.867245383480106,scGPT fine tuning
REACTOME_PEPTIDE_LIGAND_BINDING_RECEPTORS,High_Endothelial_Venules,0.867245383480106,scGPT fine tuning
REACTOME_PLATELET_ACTIVATION_SIGNALING_AND_AGGREGATION,High_Endothelial_Venules,0.11826051657607575,scGPT fine tuning
REACTOME_POST_TRANSLATIONAL_PROTEIN_MODIFICATION,High_Endothelial_Venules,0.2679953810620735,scGPT fine tuning
REACTOME_REGULATION_OF_INSULIN_LIKE_GROWTH_FACTOR_IGF_TRANSPORT_AND_UPTAKE_BY_INSULIN_LIKE_GROWTH_FACTOR_BINDING_PROTEINS_IGFBPS,High_Endothelial_Venules,0.49491585177801733,scGPT fine tuning
REACTOME_RESPONSE_TO_ELEVATED_PLATELET_CYTOSOLIC_CA2,High_Endothelial_Venules,0.11826051657607575,scGPT fine tuning
REACTOME_SIGNALING_BY_GPCR,High_Endothelial_Venules,0.867245383480106,scGPT fine tuning
REACTOME_TERMINAL_PATHWAY_OF_COMPLEMENT,High_Endothelial_Venules,0.8570826459795607,scGPT fine tuning
REACTOME_TRANSPORT_OF_GAMMA_CARBOXYLATED_PROTEIN_PRECURSORS_FROM_THE_ENDOPLASMIC_RETICULUM_TO_THE_GOLGI_APPARATUS,High_Endothelial_Venules,0.11371680454312486,scGPT fine tuning
REACTOME_TRANSPORT_TO_THE_GOLGI_AND_SUBSEQUENT_MODIFICATION,High_Endothelial_Venules,0.11826051657607575,scGPT fine tuning
REACTOME_VESICLE_MEDIATED_TRANSPORT,High_Endothelial_Venules,0.11826051657607575,scGPT fine tuning
REACTOME_ACTIVATION_OF_C3_AND_C5,Germinal_Center_Plasma_IgM_B_cell,0.8633431496734136,scGPT fine tuning
REACTOME_ADAPTIVE_IMMUNE_SYSTEM,Germinal_Center_Plasma_IgM_B_cell,0.8644555329174106,scGPT fine tuning
REACTOME_ALTERNATIVE_COMPLEMENT_ACTIVATION,Germinal_Center_Plasma_IgM_B_cell,0.8644555329174106,scGPT fine tuning
REACTOME_ASPARAGINE_N_LINKED_GLYCOSYLATION,Germinal_Center_Plasma_IgM_B_cell,0.11978831207339734,scGPT fine tuning
REACTOME_CARGO_CONCENTRATION_IN_THE_ER,Germinal_Center_Plasma_IgM_B_cell,0.11978831207339734,scGPT fine tuning
REACTOME_CLASS_A_1_RHODOPSIN_LIKE_RECEPTORS,Germinal_Center_Plasma_IgM_B_cell,0.8644555329174106,scGPT fine tuning
REACTOME_COMMON_PATHWAY_OF_FIBRIN_CLOT_FORMATION,Germinal_Center_Plasma_IgM_B_cell,0.11833256878782077,scGPT fine tuning
REACTOME_COMPLEMENT_CASCADE,Germinal_Center_Plasma_IgM_B_cell,0.8584361797508191,scGPT fine tuning
REACTOME_COPII_MEDIATED_VESICLE_TRANSPORT,Germinal_Center_Plasma_IgM_B_cell,0.11978831207339734,scGPT fine tuning
REACTOME_ER_TO_GOLGI_ANTEROGRADE_TRANSPORT,Germinal_Center_Plasma_IgM_B_cell,0.11978831207339734,scGPT fine tuning
REACTOME_EXTRINSIC_PATHWAY_OF_FIBRIN_CLOT_FORMATION,Germinal_Center_Plasma_IgM_B_cell,0.11408836983223788,scGPT fine tuning
REACTOME_FORMATION_OF_FIBRIN_CLOT_CLOTTING_CASCADE,Germinal_Center_Plasma_IgM_B_cell,0.11621461666761237,scGPT fine tuning
REACTOME_GAMMA_CARBOXYLATION_HYPUSINYLATION_HYDROXYLATION_AND_ARYLSULFATASE_ACTIVATION,Germinal_Center_Plasma_IgM_B_cell,0.11615314763299357,scGPT fine tuning
REACTOME_GAMMA_CARBOXYLATION_OF_PROTEIN_PRECURSORS,Germinal_Center_Plasma_IgM_B_cell,0.11407678822545489,scGPT fine tuning
REACTOME_GAMMA_CARBOXYLATION_TRANSPORT_AND_AMINO_TERMINAL_CLEAVAGE_OF_PROTEINS,Germinal_Center_Plasma_IgM_B_cell,0.11407678822545489,scGPT fine tuning
REACTOME_GPCR_LIGAND_BINDING,Germinal_Center_Plasma_IgM_B_cell,0.8644555329174106,scGPT fine tuning
REACTOME_G_ALPHA_I_SIGNALLING_EVENTS,Germinal_Center_Plasma_IgM_B_cell,0.8644555329174106,scGPT fine tuning
REACTOME_HEMOSTASIS,Germinal_Center_Plasma_IgM_B_cell,0.11621461666761237,scGPT fine tuning
REACTOME_IMMUNE_SYSTEM,Germinal_Center_Plasma_IgM_B_cell,0.8584361797508191,scGPT fine tuning
REACTOME_IMMUNOREGULATORY_INTERACTIONS_BETWEEN_A_LYMPHOID_AND_A_NON_LYMPHOID_CELL,Germinal_Center_Plasma_IgM_B_cell,0.8644555329174106,scGPT fine tuning
REACTOME_INITIAL_TRIGGERING_OF_COMPLEMENT,Germinal_Center_Plasma_IgM_B_cell,0.8633431496734136,scGPT fine tuning
REACTOME_INNATE_IMMUNE_SYSTEM,Germinal_Center_Plasma_IgM_B_cell,0.8584361797508191,scGPT fine tuning
REACTOME_INTRINSIC_PATHWAY_OF_FIBRIN_CLOT_FORMATION,Germinal_Center_Plasma_IgM_B_cell,0.11577690813572503,scGPT fine tuning
REACTOME_MEMBRANE_TRAFFICKING,Germinal_Center_Plasma_IgM_B_cell,0.11978831207339734,scGPT fine tuning
REACTOME_METABOLISM_OF_PROTEINS,Germinal_Center_Plasma_IgM_B_cell,0.26763850713580356,scGPT fine tuning
REACTOME_NEUTROPHIL_DEGRANULATION,Germinal_Center_Plasma_IgM_B_cell,0.8644555329174106,scGPT fine tuning
REACTOME_PEPTIDE_LIGAND_BINDING_RECEPTORS,Germinal_Center_Plasma_IgM_B_cell,0.8644555329174106,scGPT fine tuning
REACTOME_PLATELET_ACTIVATION_SIGNALING_AND_AGGREGATION,Germinal_Center_Plasma_IgM_B_cell,0.11978831207339734,scGPT fine tuning
REACTOME_POST_TRANSLATIONAL_PROTEIN_MODIFICATION,Germinal_Center_Plasma_IgM_B_cell,0.26763850713580356,scGPT fine tuning
REACTOME_REGULATION_OF_INSULIN_LIKE_GROWTH_FACTOR_IGF_TRANSPORT_AND_UPTAKE_BY_INSULIN_LIKE_GROWTH_FACTOR_BINDING_PROTEINS_IGFBPS,Germinal_Center_Plasma_IgM_B_cell,0.4933979268969699,scGPT fine tuning
REACTOME_RESPONSE_TO_ELEVATED_PLATELET_CYTOSOLIC_CA2,Germinal_Center_Plasma_IgM_B_cell,0.11978831207339734,scGPT fine tuning
REACTOME_SIGNALING_BY_GPCR,Germinal_Center_Plasma_IgM_B_cell,0.8644555329174106,scGPT fine tuning
REACTOME_TERMINAL_PATHWAY_OF_COMPLEMENT,Germinal_Center_Plasma_IgM_B_cell,0.8548643462060338,scGPT fine tuning
REACTOME_TRANSPORT_OF_GAMMA_CARBOXYLATED_PROTEIN_PRECURSORS_FROM_THE_ENDOPLASMIC_RETICULUM_TO_THE_GOLGI_APPARATUS,Germinal_Center_Plasma_IgM_B_cell,0.11407678822545489,scGPT fine tuning
REACTOME_TRANSPORT_TO_THE_GOLGI_AND_SUBSEQUENT_MODIFICATION,Germinal_Center_Plasma_IgM_B_cell,0.11978831207339734,scGPT fine tuning
REACTOME_VESICLE_MEDIATED_TRANSPORT,Germinal_Center_Plasma_IgM_B_cell,0.11978831207339734,scGPT fine tuning
REACTOME_ACTIVATION_OF_C3_AND_C5,T_cell,0.8646689727308489,scGPT fine tuning
REACTOME_ADAPTIVE_IMMUNE_SYSTEM,T_cell,0.8641146711651791,scGPT fine tuning
REACTOME_ALTERNATIVE_COMPLEMENT_ACTIVATION,T_cell,0.8641146711651791,scGPT fine tuning
REACTOME_ASPARAGINE_N_LINKED_GLYCOSYLATION,T_cell,0.12208639794366963,scGPT fine tuning
REACTOME_CARGO_CONCENTRATION_IN_THE_ER,T_cell,0.12208639794366963,scGPT fine tuning
REACTOME_CLASS_A_1_RHODOPSIN_LIKE_RECEPTORS,T_cell,0.8641146711651791,scGPT fine tuning
REACTOME_COMMON_PATHWAY_OF_FIBRIN_CLOT_FORMATION,T_cell,0.12093763863416954,scGPT fine tuning
REACTOME_COMPLEMENT_CASCADE,T_cell,0.8612988205169322,scGPT fine tuning
REACTOME_COPII_MEDIATED_VESICLE_TRANSPORT,T_cell,0.12208639794366963,scGPT fine tuning
REACTOME_ER_TO_GOLGI_ANTEROGRADE_TRANSPORT,T_cell,0.12208639794366963,scGPT fine tuning
REACTOME_EXTRINSIC_PATHWAY_OF_FIBRIN_CLOT_FORMATION,T_cell,0.11656188175622118,scGPT fine tuning
REACTOME_FORMATION_OF_FIBRIN_CLOT_CLOTTING_CASCADE,T_cell,0.1192163068637093,scGPT fine tuning
REACTOME_GAMMA_CARBOXYLATION_HYPUSINYLATION_HYDROXYLATION_AND_ARYLSULFATASE_ACTIVATION,T_cell,0.11687928581778011,scGPT fine tuning
REACTOME_GAMMA_CARBOXYLATION_OF_PROTEIN_PRECURSORS,T_cell,0.1165825616842162,scGPT fine tuning
REACTOME_GAMMA_CARBOXYLATION_TRANSPORT_AND_AMINO_TERMINAL_CLEAVAGE_OF_PROTEINS,T_cell,0.1165825616842162,scGPT fine tuning
REACTOME_GPCR_LIGAND_BINDING,T_cell,0.8641146711651791,scGPT fine tuning
REACTOME_G_ALPHA_I_SIGNALLING_EVENTS,T_cell,0.8641146711651791,scGPT fine tuning
REACTOME_HEMOSTASIS,T_cell,0.1192163068637093,scGPT fine tuning
REACTOME_IMMUNE_SYSTEM,T_cell,0.8612988205169322,scGPT fine tuning
REACTOME_IMMUNOREGULATORY_INTERACTIONS_BETWEEN_A_LYMPHOID_AND_A_NON_LYMPHOID_CELL,T_cell,0.8641146711651791,scGPT fine tuning
REACTOME_INITIAL_TRIGGERING_OF_COMPLEMENT,T_cell,0.8646689727308489,scGPT fine tuning
REACTOME_INNATE_IMMUNE_SYSTEM,T_cell,0.8612988205169322,scGPT fine tuning
REACTOME_INTRINSIC_PATHWAY_OF_FIBRIN_CLOT_FORMATION,T_cell,0.11773790013725262,scGPT fine tuning
REACTOME_MEMBRANE_TRAFFICKING,T_cell,0.12208639794366963,scGPT fine tuning
REACTOME_METABOLISM_OF_PROTEINS,T_cell,0.26909372513292495,scGPT fine tuning
REACTOME_NEUTROPHIL_DEGRANULATION,T_cell,0.8641146711651791,scGPT fine tuning
REACTOME_PEPTIDE_LIGAND_BINDING_RECEPTORS,T_cell,0.8641146711651791,scGPT fine tuning
REACTOME_PLATELET_ACTIVATION_SIGNALING_AND_AGGREGATION,T_cell,0.12208639794366963,scGPT fine tuning
REACTOME_POST_TRANSLATIONAL_PROTEIN_MODIFICATION,T_cell,0.26909372513292495,scGPT fine tuning
REACTOME_REGULATION_OF_INSULIN_LIKE_GROWTH_FACTOR_IGF_TRANSPORT_AND_UPTAKE_BY_INSULIN_LIKE_GROWTH_FACTOR_BINDING_PROTEINS_IGFBPS,T_cell,0.49617309125067105,scGPT fine tuning
REACTOME_RESPONSE_TO_ELEVATED_PLATELET_CYTOSOLIC_CA2,T_cell,0.12208639794366963,scGPT fine tuning
REACTOME_SIGNALING_BY_GPCR,T_cell,0.8641146711651791,scGPT fine tuning
REACTOME_TERMINAL_PATHWAY_OF_COMPLEMENT,T_cell,0.8587520579673186,scGPT fine tuning
REACTOME_TRANSPORT_OF_GAMMA_CARBOXYLATED_PROTEIN_PRECURSORS_FROM_THE_ENDOPLASMIC_RETICULUM_TO_THE_GOLGI_APPARATUS,T_cell,0.1165825616842162,scGPT fine tuning
REACTOME_TRANSPORT_TO_THE_GOLGI_AND_SUBSEQUENT_MODIFICATION,T_cell,0.12208639794366963,scGPT fine tuning
REACTOME_VESICLE_MEDIATED_TRANSPORT,T_cell,0.12208639794366963,scGPT fine tuning
REACTOME_ACTIVATION_OF_C3_AND_C5,unknown,0.865285752012971,scGPT fine tuning
REACTOME_ADAPTIVE_IMMUNE_SYSTEM,unknown,0.8648914925598897,scGPT fine tuning
REACTOME_ALTERNATIVE_COMPLEMENT_ACTIVATION,unknown,0.8648914925598897,scGPT fine tuning
REACTOME_ASPARAGINE_N_LINKED_GLYCOSYLATION,unknown,0.12111833494218152,scGPT fine tuning
REACTOME_CARGO_CONCENTRATION_IN_THE_ER,unknown,0.12111833494218152,scGPT fine tuning
REACTOME_CLASS_A_1_RHODOPSIN_LIKE_RECEPTORS,unknown,0.8648914925598897,scGPT fine tuning
REACTOME_COMMON_PATHWAY_OF_FIBRIN_CLOT_FORMATION,unknown,0.12009041678090208,scGPT fine tuning
REACTOME_COMPLEMENT_CASCADE,unknown,0.8615890395890394,scGPT fine tuning
REACTOME_COPII_MEDIATED_VESICLE_TRANSPORT,unknown,0.12111833494218152,scGPT fine tuning
REACTOME_ER_TO_GOLGI_ANTEROGRADE_TRANSPORT,unknown,0.12111833494218152,scGPT fine tuning
REACTOME_EXTRINSIC_PATHWAY_OF_FIBRIN_CLOT_FORMATION,unknown,0.1168326526193388,scGPT fine tuning
REACTOME_FORMATION_OF_FIBRIN_CLOT_CLOTTING_CASCADE,unknown,0.11850437908569268,scGPT fine tuning
REACTOME_GAMMA_CARBOXYLATION_HYPUSINYLATION_HYDROXYLATION_AND_ARYLSULFATASE_ACTIVATION,unknown,0.11806469852570933,scGPT fine tuning
REACTOME_GAMMA_CARBOXYLATION_OF_PROTEIN_PRECURSORS,unknown,0.11679906634913963,scGPT fine tuning
REACTOME_GAMMA_CARBOXYLATION_TRANSPORT_AND_AMINO_TERMINAL_CLEAVAGE_OF_PROTEINS,unknown,0.11679906634913963,scGPT fine tuning
REACTOME_GPCR_LIGAND_BINDING,unknown,0.8648914925598897,scGPT fine tuning
REACTOME_G_ALPHA_I_SIGNALLING_EVENTS,unknown,0.8648914925598897,scGPT fine tuning
REACTOME_HEMOSTASIS,unknown,0.11850437908569268,scGPT fine tuning
REACTOME_IMMUNE_SYSTEM,unknown,0.8615890395890394,scGPT fine tuning
REACTOME_IMMUNOREGULATORY_INTERACTIONS_BETWEEN_A_LYMPHOID_AND_A_NON_LYMPHOID_CELL,unknown,0.8648914925598897,scGPT fine tuning
REACTOME_INITIAL_TRIGGERING_OF_COMPLEMENT,unknown,0.865285752012971,scGPT fine tuning
REACTOME_INNATE_IMMUNE_SYSTEM,unknown,0.8615890395890394,scGPT fine tuning
REACTOME_INTRINSIC_PATHWAY_OF_FIBRIN_CLOT_FORMATION,unknown,0.11795496095404466,scGPT fine tuning
REACTOME_MEMBRANE_TRAFFICKING,unknown,0.12111833494218152,scGPT fine tuning
REACTOME_METABOLISM_OF_PROTEINS,unknown,0.26884785763670555,scGPT fine tuning
REACTOME_NEUTROPHIL_DEGRANULATION,unknown,0.8648914925598897,scGPT fine tuning
REACTOME_PEPTIDE_LIGAND_BINDING_RECEPTORS,unknown,0.8648914925598897,scGPT fine tuning
REACTOME_PLATELET_ACTIVATION_SIGNALING_AND_AGGREGATION,unknown,0.12111833494218152,scGPT fine tuning
REACTOME_POST_TRANSLATIONAL_PROTEIN_MODIFICATION,unknown,0.26884785763670555,scGPT fine tuning
REACTOME_REGULATION_OF_INSULIN_LIKE_GROWTH_FACTOR_IGF_TRANSPORT_AND_UPTAKE_BY_INSULIN_LIKE_GROWTH_FACTOR_BINDING_PROTEINS_IGFBPS,unknown,0.49407263990402117,scGPT fine tuning
REACTOME_RESPONSE_TO_ELEVATED_PLATELET_CYTOSOLIC_CA2,unknown,0.12111833494218152,scGPT fine tuning
REACTOME_SIGNALING_BY_GPCR,unknown,0.8648914925598897,scGPT fine tuning
REACTOME_TERMINAL_PATHWAY_OF_COMPLEMENT,unknown,0.8588681857873317,scGPT fine tuning
REACTOME_TRANSPORT_OF_GAMMA_CARBOXYLATED_PROTEIN_PRECURSORS_FROM_THE_ENDOPLASMIC_RETICULUM_TO_THE_GOLGI_APPARATUS,unknown,0.11679906634913963,scGPT fine tuning
REACTOME_TRANSPORT_TO_THE_GOLGI_AND_SUBSEQUENT_MODIFICATION,unknown,0.12111833494218152,scGPT fine tuning
REACTOME_VESICLE_MEDIATED_TRANSPORT,unknown,0.12111833494218152,scGPT fine tuning
REACTOME_ACTIVATION_OF_C3_AND_C5,Plasma_IgA,0.8644036561513884,scGPT fine tuning
REACTOME_ADAPTIVE_IMMUNE_SYSTEM,Plasma_IgA,0.8637294196476187,scGPT fine tuning
REACTOME_ALTERNATIVE_COMPLEMENT_ACTIVATION,Plasma_IgA,0.8637294196476187,scGPT fine tuning
REACTOME_ASPARAGINE_N_LINKED_GLYCOSYLATION,Plasma_IgA,0.12172274952481171,scGPT fine tuning
REACTOME_CARGO_CONCENTRATION_IN_THE_ER,Plasma_IgA,0.12172274952481171,scGPT fine tuning
REACTOME_CLASS_A_1_RHODOPSIN_LIKE_RECEPTORS,Plasma_IgA,0.8637294196476187,scGPT fine tuning
REACTOME_COMMON_PATHWAY_OF_FIBRIN_CLOT_FORMATION,Plasma_IgA,0.11989264277136791,scGPT fine tuning
REACTOME_COMPLEMENT_CASCADE,Plasma_IgA,0.8611228564614599,scGPT fine tuning
REACTOME_COPII_MEDIATED_VESICLE_TRANSPORT,Plasma_IgA,0.12172274952481171,scGPT fine tuning
REACTOME_ER_TO_GOLGI_ANTEROGRADE_TRANSPORT,Plasma_IgA,0.12172274952481171,scGPT fine tuning
REACTOME_EXTRINSIC_PATHWAY_OF_FIBRIN_CLOT_FORMATION,Plasma_IgA,0.11644810098783322,scGPT fine tuning
REACTOME_FORMATION_OF_FIBRIN_CLOT_CLOTTING_CASCADE,Plasma_IgA,0.11823505244158217,scGPT fine tuning
REACTOME_GAMMA_CARBOXYLATION_HYPUSINYLATION_HYDROXYLATION_AND_ARYLSULFATASE_ACTIVATION,Plasma_IgA,0.1175400888658166,scGPT fine tuning
REACTOME_GAMMA_CARBOXYLATION_OF_PROTEIN_PRECURSORS,Plasma_IgA,0.11536599173161752,scGPT fine tuning
REACTOME_GAMMA_CARBOXYLATION_TRANSPORT_AND_AMINO_TERMINAL_CLEAVAGE_OF_PROTEINS,Plasma_IgA,0.11536599173161752,scGPT fine tuning
REACTOME_GPCR_LIGAND_BINDING,Plasma_IgA,0.8637294196476187,scGPT fine tuning
REACTOME_G_ALPHA_I_SIGNALLING_EVENTS,Plasma_IgA,0.8637294196476187,scGPT fine tuning
REACTOME_HEMOSTASIS,Plasma_IgA,0.11823505244158217,scGPT fine tuning
REACTOME_IMMUNE_SYSTEM,Plasma_IgA,0.8611228564614599,scGPT fine tuning
REACTOME_IMMUNOREGULATORY_INTERACTIONS_BETWEEN_A_LYMPHOID_AND_A_NON_LYMPHOID_CELL,Plasma_IgA,0.8637294196476187,scGPT fine tuning
REACTOME_INITIAL_TRIGGERING_OF_COMPLEMENT,Plasma_IgA,0.8644036561513884,scGPT fine tuning
REACTOME_INNATE_IMMUNE_SYSTEM,Plasma_IgA,0.8611228564614599,scGPT fine tuning
REACTOME_INTRINSIC_PATHWAY_OF_FIBRIN_CLOT_FORMATION,Plasma_IgA,0.11708928681778262,scGPT fine tuning
REACTOME_MEMBRANE_TRAFFICKING,Plasma_IgA,0.12172274952481171,scGPT fine tuning
REACTOME_METABOLISM_OF_PROTEINS,Plasma_IgA,0.26831723226067455,scGPT fine tuning
REACTOME_NEUTROPHIL_DEGRANULATION,Plasma_IgA,0.8637294196476187,scGPT fine tuning
REACTOME_PEPTIDE_LIGAND_BINDING_RECEPTORS,Plasma_IgA,0.8637294196476187,scGPT fine tuning
REACTOME_PLATELET_ACTIVATION_SIGNALING_AND_AGGREGATION,Plasma_IgA,0.12172274952481171,scGPT fine tuning
REACTOME_POST_TRANSLATIONAL_PROTEIN_MODIFICATION,Plasma_IgA,0.26831723226067455,scGPT fine tuning
REACTOME_REGULATION_OF_INSULIN_LIKE_GROWTH_FACTOR_IGF_TRANSPORT_AND_UPTAKE_BY_INSULIN_LIKE_GROWTH_FACTOR_BINDING_PROTEINS_IGFBPS,Plasma_IgA,0.4934768927606868,scGPT fine tuning
REACTOME_RESPONSE_TO_ELEVATED_PLATELET_CYTOSOLIC_CA2,Plasma_IgA,0.12172274952481171,scGPT fine tuning
REACTOME_SIGNALING_BY_GPCR,Plasma_IgA,0.8637294196476187,scGPT fine tuning
REACTOME_TERMINAL_PATHWAY_OF_COMPLEMENT,Plasma_IgA,0.858637086741855,scGPT fine tuning
REACTOME_TRANSPORT_OF_GAMMA_CARBOXYLATED_PROTEIN_PRECURSORS_FROM_THE_ENDOPLASMIC_RETICULUM_TO_THE_GOLGI_APPARATUS,Plasma_IgA,0.11536599173161752,scGPT fine tuning
REACTOME_TRANSPORT_TO_THE_GOLGI_AND_SUBSEQUENT_MODIFICATION,Plasma_IgA,0.12172274952481171,scGPT fine tuning
REACTOME_VESICLE_MEDIATED_TRANSPORT,Plasma_IgA,0.12172274952481171,scGPT fine tuning
REACTOME_ACTIVATION_OF_C3_AND_C5,CAF,0.8693854174579477,scANVI
REACTOME_ADAPTIVE_IMMUNE_SYSTEM,CAF,0.8759287749761793,scANVI
REACTOME_ALTERNATIVE_COMPLEMENT_ACTIVATION,CAF,0.8759287749761793,scANVI
REACTOME_ASPARAGINE_N_LINKED_GLYCOSYLATION,CAF,0.11851391161178144,scANVI
REACTOME_CARGO_CONCENTRATION_IN_THE_ER,CAF,0.11851391161178144,scANVI
REACTOME_CLASS_A_1_RHODOPSIN_LIKE_RECEPTORS,CAF,0.8759287749761793,scANVI
REACTOME_COMMON_PATHWAY_OF_FIBRIN_CLOT_FORMATION,CAF,0.11654144920720493,scANVI
REACTOME_COMPLEMENT_CASCADE,CAF,0.8595743692275711,scANVI
REACTOME_COPII_MEDIATED_VESICLE_TRANSPORT,CAF,0.11851391161178144,scANVI
REACTOME_ER_TO_GOLGI_ANTEROGRADE_TRANSPORT,CAF,0.11851391161178144,scANVI
REACTOME_EXTRINSIC_PATHWAY_OF_FIBRIN_CLOT_FORMATION,CAF,0.1169398127419862,scANVI
REACTOME_FORMATION_OF_FIBRIN_CLOT_CLOTTING_CASCADE,CAF,0.11815874208114531,scANVI
REACTOME_GAMMA_CARBOXYLATION_HYPUSINYLATION_HYDROXYLATION_AND_ARYLSULFATASE_ACTIVATION,CAF,0.11376570682690834,scANVI
REACTOME_GAMMA_CARBOXYLATION_OF_PROTEIN_PRECURSORS,CAF,0.11073147410373098,scANVI
REACTOME_GAMMA_CARBOXYLATION_TRANSPORT_AND_AMINO_TERMINAL_CLEAVAGE_OF_PROTEINS,CAF,0.11073147410373098,scANVI
REACTOME_GPCR_LIGAND_BINDING,CAF,0.8759287749761793,scANVI
REACTOME_G_ALPHA_I_SIGNALLING_EVENTS,CAF,0.8759287749761793,scANVI
REACTOME_HEMOSTASIS,CAF,0.11815874208114531,scANVI
REACTOME_IMMUNE_SYSTEM,CAF,0.8595743692275711,scANVI
REACTOME_IMMUNOREGULATORY_INTERACTIONS_BETWEEN_A_LYMPHOID_AND_A_NON_LYMPHOID_CELL,CAF,0.8759287749761793,scANVI
REACTOME_INITIAL_TRIGGERING_OF_COMPLEMENT,CAF,0.8693854174579477,scANVI
REACTOME_INNATE_IMMUNE_SYSTEM,CAF,0.8595743692275711,scANVI
REACTOME_INTRINSIC_PATHWAY_OF_FIBRIN_CLOT_FORMATION,CAF,0.11515185917742499,scANVI
REACTOME_MEMBRANE_TRAFFICKING,CAF,0.11851391161178144,scANVI
REACTOME_METABOLISM_OF_PROTEINS,CAF,0.2707542847716135,scANVI
REACTOME_NEUTROPHIL_DEGRANULATION,CAF,0.8759287749761793,scANVI
REACTOME_PEPTIDE_LIGAND_BINDING_RECEPTORS,CAF,0.8759287749761793,scANVI
REACTOME_PLATELET_ACTIVATION_SIGNALING_AND_AGGREGATION,CAF,0.11851391161178144,scANVI
REACTOME_POST_TRANSLATIONAL_PROTEIN_MODIFICATION,CAF,0.2707542847716135,scANVI
REACTOME_REGULATION_OF_INSULIN_LIKE_GROWTH_FACTOR_IGF_TRANSPORT_AND_UPTAKE_BY_INSULIN_LIKE_GROWTH_FACTOR_BINDING_PROTEINS_IGFBPS,CAF,0.5020180714245297,scANVI
REACTOME_RESPONSE_TO_ELEVATED_PLATELET_CYTOSOLIC_CA2,CAF,0.11851391161178144,scANVI
REACTOME_SIGNALING_BY_GPCR,CAF,0.8759287749761793,scANVI
REACTOME_TERMINAL_PATHWAY_OF_COMPLEMENT,CAF,0.8523058340860605,scANVI
REACTOME_TRANSPORT_OF_GAMMA_CARBOXYLATED_PROTEIN_PRECURSORS_FROM_THE_ENDOPLASMIC_RETICULUM_TO_THE_GOLGI_APPARATUS,CAF,0.11073147410373098,scANVI
REACTOME_TRANSPORT_TO_THE_GOLGI_AND_SUBSEQUENT_MODIFICATION,CAF,0.11851391161178144,scANVI
REACTOME_VESICLE_MEDIATED_TRANSPORT,CAF,0.11851391161178144,scANVI
REACTOME_ACTIVATION_OF_C3_AND_C5,M1_macrophages,0.8677839586122263,scANVI
REACTOME_ADAPTIVE_IMMUNE_SYSTEM,M1_macrophages,0.8715130079954263,scANVI
REACTOME_ALTERNATIVE_COMPLEMENT_ACTIVATION,M1_macrophages,0.8715130079954263,scANVI
REACTOME_ASPARAGINE_N_LINKED_GLYCOSYLATION,M1_macrophages,0.11886193872982534,scANVI
REACTOME_CARGO_CONCENTRATION_IN_THE_ER,M1_macrophages,0.11886193872982534,scANVI
REACTOME_CLASS_A_1_RHODOPSIN_LIKE_RECEPTORS,M1_macrophages,0.8715130079954263,scANVI
REACTOME_COMMON_PATHWAY_OF_FIBRIN_CLOT_FORMATION,M1_macrophages,0.11760378420121564,scANVI
REACTOME_COMPLEMENT_CASCADE,M1_macrophages,0.8613228457435474,scANVI
REACTOME_COPII_MEDIATED_VESICLE_TRANSPORT,M1_macrophages,0.11886193872982534,scANVI
REACTOME_ER_TO_GOLGI_ANTEROGRADE_TRANSPORT,M1_macrophages,0.11886193872982534,scANVI
REACTOME_EXTRINSIC_PATHWAY_OF_FIBRIN_CLOT_FORMATION,M1_macrophages,0.11496721814301726,scANVI
REACTOME_FORMATION_OF_FIBRIN_CLOT_CLOTTING_CASCADE,M1_macrophages,0.11660955808926739,scANVI
REACTOME_GAMMA_CARBOXYLATION_HYPUSINYLATION_HYDROXYLATION_AND_ARYLSULFATASE_ACTIVATION,M1_macrophages,0.116175109569014,scANVI
REACTOME_GAMMA_CARBOXYLATION_OF_PROTEIN_PRECURSORS,M1_macrophages,0.11396842503889973,scANVI
REACTOME_GAMMA_CARBOXYLATION_TRANSPORT_AND_AMINO_TERMINAL_CLEAVAGE_OF_PROTEINS,M1_macrophages,0.11396842503889973,scANVI
REACTOME_GPCR_LIGAND_BINDING,M1_macrophages,0.8715130079954263,scANVI
REACTOME_G_ALPHA_I_SIGNALLING_EVENTS,M1_macrophages,0.8715130079954263,scANVI
REACTOME_HEMOSTASIS,M1_macrophages,0.11660955808926739,scANVI
REACTOME_IMMUNE_SYSTEM,M1_macrophages,0.8613228457435474,scANVI
REACTOME_IMMUNOREGULATORY_INTERACTIONS_BETWEEN_A_LYMPHOID_AND_A_NON_LYMPHOID_CELL,M1_macrophages,0.8715130079954263,scANVI
REACTOME_INITIAL_TRIGGERING_OF_COMPLEMENT,M1_macrophages,0.8677839586122263,scANVI
REACTOME_INNATE_IMMUNE_SYSTEM,M1_macrophages,0.8613228457435474,scANVI
REACTOME_INTRINSIC_PATHWAY_OF_FIBRIN_CLOT_FORMATION,M1_macrophages,0.11619915594674946,scANVI
REACTOME_MEMBRANE_TRAFFICKING,M1_macrophages,0.11886193872982534,scANVI
REACTOME_METABOLISM_OF_PROTEINS,M1_macrophages,0.26979362571685467,scANVI
REACTOME_NEUTROPHIL_DEGRANULATION,M1_macrophages,0.8715130079954263,scANVI
REACTOME_PEPTIDE_LIGAND_BINDING_RECEPTORS,M1_macrophages,0.8715130079954263,scANVI
REACTOME_PLATELET_ACTIVATION_SIGNALING_AND_AGGREGATION,M1_macrophages,0.11886193872982534,scANVI
REACTOME_POST_TRANSLATIONAL_PROTEIN_MODIFICATION,M1_macrophages,0.26979362571685467,scANVI
REACTOME_REGULATION_OF_INSULIN_LIKE_GROWTH_FACTOR_IGF_TRANSPORT_AND_UPTAKE_BY_INSULIN_LIKE_GROWTH_FACTOR_BINDING_PROTEINS_IGFBPS,M1_macrophages,0.49768125926319967,scANVI
REACTOME_RESPONSE_TO_ELEVATED_PLATELET_CYTOSOLIC_CA2,M1_macrophages,0.11886193872982534,scANVI
REACTOME_SIGNALING_BY_GPCR,M1_macrophages,0.8715130079954263,scANVI
REACTOME_TERMINAL_PATHWAY_OF_COMPLEMENT,M1_macrophages,0.856520736556089,scANVI
REACTOME_TRANSPORT_OF_GAMMA_CARBOXYLATED_PROTEIN_PRECURSORS_FROM_THE_ENDOPLASMIC_RETICULUM_TO_THE_GOLGI_APPARATUS,M1_macrophages,0.11396842503889973,scANVI
REACTOME_TRANSPORT_TO_THE_GOLGI_AND_SUBSEQUENT_MODIFICATION,M1_macrophages,0.11886193872982534,scANVI
REACTOME_VESICLE_MEDIATED_TRANSPORT,M1_macrophages,0.11886193872982534,scANVI
REACTOME_ACTIVATION_OF_C3_AND_C5,Plasma_IgG,0.8674378213836227,scANVI
REACTOME_ADAPTIVE_IMMUNE_SYSTEM,Plasma_IgG,0.8698721042156746,scANVI
REACTOME_ALTERNATIVE_COMPLEMENT_ACTIVATION,Plasma_IgG,0.8698721042156746,scANVI
REACTOME_ASPARAGINE_N_LINKED_GLYCOSYLATION,Plasma_IgG,0.11922281897430732,scANVI
REACTOME_CARGO_CONCENTRATION_IN_THE_ER,Plasma_IgG,0.11922281897430732,scANVI
REACTOME_CLASS_A_1_RHODOPSIN_LIKE_RECEPTORS,Plasma_IgG,0.8698721042156746,scANVI
REACTOME_COMMON_PATHWAY_OF_FIBRIN_CLOT_FORMATION,Plasma_IgG,0.11813394690805268,scANVI
REACTOME_COMPLEMENT_CASCADE,Plasma_IgG,0.8613439187136742,scANVI
REACTOME_COPII_MEDIATED_VESICLE_TRANSPORT,Plasma_IgG,0.11922281897430732,scANVI
REACTOME_ER_TO_GOLGI_ANTEROGRADE_TRANSPORT,Plasma_IgG,0.11922281897430732,scANVI
REACTOME_EXTRINSIC_PATHWAY_OF_FIBRIN_CLOT_FORMATION,Plasma_IgG,0.11550766016538061,scANVI
REACTOME_FORMATION_OF_FIBRIN_CLOT_CLOTTING_CASCADE,Plasma_IgG,0.11737543972619628,scANVI
REACTOME_GAMMA_CARBOXYLATION_HYPUSINYLATION_HYDROXYLATION_AND_ARYLSULFATASE_ACTIVATION,Plasma_IgG,0.1165233233756843,scANVI
REACTOME_GAMMA_CARBOXYLATION_OF_PROTEIN_PRECURSORS,Plasma_IgG,0.11430396472365538,scANVI
REACTOME_GAMMA_CARBOXYLATION_TRANSPORT_AND_AMINO_TERMINAL_CLEAVAGE_OF_PROTEINS,Plasma_IgG,0.11430396472365538,scANVI
REACTOME_GPCR_LIGAND_BINDING,Plasma_IgG,0.8698721042156746,scANVI
REACTOME_G_ALPHA_I_SIGNALLING_EVENTS,Plasma_IgG,0.8698721042156746,scANVI
REACTOME_HEMOSTASIS,Plasma_IgG,0.11737543972619628,scANVI
REACTOME_IMMUNE_SYSTEM,Plasma_IgG,0.8613439187136742,scANVI
REACTOME_IMMUNOREGULATORY_INTERACTIONS_BETWEEN_A_LYMPHOID_AND_A_NON_LYMPHOID_CELL,Plasma_IgG,0.8698721042156746,scANVI
REACTOME_INITIAL_TRIGGERING_OF_COMPLEMENT,Plasma_IgG,0.8674378213836227,scANVI
REACTOME_INNATE_IMMUNE_SYSTEM,Plasma_IgG,0.8613439187136742,scANVI
REACTOME_INTRINSIC_PATHWAY_OF_FIBRIN_CLOT_FORMATION,Plasma_IgG,0.11698069631255692,scANVI
REACTOME_MEMBRANE_TRAFFICKING,Plasma_IgG,0.11922281897430732,scANVI
REACTOME_METABOLISM_OF_PROTEINS,Plasma_IgG,0.26953113393761896,scANVI
REACTOME_NEUTROPHIL_DEGRANULATION,Plasma_IgG,0.8698721042156746,scANVI
REACTOME_PEPTIDE_LIGAND_BINDING_RECEPTORS,Plasma_IgG,0.8698721042156746,scANVI
REACTOME_PLATELET_ACTIVATION_SIGNALING_AND_AGGREGATION,Plasma_IgG,0.11922281897430732,scANVI
REACTOME_POST_TRANSLATIONAL_PROTEIN_MODIFICATION,Plasma_IgG,0.26953113393761896,scANVI
REACTOME_REGULATION_OF_INSULIN_LIKE_GROWTH_FACTOR_IGF_TRANSPORT_AND_UPTAKE_BY_INSULIN_LIKE_GROWTH_FACTOR_BINDING_PROTEINS_IGFBPS,Plasma_IgG,0.4967168928257188,scANVI
REACTOME_RESPONSE_TO_ELEVATED_PLATELET_CYTOSOLIC_CA2,Plasma_IgG,0.11922281897430732,scANVI
REACTOME_SIGNALING_BY_GPCR,Plasma_IgG,0.8698721042156746,scANVI
REACTOME_TERMINAL_PATHWAY_OF_COMPLEMENT,Plasma_IgG,0.8567785440197564,scANVI
REACTOME_TRANSPORT_OF_GAMMA_CARBOXYLATED_PROTEIN_PRECURSORS_FROM_THE_ENDOPLASMIC_RETICULUM_TO_THE_GOLGI_APPARATUS,Plasma_IgG,0.11430396472365538,scANVI
REACTOME_TRANSPORT_TO_THE_GOLGI_AND_SUBSEQUENT_MODIFICATION,Plasma_IgG,0.11922281897430732,scANVI
REACTOME_VESICLE_MEDIATED_TRANSPORT,Plasma_IgG,0.11922281897430732,scANVI
REACTOME_ACTIVATION_OF_C3_AND_C5,Fibroblasts,0.8757505503723206,scANVI
REACTOME_ADAPTIVE_IMMUNE_SYSTEM,Fibroblasts,0.8858637309978605,scANVI
REACTOME_ALTERNATIVE_COMPLEMENT_ACTIVATION,Fibroblasts,0.8858637309978605,scANVI
REACTOME_ASPARAGINE_N_LINKED_GLYCOSYLATION,Fibroblasts,0.1160508678216121,scANVI
REACTOME_CARGO_CONCENTRATION_IN_THE_ER,Fibroblasts,0.1160508678216121,scANVI
REACTOME_CLASS_A_1_RHODOPSIN_LIKE_RECEPTORS,Fibroblasts,0.8858637309978605,scANVI
REACTOME_COMMON_PATHWAY_OF_FIBRIN_CLOT_FORMATION,Fibroblasts,0.11611372587681136,scANVI
REACTOME_COMPLEMENT_CASCADE,Fibroblasts,0.8649304831725709,scANVI
REACTOME_COPII_MEDIATED_VESICLE_TRANSPORT,Fibroblasts,0.1160508678216121,scANVI
REACTOME_ER_TO_GOLGI_ANTEROGRADE_TRANSPORT,Fibroblasts,0.1160508678216121,scANVI
REACTOME_EXTRINSIC_PATHWAY_OF_FIBRIN_CLOT_FORMATION,Fibroblasts,0.11961381155159376,scANVI
REACTOME_FORMATION_OF_FIBRIN_CLOT_CLOTTING_CASCADE,Fibroblasts,0.11795876206695807,scANVI
REACTOME_GAMMA_CARBOXYLATION_HYPUSINYLATION_HYDROXYLATION_AND_ARYLSULFATASE_ACTIVATION,Fibroblasts,0.11554076586597689,scANVI
REACTOME_GAMMA_CARBOXYLATION_OF_PROTEIN_PRECURSORS,Fibroblasts,0.1148654326190556,scANVI
REACTOME_GAMMA_CARBOXYLATION_TRANSPORT_AND_AMINO_TERMINAL_CLEAVAGE_OF_PROTEINS,Fibroblasts,0.1148654326190556,scANVI
REACTOME_GPCR_LIGAND_BINDING,Fibroblasts,0.8858637309978605,scANVI
REACTOME_G_ALPHA_I_SIGNALLING_EVENTS,Fibroblasts,0.8858637309978605,scANVI
REACTOME_HEMOSTASIS,Fibroblasts,0.11795876206695807,scANVI
REACTOME_IMMUNE_SYSTEM,Fibroblasts,0.8649304831725709,scANVI
REACTOME_IMMUNOREGULATORY_INTERACTIONS_BETWEEN_A_LYMPHOID_AND_A_NON_LYMPHOID_CELL,Fibroblasts,0.8858637309978605,scANVI
REACTOME_INITIAL_TRIGGERING_OF_COMPLEMENT,Fibroblasts,0.8757505503723206,scANVI
REACTOME_INNATE_IMMUNE_SYSTEM,Fibroblasts,0.8649304831725709,scANVI
REACTOME_INTRINSIC_PATHWAY_OF_FIBRIN_CLOT_FORMATION,Fibroblasts,0.11565738383242422,scANVI
REACTOME_MEMBRANE_TRAFFICKING,Fibroblasts,0.1160508678216121,scANVI
REACTOME_METABOLISM_OF_PROTEINS,Fibroblasts,0.27418124631676793,scANVI
REACTOME_NEUTROPHIL_DEGRANULATION,Fibroblasts,0.8858637309978605,scANVI
REACTOME_PEPTIDE_LIGAND_BINDING_RECEPTORS,Fibroblasts,0.8858637309978605,scANVI
REACTOME_PLATELET_ACTIVATION_SIGNALING_AND_AGGREGATION,Fibroblasts,0.1160508678216121,scANVI
REACTOME_POST_TRANSLATIONAL_PROTEIN_MODIFICATION,Fibroblasts,0.27418124631676793,scANVI
REACTOME_REGULATION_OF_INSULIN_LIKE_GROWTH_FACTOR_IGF_TRANSPORT_AND_UPTAKE_BY_INSULIN_LIKE_GROWTH_FACTOR_BINDING_PROTEINS_IGFBPS,Fibroblasts,0.5073526922223811,scANVI
REACTOME_RESPONSE_TO_ELEVATED_PLATELET_CYTOSOLIC_CA2,Fibroblasts,0.1160508678216121,scANVI
REACTOME_SIGNALING_BY_GPCR,Fibroblasts,0.8858637309978605,scANVI
REACTOME_TERMINAL_PATHWAY_OF_COMPLEMENT,Fibroblasts,0.8569435793571847,scANVI
REACTOME_TRANSPORT_OF_GAMMA_CARBOXYLATED_PROTEIN_PRECURSORS_FROM_THE_ENDOPLASMIC_RETICULUM_TO_THE_GOLGI_APPARATUS,Fibroblasts,0.1148654326190556,scANVI
REACTOME_TRANSPORT_TO_THE_GOLGI_AND_SUBSEQUENT_MODIFICATION,Fibroblasts,0.1160508678216121,scANVI
REACTOME_VESICLE_MEDIATED_TRANSPORT,Fibroblasts,0.1160508678216121,scANVI
REACTOME_ACTIVATION_OF_C3_AND_C5,Germinal_Center_Plasma_IgM_B_cell,0.8636822237097905,scANVI
REACTOME_ADAPTIVE_IMMUNE_SYSTEM,Germinal_Center_Plasma_IgM_B_cell,0.8647572389950775,scANVI
REACTOME_ALTERNATIVE_COMPLEMENT_ACTIVATION,Germinal_Center_Plasma_IgM_B_cell,0.8647572389950775,scANVI
REACTOME_ASPARAGINE_N_LINKED_GLYCOSYLATION,Germinal_Center_Plasma_IgM_B_cell,0.11879110238532252,scANVI
REACTOME_CARGO_CONCENTRATION_IN_THE_ER,Germinal_Center_Plasma_IgM_B_cell,0.11879110238532252,scANVI
REACTOME_CLASS_A_1_RHODOPSIN_LIKE_RECEPTORS,Germinal_Center_Plasma_IgM_B_cell,0.8647572389950775,scANVI
REACTOME_COMMON_PATHWAY_OF_FIBRIN_CLOT_FORMATION,Germinal_Center_Plasma_IgM_B_cell,0.11770444580047952,scANVI
REACTOME_COMPLEMENT_CASCADE,Germinal_Center_Plasma_IgM_B_cell,0.8587483735045225,scANVI
REACTOME_COPII_MEDIATED_VESICLE_TRANSPORT,Germinal_Center_Plasma_IgM_B_cell,0.11879110238532252,scANVI
REACTOME_ER_TO_GOLGI_ANTEROGRADE_TRANSPORT,Germinal_Center_Plasma_IgM_B_cell,0.11879110238532252,scANVI
REACTOME_EXTRINSIC_PATHWAY_OF_FIBRIN_CLOT_FORMATION,Germinal_Center_Plasma_IgM_B_cell,0.11411766163634798,scANVI
REACTOME_FORMATION_OF_FIBRIN_CLOT_CLOTTING_CASCADE,Germinal_Center_Plasma_IgM_B_cell,0.11600888189288322,scANVI
REACTOME_GAMMA_CARBOXYLATION_HYPUSINYLATION_HYDROXYLATION_AND_ARYLSULFATASE_ACTIVATION,Germinal_Center_Plasma_IgM_B_cell,0.11566615015960653,scANVI
REACTOME_GAMMA_CARBOXYLATION_OF_PROTEIN_PRECURSORS,Germinal_Center_Plasma_IgM_B_cell,0.1141556426345022,scANVI
REACTOME_GAMMA_CARBOXYLATION_TRANSPORT_AND_AMINO_TERMINAL_CLEAVAGE_OF_PROTEINS,Germinal_Center_Plasma_IgM_B_cell,0.1141556426345022,scANVI
REACTOME_GPCR_LIGAND_BINDING,Germinal_Center_Plasma_IgM_B_cell,0.8647572389950775,scANVI
REACTOME_G_ALPHA_I_SIGNALLING_EVENTS,Germinal_Center_Plasma_IgM_B_cell,0.8647572389950775,scANVI
REACTOME_HEMOSTASIS,Germinal_Center_Plasma_IgM_B_cell,0.11600888189288322,scANVI
REACTOME_IMMUNE_SYSTEM,Germinal_Center_Plasma_IgM_B_cell,0.8587483735045225,scANVI
REACTOME_IMMUNOREGULATORY_INTERACTIONS_BETWEEN_A_LYMPHOID_AND_A_NON_LYMPHOID_CELL,Germinal_Center_Plasma_IgM_B_cell,0.8647572389950775,scANVI
REACTOME_INITIAL_TRIGGERING_OF_COMPLEMENT,Germinal_Center_Plasma_IgM_B_cell,0.8636822237097905,scANVI
REACTOME_INNATE_IMMUNE_SYSTEM,Germinal_Center_Plasma_IgM_B_cell,0.8587483735045225,scANVI
REACTOME_INTRINSIC_PATHWAY_OF_FIBRIN_CLOT_FORMATION,Germinal_Center_Plasma_IgM_B_cell,0.11560088686983817,scANVI
REACTOME_MEMBRANE_TRAFFICKING,Germinal_Center_Plasma_IgM_B_cell,0.11879110238532252,scANVI
REACTOME_METABOLISM_OF_PROTEINS,Germinal_Center_Plasma_IgM_B_cell,0.2673690589014593,scANVI
REACTOME_NEUTROPHIL_DEGRANULATION,Germinal_Center_Plasma_IgM_B_cell,0.8647572389950775,scANVI
REACTOME_PEPTIDE_LIGAND_BINDING_RECEPTORS,Germinal_Center_Plasma_IgM_B_cell,0.8647572389950775,scANVI
REACTOME_PLATELET_ACTIVATION_SIGNALING_AND_AGGREGATION,Germinal_Center_Plasma_IgM_B_cell,0.11879110238532252,scANVI
REACTOME_POST_TRANSLATIONAL_PROTEIN_MODIFICATION,Germinal_Center_Plasma_IgM_B_cell,0.2673690589014593,scANVI
REACTOME_REGULATION_OF_INSULIN_LIKE_GROWTH_FACTOR_IGF_TRANSPORT_AND_UPTAKE_BY_INSULIN_LIKE_GROWTH_FACTOR_BINDING_PROTEINS_IGFBPS,Germinal_Center_Plasma_IgM_B_cell,0.493416530378827,scANVI
REACTOME_RESPONSE_TO_ELEVATED_PLATELET_CYTOSOLIC_CA2,Germinal_Center_Plasma_IgM_B_cell,0.11879110238532252,scANVI
REACTOME_SIGNALING_BY_GPCR,Germinal_Center_Plasma_IgM_B_cell,0.8647572389950775,scANVI
REACTOME_TERMINAL_PATHWAY_OF_COMPLEMENT,Germinal_Center_Plasma_IgM_B_cell,0.8551447153566396,scANVI
REACTOME_TRANSPORT_OF_GAMMA_CARBOXYLATED_PROTEIN_PRECURSORS_FROM_THE_ENDOPLASMIC_RETICULUM_TO_THE_GOLGI_APPARATUS,Germinal_Center_Plasma_IgM_B_cell,0.1141556426345022,scANVI
REACTOME_TRANSPORT_TO_THE_GOLGI_AND_SUBSEQUENT_MODIFICATION,Germinal_Center_Plasma_IgM_B_cell,0.11879110238532252,scANVI
REACTOME_VESICLE_MEDIATED_TRANSPORT,Germinal_Center_Plasma_IgM_B_cell,0.11879110238532252,scANVI
REACTOME_ACTIVATION_OF_C3_AND_C5,CAM,0.8563060979265344,scANVI
REACTOME_ADAPTIVE_IMMUNE_SYSTEM,CAM,0.8544966508040205,scANVI
REACTOME_ALTERNATIVE_COMPLEMENT_ACTIVATION,CAM,0.8544966508040205,scANVI
REACTOME_ASPARAGINE_N_LINKED_GLYCOSYLATION,CAM,0.1105045712535157,scANVI
REACTOME_CARGO_CONCENTRATION_IN_THE_ER,CAM,0.1105045712535157,scANVI
REACTOME_CLASS_A_1_RHODOPSIN_LIKE_RECEPTORS,CAM,0.8544966508040205,scANVI
REACTOME_COMMON_PATHWAY_OF_FIBRIN_CLOT_FORMATION,CAM,0.11021097837455382,scANVI
REACTOME_COMPLEMENT_CASCADE,CAM,0.8514641137693767,scANVI
REACTOME_COPII_MEDIATED_VESICLE_TRANSPORT,CAM,0.1105045712535157,scANVI
REACTOME_ER_TO_GOLGI_ANTEROGRADE_TRANSPORT,CAM,0.1105045712535157,scANVI
REACTOME_EXTRINSIC_PATHWAY_OF_FIBRIN_CLOT_FORMATION,CAM,0.11450324267742078,scANVI
REACTOME_FORMATION_OF_FIBRIN_CLOT_CLOTTING_CASCADE,CAM,0.11608090439011028,scANVI
REACTOME_GAMMA_CARBOXYLATION_HYPUSINYLATION_HYDROXYLATION_AND_ARYLSULFATASE_ACTIVATION,CAM,0.10974668003112516,scANVI
REACTOME_GAMMA_CARBOXYLATION_OF_PROTEIN_PRECURSORS,CAM,0.10905302315481064,scANVI
REACTOME_GAMMA_CARBOXYLATION_TRANSPORT_AND_AMINO_TERMINAL_CLEAVAGE_OF_PROTEINS,CAM,0.10905302315481064,scANVI
REACTOME_GPCR_LIGAND_BINDING,CAM,0.8544966508040205,scANVI
REACTOME_G_ALPHA_I_SIGNALLING_EVENTS,CAM,0.8544966508040205,scANVI
REACTOME_HEMOSTASIS,CAM,0.11608090439011028,scANVI
REACTOME_IMMUNE_SYSTEM,CAM,0.8514641137693767,scANVI
REACTOME_IMMUNOREGULATORY_INTERACTIONS_BETWEEN_A_LYMPHOID_AND_A_NON_LYMPHOID_CELL,CAM,0.8544966508040205,scANVI
REACTOME_INITIAL_TRIGGERING_OF_COMPLEMENT,CAM,0.8563060979265344,scANVI
REACTOME_INNATE_IMMUNE_SYSTEM,CAM,0.8514641137693767,scANVI
REACTOME_INTRINSIC_PATHWAY_OF_FIBRIN_CLOT_FORMATION,CAM,0.1150483543482205,scANVI
REACTOME_MEMBRANE_TRAFFICKING,CAM,0.1105045712535157,scANVI
REACTOME_METABOLISM_OF_PROTEINS,CAM,0.2591828725862178,scANVI
REACTOME_NEUTROPHIL_DEGRANULATION,CAM,0.8544966508040205,scANVI
REACTOME_PEPTIDE_LIGAND_BINDING_RECEPTORS,CAM,0.8544966508040205,scANVI
REACTOME_PLATELET_ACTIVATION_SIGNALING_AND_AGGREGATION,CAM,0.1105045712535157,scANVI
REACTOME_POST_TRANSLATIONAL_PROTEIN_MODIFICATION,CAM,0.2591828725862178,scANVI
REACTOME_REGULATION_OF_INSULIN_LIKE_GROWTH_FACTOR_IGF_TRANSPORT_AND_UPTAKE_BY_INSULIN_LIKE_GROWTH_FACTOR_BINDING_PROTEINS_IGFBPS,CAM,0.4828084190225303,scANVI
REACTOME_RESPONSE_TO_ELEVATED_PLATELET_CYTOSOLIC_CA2,CAM,0.1105045712535157,scANVI
REACTOME_SIGNALING_BY_GPCR,CAM,0.8544966508040205,scANVI
REACTOME_TERMINAL_PATHWAY_OF_COMPLEMENT,CAM,0.8479928280767365,scANVI
REACTOME_TRANSPORT_OF_GAMMA_CARBOXYLATED_PROTEIN_PRECURSORS_FROM_THE_ENDOPLASMIC_RETICULUM_TO_THE_GOLGI_APPARATUS,CAM,0.10905302315481064,scANVI
REACTOME_TRANSPORT_TO_THE_GOLGI_AND_SUBSEQUENT_MODIFICATION,CAM,0.1105045712535157,scANVI
REACTOME_VESICLE_MEDIATED_TRANSPORT,CAM,0.1105045712535157,scANVI
REACTOME_ACTIVATION_OF_C3_AND_C5,High_Endothelial_Venules,0.8664868906451694,scANVI
REACTOME_ADAPTIVE_IMMUNE_SYSTEM,High_Endothelial_Venules,0.87067914488171,scANVI
REACTOME_ALTERNATIVE_COMPLEMENT_ACTIVATION,High_Endothelial_Venules,0.87067914488171,scANVI
REACTOME_ASPARAGINE_N_LINKED_GLYCOSYLATION,High_Endothelial_Venules,0.11760782181220156,scANVI
REACTOME_CARGO_CONCENTRATION_IN_THE_ER,High_Endothelial_Venules,0.11760782181220156,scANVI
REACTOME_CLASS_A_1_RHODOPSIN_LIKE_RECEPTORS,High_Endothelial_Venules,0.87067914488171,scANVI
REACTOME_COMMON_PATHWAY_OF_FIBRIN_CLOT_FORMATION,High_Endothelial_Venules,0.1164082374967646,scANVI
REACTOME_COMPLEMENT_CASCADE,High_Endothelial_Venules,0.8608390568635155,scANVI
REACTOME_COPII_MEDIATED_VESICLE_TRANSPORT,High_Endothelial_Venules,0.11760782181220156,scANVI
REACTOME_ER_TO_GOLGI_ANTEROGRADE_TRANSPORT,High_Endothelial_Venules,0.11760782181220156,scANVI
REACTOME_EXTRINSIC_PATHWAY_OF_FIBRIN_CLOT_FORMATION,High_Endothelial_Venules,0.11410742324833346,scANVI
REACTOME_FORMATION_OF_FIBRIN_CLOT_CLOTTING_CASCADE,High_Endothelial_Venules,0.11561910602248054,scANVI
REACTOME_GAMMA_CARBOXYLATION_HYPUSINYLATION_HYDROXYLATION_AND_ARYLSULFATASE_ACTIVATION,High_Endothelial_Venules,0.11434406171867112,scANVI
REACTOME_GAMMA_CARBOXYLATION_OF_PROTEIN_PRECURSORS,High_Endothelial_Venules,0.11277049246799846,scANVI
REACTOME_GAMMA_CARBOXYLATION_TRANSPORT_AND_AMINO_TERMINAL_CLEAVAGE_OF_PROTEINS,High_Endothelial_Venules,0.11277049246799846,scANVI
REACTOME_GPCR_LIGAND_BINDING,High_Endothelial_Venules,0.87067914488171,scANVI
REACTOME_G_ALPHA_I_SIGNALLING_EVENTS,High_Endothelial_Venules,0.87067914488171,scANVI
REACTOME_HEMOSTASIS,High_Endothelial_Venules,0.11561910602248054,scANVI
REACTOME_IMMUNE_SYSTEM,High_Endothelial_Venules,0.8608390568635155,scANVI
REACTOME_IMMUNOREGULATORY_INTERACTIONS_BETWEEN_A_LYMPHOID_AND_A_NON_LYMPHOID_CELL,High_Endothelial_Venules,0.87067914488171,scANVI
REACTOME_INITIAL_TRIGGERING_OF_COMPLEMENT,High_Endothelial_Venules,0.8664868906451694,scANVI
REACTOME_INNATE_IMMUNE_SYSTEM,High_Endothelial_Venules,0.8608390568635155,scANVI
REACTOME_INTRINSIC_PATHWAY_OF_FIBRIN_CLOT_FORMATION,High_Endothelial_Venules,0.11458778960013447,scANVI
REACTOME_MEMBRANE_TRAFFICKING,High_Endothelial_Venules,0.11760782181220156,scANVI
REACTOME_METABOLISM_OF_PROTEINS,High_Endothelial_Venules,0.2687418901617996,scANVI
REACTOME_NEUTROPHIL_DEGRANULATION,High_Endothelial_Venules,0.87067914488171,scANVI
REACTOME_PEPTIDE_LIGAND_BINDING_RECEPTORS,High_Endothelial_Venules,0.87067914488171,scANVI
REACTOME_PLATELET_ACTIVATION_SIGNALING_AND_AGGREGATION,High_Endothelial_Venules,0.11760782181220156,scANVI
REACTOME_POST_TRANSLATIONAL_PROTEIN_MODIFICATION,High_Endothelial_Venules,0.2687418901617996,scANVI
REACTOME_REGULATION_OF_INSULIN_LIKE_GROWTH_FACTOR_IGF_TRANSPORT_AND_UPTAKE_BY_INSULIN_LIKE_GROWTH_FACTOR_BINDING_PROTEINS_IGFBPS,High_Endothelial_Venules,0.49760301338260465,scANVI
REACTOME_RESPONSE_TO_ELEVATED_PLATELET_CYTOSOLIC_CA2,High_Endothelial_Venules,0.11760782181220156,scANVI
REACTOME_SIGNALING_BY_GPCR,High_Endothelial_Venules,0.87067914488171,scANVI
REACTOME_TERMINAL_PATHWAY_OF_COMPLEMENT,High_Endothelial_Venules,0.8565423401275809,scANVI
REACTOME_TRANSPORT_OF_GAMMA_CARBOXYLATED_PROTEIN_PRECURSORS_FROM_THE_ENDOPLASMIC_RETICULUM_TO_THE_GOLGI_APPARATUS,High_Endothelial_Venules,0.11277049246799846,scANVI
REACTOME_TRANSPORT_TO_THE_GOLGI_AND_SUBSEQUENT_MODIFICATION,High_Endothelial_Venules,0.11760782181220156,scANVI
REACTOME_VESICLE_MEDIATED_TRANSPORT,High_Endothelial_Venules,0.11760782181220156,scANVI
REACTOME_ACTIVATION_OF_C3_AND_C5,Tumor,0.8503730909109561,scANVI
REACTOME_ADAPTIVE_IMMUNE_SYSTEM,Tumor,0.8489534147772292,scANVI
REACTOME_ALTERNATIVE_COMPLEMENT_ACTIVATION,Tumor,0.8489534147772292,scANVI
REACTOME_ASPARAGINE_N_LINKED_GLYCOSYLATION,Tumor,0.1099073356281825,scANVI
REACTOME_CARGO_CONCENTRATION_IN_THE_ER,Tumor,0.1099073356281825,scANVI
REACTOME_CLASS_A_1_RHODOPSIN_LIKE_RECEPTORS,Tumor,0.8489534147772292,scANVI
REACTOME_COMMON_PATHWAY_OF_FIBRIN_CLOT_FORMATION,Tumor,0.1087633704550447,scANVI
REACTOME_COMPLEMENT_CASCADE,Tumor,0.8462349337669625,scANVI
REACTOME_COPII_MEDIATED_VESICLE_TRANSPORT,Tumor,0.1099073356281825,scANVI
REACTOME_ER_TO_GOLGI_ANTEROGRADE_TRANSPORT,Tumor,0.1099073356281825,scANVI
REACTOME_EXTRINSIC_PATHWAY_OF_FIBRIN_CLOT_FORMATION,Tumor,0.11188240587769621,scANVI
REACTOME_FORMATION_OF_FIBRIN_CLOT_CLOTTING_CASCADE,Tumor,0.11422754021169172,scANVI
REACTOME_GAMMA_CARBOXYLATION_HYPUSINYLATION_HYDROXYLATION_AND_ARYLSULFATASE_ACTIVATION,Tumor,0.10804618022301934,scANVI
REACTOME_GAMMA_CARBOXYLATION_OF_PROTEIN_PRECURSORS,Tumor,0.10546582807629702,scANVI
REACTOME_GAMMA_CARBOXYLATION_TRANSPORT_AND_AMINO_TERMINAL_CLEAVAGE_OF_PROTEINS,Tumor,0.10546582807629702,scANVI
REACTOME_GPCR_LIGAND_BINDING,Tumor,0.8489534147772292,scANVI
REACTOME_G_ALPHA_I_SIGNALLING_EVENTS,Tumor,0.8489534147772292,scANVI
REACTOME_HEMOSTASIS,Tumor,0.11422754021169172,scANVI
REACTOME_IMMUNE_SYSTEM,Tumor,0.8462349337669625,scANVI
REACTOME_IMMUNOREGULATORY_INTERACTIONS_BETWEEN_A_LYMPHOID_AND_A_NON_LYMPHOID_CELL,Tumor,0.8489534147772292,scANVI
REACTOME_INITIAL_TRIGGERING_OF_COMPLEMENT,Tumor,0.8503730909109561,scANVI
REACTOME_INNATE_IMMUNE_SYSTEM,Tumor,0.8462349337669625,scANVI
REACTOME_INTRINSIC_PATHWAY_OF_FIBRIN_CLOT_FORMATION,Tumor,0.11313941939039761,scANVI
REACTOME_MEMBRANE_TRAFFICKING,Tumor,0.1099073356281825,scANVI
REACTOME_METABOLISM_OF_PROTEINS,Tumor,0.25632185172920574,scANVI
REACTOME_NEUTROPHIL_DEGRANULATION,Tumor,0.8489534147772292,scANVI
REACTOME_PEPTIDE_LIGAND_BINDING_RECEPTORS,Tumor,0.8489534147772292,scANVI
REACTOME_PLATELET_ACTIVATION_SIGNALING_AND_AGGREGATION,Tumor,0.1099073356281825,scANVI
REACTOME_POST_TRANSLATIONAL_PROTEIN_MODIFICATION,Tumor,0.25632185172920574,scANVI
REACTOME_REGULATION_OF_INSULIN_LIKE_GROWTH_FACTOR_IGF_TRANSPORT_AND_UPTAKE_BY_INSULIN_LIKE_GROWTH_FACTOR_BINDING_PROTEINS_IGFBPS,Tumor,0.47830052260861844,scANVI
REACTOME_RESPONSE_TO_ELEVATED_PLATELET_CYTOSOLIC_CA2,Tumor,0.1099073356281825,scANVI
REACTOME_SIGNALING_BY_GPCR,Tumor,0.8489534147772292,scANVI
REACTOME_TERMINAL_PATHWAY_OF_COMPLEMENT,Tumor,0.843282266782121,scANVI
REACTOME_TRANSPORT_OF_GAMMA_CARBOXYLATED_PROTEIN_PRECURSORS_FROM_THE_ENDOPLASMIC_RETICULUM_TO_THE_GOLGI_APPARATUS,Tumor,0.10546582807629702,scANVI
REACTOME_TRANSPORT_TO_THE_GOLGI_AND_SUBSEQUENT_MODIFICATION,Tumor,0.1099073356281825,scANVI
REACTOME_VESICLE_MEDIATED_TRANSPORT,Tumor,0.1099073356281825,scANVI
REACTOME_ACTIVATION_OF_C3_AND_C5,unknown,0.8639615763478025,scANVI
REACTOME_ADAPTIVE_IMMUNE_SYSTEM,unknown,0.86293516745682,scANVI
REACTOME_ALTERNATIVE_COMPLEMENT_ACTIVATION,unknown,0.86293516745682,scANVI
REACTOME_ASPARAGINE_N_LINKED_GLYCOSYLATION,unknown,0.12156039726431761,scANVI
REACTOME_CARGO_CONCENTRATION_IN_THE_ER,unknown,0.12156039726431761,scANVI
REACTOME_CLASS_A_1_RHODOPSIN_LIKE_RECEPTORS,unknown,0.86293516745682,scANVI
REACTOME_COMMON_PATHWAY_OF_FIBRIN_CLOT_FORMATION,unknown,0.12027470835481659,scANVI
REACTOME_COMPLEMENT_CASCADE,unknown,0.8609775854615304,scANVI
REACTOME_COPII_MEDIATED_VESICLE_TRANSPORT,unknown,0.12156039726431761,scANVI
REACTOME_ER_TO_GOLGI_ANTEROGRADE_TRANSPORT,unknown,0.12156039726431761,scANVI
REACTOME_EXTRINSIC_PATHWAY_OF_FIBRIN_CLOT_FORMATION,unknown,0.116727952533304,scANVI
REACTOME_FORMATION_OF_FIBRIN_CLOT_CLOTTING_CASCADE,unknown,0.11843271425699375,scANVI
REACTOME_GAMMA_CARBOXYLATION_HYPUSINYLATION_HYDROXYLATION_AND_ARYLSULFATASE_ACTIVATION,unknown,0.11815900861414386,scANVI
REACTOME_GAMMA_CARBOXYLATION_OF_PROTEIN_PRECURSORS,unknown,0.11654572668691064,scANVI
REACTOME_GAMMA_CARBOXYLATION_TRANSPORT_AND_AMINO_TERMINAL_CLEAVAGE_OF_PROTEINS,unknown,0.11654572668691064,scANVI
REACTOME_GPCR_LIGAND_BINDING,unknown,0.86293516745682,scANVI
REACTOME_G_ALPHA_I_SIGNALLING_EVENTS,unknown,0.86293516745682,scANVI
REACTOME_HEMOSTASIS,unknown,0.11843271425699375,scANVI
REACTOME_IMMUNE_SYSTEM,unknown,0.8609775854615304,scANVI
REACTOME_IMMUNOREGULATORY_INTERACTIONS_BETWEEN_A_LYMPHOID_AND_A_NON_LYMPHOID_CELL,unknown,0.86293516745682,scANVI
REACTOME_INITIAL_TRIGGERING_OF_COMPLEMENT,unknown,0.8639615763478025,scANVI
REACTOME_INNATE_IMMUNE_SYSTEM,unknown,0.8609775854615304,scANVI
REACTOME_INTRINSIC_PATHWAY_OF_FIBRIN_CLOT_FORMATION,unknown,0.11776287335304801,scANVI
REACTOME_MEMBRANE_TRAFFICKING,unknown,0.12156039726431761,scANVI
REACTOME_METABOLISM_OF_PROTEINS,unknown,0.26824181301150046,scANVI
REACTOME_NEUTROPHIL_DEGRANULATION,unknown,0.86293516745682,scANVI
REACTOME_PEPTIDE_LIGAND_BINDING_RECEPTORS,unknown,0.86293516745682,scANVI
REACTOME_PLATELET_ACTIVATION_SIGNALING_AND_AGGREGATION,unknown,0.12156039726431761,scANVI
REACTOME_POST_TRANSLATIONAL_PROTEIN_MODIFICATION,unknown,0.26824181301150046,scANVI
REACTOME_REGULATION_OF_INSULIN_LIKE_GROWTH_FACTOR_IGF_TRANSPORT_AND_UPTAKE_BY_INSULIN_LIKE_GROWTH_FACTOR_BINDING_PROTEINS_IGFBPS,unknown,0.4927131465385721,scANVI
REACTOME_RESPONSE_TO_ELEVATED_PLATELET_CYTOSOLIC_CA2,unknown,0.12156039726431761,scANVI
REACTOME_SIGNALING_BY_GPCR,unknown,0.86293516745682,scANVI
REACTOME_TERMINAL_PATHWAY_OF_COMPLEMENT,unknown,0.8587750278099291,scANVI
REACTOME_TRANSPORT_OF_GAMMA_CARBOXYLATED_PROTEIN_PRECURSORS_FROM_THE_ENDOPLASMIC_RETICULUM_TO_THE_GOLGI_APPARATUS,unknown,0.11654572668691064,scANVI
REACTOME_TRANSPORT_TO_THE_GOLGI_AND_SUBSEQUENT_MODIFICATION,unknown,0.12156039726431761,scANVI
REACTOME_VESICLE_MEDIATED_TRANSPORT,unknown,0.12156039726431761,scANVI
REACTOME_ACTIVATION_OF_C3_AND_C5,Tumor_Keratin_Pearl,0.8476681187855106,scANVI
REACTOME_ADAPTIVE_IMMUNE_SYSTEM,Tumor_Keratin_Pearl,0.8468955416929917,scANVI
REACTOME_ALTERNATIVE_COMPLEMENT_ACTIVATION,Tumor_Keratin_Pearl,0.8468955416929917,scANVI
REACTOME_ASPARAGINE_N_LINKED_GLYCOSYLATION,Tumor_Keratin_Pearl,0.11191065188801307,scANVI
REACTOME_CARGO_CONCENTRATION_IN_THE_ER,Tumor_Keratin_Pearl,0.11191065188801307,scANVI
REACTOME_CLASS_A_1_RHODOPSIN_LIKE_RECEPTORS,Tumor_Keratin_Pearl,0.8468955416929917,scANVI
REACTOME_COMMON_PATHWAY_OF_FIBRIN_CLOT_FORMATION,Tumor_Keratin_Pearl,0.10902096492788074,scANVI
REACTOME_COMPLEMENT_CASCADE,Tumor_Keratin_Pearl,0.8428350736846564,scANVI
REACTOME_COPII_MEDIATED_VESICLE_TRANSPORT,Tumor_Keratin_Pearl,0.11191065188801307,scANVI
REACTOME_ER_TO_GOLGI_ANTEROGRADE_TRANSPORT,Tumor_Keratin_Pearl,0.11191065188801307,scANVI
REACTOME_EXTRINSIC_PATHWAY_OF_FIBRIN_CLOT_FORMATION,Tumor_Keratin_Pearl,0.10900219167994733,scANVI
REACTOME_FORMATION_OF_FIBRIN_CLOT_CLOTTING_CASCADE,Tumor_Keratin_Pearl,0.11299856594388354,scANVI
REACTOME_GAMMA_CARBOXYLATION_HYPUSINYLATION_HYDROXYLATION_AND_ARYLSULFATASE_ACTIVATION,Tumor_Keratin_Pearl,0.10895112678241961,scANVI
REACTOME_GAMMA_CARBOXYLATION_OF_PROTEIN_PRECURSORS,Tumor_Keratin_Pearl,0.10217864971497714,scANVI
REACTOME_GAMMA_CARBOXYLATION_TRANSPORT_AND_AMINO_TERMINAL_CLEAVAGE_OF_PROTEINS,Tumor_Keratin_Pearl,0.10217864971497714,scANVI
REACTOME_GPCR_LIGAND_BINDING,Tumor_Keratin_Pearl,0.8468955416929917,scANVI
REACTOME_G_ALPHA_I_SIGNALLING_EVENTS,Tumor_Keratin_Pearl,0.8468955416929917,scANVI
REACTOME_HEMOSTASIS,Tumor_Keratin_Pearl,0.11299856594388354,scANVI
REACTOME_IMMUNE_SYSTEM,Tumor_Keratin_Pearl,0.8428350736846564,scANVI
REACTOME_IMMUNOREGULATORY_INTERACTIONS_BETWEEN_A_LYMPHOID_AND_A_NON_LYMPHOID_CELL,Tumor_Keratin_Pearl,0.8468955416929917,scANVI
REACTOME_INITIAL_TRIGGERING_OF_COMPLEMENT,Tumor_Keratin_Pearl,0.8476681187855106,scANVI
REACTOME_INNATE_IMMUNE_SYSTEM,Tumor_Keratin_Pearl,0.8428350736846564,scANVI
REACTOME_INTRINSIC_PATHWAY_OF_FIBRIN_CLOT_FORMATION,Tumor_Keratin_Pearl,0.1130103116038832,scANVI
REACTOME_MEMBRANE_TRAFFICKING,Tumor_Keratin_Pearl,0.11191065188801307,scANVI
REACTOME_METABOLISM_OF_PROTEINS,Tumor_Keratin_Pearl,0.2557179154814024,scANVI
REACTOME_NEUTROPHIL_DEGRANULATION,Tumor_Keratin_Pearl,0.8468955416929917,scANVI
REACTOME_PEPTIDE_LIGAND_BINDING_RECEPTORS,Tumor_Keratin_Pearl,0.8468955416929917,scANVI
REACTOME_PLATELET_ACTIVATION_SIGNALING_AND_AGGREGATION,Tumor_Keratin_Pearl,0.11191065188801307,scANVI
REACTOME_POST_TRANSLATIONAL_PROTEIN_MODIFICATION,Tumor_Keratin_Pearl,0.2557179154814024,scANVI
REACTOME_REGULATION_OF_INSULIN_LIKE_GROWTH_FACTOR_IGF_TRANSPORT_AND_UPTAKE_BY_INSULIN_LIKE_GROWTH_FACTOR_BINDING_PROTEINS_IGFBPS,Tumor_Keratin_Pearl,0.4753009798704498,scANVI
REACTOME_RESPONSE_TO_ELEVATED_PLATELET_CYTOSOLIC_CA2,Tumor_Keratin_Pearl,0.11191065188801307,scANVI
REACTOME_SIGNALING_BY_GPCR,Tumor_Keratin_Pearl,0.8468955416929917,scANVI
REACTOME_TERMINAL_PATHWAY_OF_COMPLEMENT,Tumor_Keratin_Pearl,0.8393670611834471,scANVI
REACTOME_TRANSPORT_OF_GAMMA_CARBOXYLATED_PROTEIN_PRECURSORS_FROM_THE_ENDOPLASMIC_RETICULUM_TO_THE_GOLGI_APPARATUS,Tumor_Keratin_Pearl,0.10217864971497714,scANVI
REACTOME_TRANSPORT_TO_THE_GOLGI_AND_SUBSEQUENT_MODIFICATION,Tumor_Keratin_Pearl,0.11191065188801307,scANVI
REACTOME_VESICLE_MEDIATED_TRANSPORT,Tumor_Keratin_Pearl,0.11191065188801307,scANVI
REACTOME_ACTIVATION_OF_C3_AND_C5,Plasma_IgA,0.8656089407996984,scANVI
REACTOME_ADAPTIVE_IMMUNE_SYSTEM,Plasma_IgA,0.865864665183873,scANVI
REACTOME_ALTERNATIVE_COMPLEMENT_ACTIVATION,Plasma_IgA,0.865864665183873,scANVI
REACTOME_ASPARAGINE_N_LINKED_GLYCOSYLATION,Plasma_IgA,0.11661474264550087,scANVI
REACTOME_CARGO_CONCENTRATION_IN_THE_ER,Plasma_IgA,0.11661474264550087,scANVI
REACTOME_CLASS_A_1_RHODOPSIN_LIKE_RECEPTORS,Plasma_IgA,0.865864665183873,scANVI
REACTOME_COMMON_PATHWAY_OF_FIBRIN_CLOT_FORMATION,Plasma_IgA,0.11636967608867742,scANVI
REACTOME_COMPLEMENT_CASCADE,Plasma_IgA,0.8613792163066063,scANVI
REACTOME_COPII_MEDIATED_VESICLE_TRANSPORT,Plasma_IgA,0.11661474264550087,scANVI
REACTOME_ER_TO_GOLGI_ANTEROGRADE_TRANSPORT,Plasma_IgA,0.11661474264550087,scANVI
REACTOME_EXTRINSIC_PATHWAY_OF_FIBRIN_CLOT_FORMATION,Plasma_IgA,0.11544217023682717,scANVI
REACTOME_FORMATION_OF_FIBRIN_CLOT_CLOTTING_CASCADE,Plasma_IgA,0.11627323325221797,scANVI
REACTOME_GAMMA_CARBOXYLATION_HYPUSINYLATION_HYDROXYLATION_AND_ARYLSULFATASE_ACTIVATION,Plasma_IgA,0.1158469814288013,scANVI
REACTOME_GAMMA_CARBOXYLATION_OF_PROTEIN_PRECURSORS,Plasma_IgA,0.11492222742346551,scANVI
REACTOME_GAMMA_CARBOXYLATION_TRANSPORT_AND_AMINO_TERMINAL_CLEAVAGE_OF_PROTEINS,Plasma_IgA,0.11492222742346551,scANVI
REACTOME_GPCR_LIGAND_BINDING,Plasma_IgA,0.865864665183873,scANVI
REACTOME_G_ALPHA_I_SIGNALLING_EVENTS,Plasma_IgA,0.865864665183873,scANVI
REACTOME_HEMOSTASIS,Plasma_IgA,0.11627323325221797,scANVI
REACTOME_IMMUNE_SYSTEM,Plasma_IgA,0.8613792163066063,scANVI
REACTOME_IMMUNOREGULATORY_INTERACTIONS_BETWEEN_A_LYMPHOID_AND_A_NON_LYMPHOID_CELL,Plasma_IgA,0.865864665183873,scANVI
REACTOME_INITIAL_TRIGGERING_OF_COMPLEMENT,Plasma_IgA,0.8656089407996984,scANVI
REACTOME_INNATE_IMMUNE_SYSTEM,Plasma_IgA,0.8613792163066063,scANVI
REACTOME_INTRINSIC_PATHWAY_OF_FIBRIN_CLOT_FORMATION,Plasma_IgA,0.11630308972554507,scANVI
REACTOME_MEMBRANE_TRAFFICKING,Plasma_IgA,0.11661474264550087,scANVI
REACTOME_METABOLISM_OF_PROTEINS,Plasma_IgA,0.26699414231094337,scANVI
REACTOME_NEUTROPHIL_DEGRANULATION,Plasma_IgA,0.865864665183873,scANVI
REACTOME_PEPTIDE_LIGAND_BINDING_RECEPTORS,Plasma_IgA,0.865864665183873,scANVI
REACTOME_PLATELET_ACTIVATION_SIGNALING_AND_AGGREGATION,Plasma_IgA,0.11661474264550087,scANVI
REACTOME_POST_TRANSLATIONAL_PROTEIN_MODIFICATION,Plasma_IgA,0.26699414231094337,scANVI
REACTOME_REGULATION_OF_INSULIN_LIKE_GROWTH_FACTOR_IGF_TRANSPORT_AND_UPTAKE_BY_INSULIN_LIKE_GROWTH_FACTOR_BINDING_PROTEINS_IGFBPS,Plasma_IgA,0.4924299655610083,scANVI
REACTOME_RESPONSE_TO_ELEVATED_PLATELET_CYTOSOLIC_CA2,Plasma_IgA,0.11661474264550087,scANVI
REACTOME_SIGNALING_BY_GPCR,Plasma_IgA,0.865864665183873,scANVI
REACTOME_TERMINAL_PATHWAY_OF_COMPLEMENT,Plasma_IgA,0.8581686801775604,scANVI
REACTOME_TRANSPORT_OF_GAMMA_CARBOXYLATED_PROTEIN_PRECURSORS_FROM_THE_ENDOPLASMIC_RETICULUM_TO_THE_GOLGI_APPARATUS,Plasma_IgA,0.11492222742346551,scANVI
REACTOME_TRANSPORT_TO_THE_GOLGI_AND_SUBSEQUENT_MODIFICATION,Plasma_IgA,0.11661474264550087,scANVI
REACTOME_VESICLE_MEDIATED_TRANSPORT,Plasma_IgA,0.11661474264550087,scANVI
REACTOME_ACTIVATION_OF_C3_AND_C5,T_cell,0.8652445087146607,scANVI
REACTOME_ADAPTIVE_IMMUNE_SYSTEM,T_cell,0.8660054092977094,scANVI
REACTOME_ALTERNATIVE_COMPLEMENT_ACTIVATION,T_cell,0.8660054092977094,scANVI
REACTOME_ASPARAGINE_N_LINKED_GLYCOSYLATION,T_cell,0.12119446733392972,scANVI
REACTOME_CARGO_CONCENTRATION_IN_THE_ER,T_cell,0.12119446733392972,scANVI
REACTOME_CLASS_A_1_RHODOPSIN_LIKE_RECEPTORS,T_cell,0.8660054092977094,scANVI
REACTOME_COMMON_PATHWAY_OF_FIBRIN_CLOT_FORMATION,T_cell,0.11987377039741033,scANVI
REACTOME_COMPLEMENT_CASCADE,T_cell,0.8610635099024212,scANVI
REACTOME_COPII_MEDIATED_VESICLE_TRANSPORT,T_cell,0.12119446733392972,scANVI
REACTOME_ER_TO_GOLGI_ANTEROGRADE_TRANSPORT,T_cell,0.12119446733392972,scANVI
REACTOME_EXTRINSIC_PATHWAY_OF_FIBRIN_CLOT_FORMATION,T_cell,0.11567060626519213,scANVI
REACTOME_FORMATION_OF_FIBRIN_CLOT_CLOTTING_CASCADE,T_cell,0.11807061277945324,scANVI
REACTOME_GAMMA_CARBOXYLATION_HYPUSINYLATION_HYDROXYLATION_AND_ARYLSULFATASE_ACTIVATION,T_cell,0.11714195701392006,scANVI
REACTOME_GAMMA_CARBOXYLATION_OF_PROTEIN_PRECURSORS,T_cell,0.1156606425708975,scANVI
REACTOME_GAMMA_CARBOXYLATION_TRANSPORT_AND_AMINO_TERMINAL_CLEAVAGE_OF_PROTEINS,T_cell,0.1156606425708975,scANVI
REACTOME_GPCR_LIGAND_BINDING,T_cell,0.8660054092977094,scANVI
REACTOME_G_ALPHA_I_SIGNALLING_EVENTS,T_cell,0.8660054092977094,scANVI
REACTOME_HEMOSTASIS,T_cell,0.11807061277945324,scANVI
REACTOME_IMMUNE_SYSTEM,T_cell,0.8610635099024212,scANVI
REACTOME_IMMUNOREGULATORY_INTERACTIONS_BETWEEN_A_LYMPHOID_AND_A_NON_LYMPHOID_CELL,T_cell,0.8660054092977094,scANVI
REACTOME_INITIAL_TRIGGERING_OF_COMPLEMENT,T_cell,0.8652445087146607,scANVI
REACTOME_INNATE_IMMUNE_SYSTEM,T_cell,0.8610635099024212,scANVI
REACTOME_INTRINSIC_PATHWAY_OF_FIBRIN_CLOT_FORMATION,T_cell,0.11738137345566049,scANVI
REACTOME_MEMBRANE_TRAFFICKING,T_cell,0.12119446733392972,scANVI
REACTOME_METABOLISM_OF_PROTEINS,T_cell,0.26914128243809476,scANVI
REACTOME_NEUTROPHIL_DEGRANULATION,T_cell,0.8660054092977094,scANVI
REACTOME_PEPTIDE_LIGAND_BINDING_RECEPTORS,T_cell,0.8660054092977094,scANVI
REACTOME_PLATELET_ACTIVATION_SIGNALING_AND_AGGREGATION,T_cell,0.12119446733392972,scANVI
REACTOME_POST_TRANSLATIONAL_PROTEIN_MODIFICATION,T_cell,0.26914128243809476,scANVI
REACTOME_REGULATION_OF_INSULIN_LIKE_GROWTH_FACTOR_IGF_TRANSPORT_AND_UPTAKE_BY_INSULIN_LIKE_GROWTH_FACTOR_BINDING_PROTEINS_IGFBPS,T_cell,0.4956339548091765,scANVI
REACTOME_RESPONSE_TO_ELEVATED_PLATELET_CYTOSOLIC_CA2,T_cell,0.12119446733392972,scANVI
REACTOME_SIGNALING_BY_GPCR,T_cell,0.8660054092977094,scANVI
REACTOME_TERMINAL_PATHWAY_OF_COMPLEMENT,T_cell,0.8579382853967886,scANVI
REACTOME_TRANSPORT_OF_GAMMA_CARBOXYLATED_PROTEIN_PRECURSORS_FROM_THE_ENDOPLASMIC_RETICULUM_TO_THE_GOLGI_APPARATUS,T_cell,0.1156606425708975,scANVI
REACTOME_TRANSPORT_TO_THE_GOLGI_AND_SUBSEQUENT_MODIFICATION,T_cell,0.12119446733392972,scANVI
REACTOME_VESICLE_MEDIATED_TRANSPORT,T_cell,0.12119446733392972,scANVI
REACTOME_ACTIVATION_OF_C3_AND_C5,Macrophages,0.8657076572588602,scANVI
REACTOME_ADAPTIVE_IMMUNE_SYSTEM,Macrophages,0.8615527323607652,scANVI
REACTOME_ALTERNATIVE_COMPLEMENT_ACTIVATION,Macrophages,0.8615527323607652,scANVI
REACTOME_ASPARAGINE_N_LINKED_GLYCOSYLATION,Macrophages,0.13172061573084226,scANVI
REACTOME_CARGO_CONCENTRATION_IN_THE_ER,Macrophages,0.13172061573084226,scANVI
REACTOME_CLASS_A_1_RHODOPSIN_LIKE_RECEPTORS,Macrophages,0.8615527323607652,scANVI
REACTOME_COMMON_PATHWAY_OF_FIBRIN_CLOT_FORMATION,Macrophages,0.12717840946100037,scANVI
REACTOME_COMPLEMENT_CASCADE,Macrophages,0.8608039316301926,scANVI
REACTOME_COPII_MEDIATED_VESICLE_TRANSPORT,Macrophages,0.13172061573084226,scANVI
REACTOME_ER_TO_GOLGI_ANTEROGRADE_TRANSPORT,Macrophages,0.13172061573084226,scANVI
REACTOME_EXTRINSIC_PATHWAY_OF_FIBRIN_CLOT_FORMATION,Macrophages,0.11665522083627032,scANVI
REACTOME_FORMATION_OF_FIBRIN_CLOT_CLOTTING_CASCADE,Macrophages,0.12205558641403498,scANVI
REACTOME_GAMMA_CARBOXYLATION_HYPUSINYLATION_HYDROXYLATION_AND_ARYLSULFATASE_ACTIVATION,Macrophages,0.11660879192424947,scANVI
REACTOME_GAMMA_CARBOXYLATION_OF_PROTEIN_PRECURSORS,Macrophages,0.11671051382400449,scANVI
REACTOME_GAMMA_CARBOXYLATION_TRANSPORT_AND_AMINO_TERMINAL_CLEAVAGE_OF_PROTEINS,Macrophages,0.11671051382400449,scANVI
REACTOME_GPCR_LIGAND_BINDING,Macrophages,0.8615527323607652,scANVI
REACTOME_G_ALPHA_I_SIGNALLING_EVENTS,Macrophages,0.8615527323607652,scANVI
REACTOME_HEMOSTASIS,Macrophages,0.12205558641403498,scANVI
REACTOME_IMMUNE_SYSTEM,Macrophages,0.8608039316301926,scANVI
REACTOME_IMMUNOREGULATORY_INTERACTIONS_BETWEEN_A_LYMPHOID_AND_A_NON_LYMPHOID_CELL,Macrophages,0.8615527323607652,scANVI
REACTOME_INITIAL_TRIGGERING_OF_COMPLEMENT,Macrophages,0.8657076572588602,scANVI
REACTOME_INNATE_IMMUNE_SYSTEM,Macrophages,0.8608039316301926,scANVI
REACTOME_INTRINSIC_PATHWAY_OF_FIBRIN_CLOT_FORMATION,Macrophages,0.1167008919755343,scANVI
REACTOME_MEMBRANE_TRAFFICKING,Macrophages,0.13172061573084226,scANVI
REACTOME_METABOLISM_OF_PROTEINS,Macrophages,0.2718829130127412,scANVI
REACTOME_NEUTROPHIL_DEGRANULATION,Macrophages,0.8615527323607652,scANVI
REACTOME_PEPTIDE_LIGAND_BINDING_RECEPTORS,Macrophages,0.8615527323607652,scANVI
REACTOME_PLATELET_ACTIVATION_SIGNALING_AND_AGGREGATION,Macrophages,0.13172061573084226,scANVI
REACTOME_POST_TRANSLATIONAL_PROTEIN_MODIFICATION,Macrophages,0.2718829130127412,scANVI
REACTOME_REGULATION_OF_INSULIN_LIKE_GROWTH_FACTOR_IGF_TRANSPORT_AND_UPTAKE_BY_INSULIN_LIKE_GROWTH_FACTOR_BINDING_PROTEINS_IGFBPS,Macrophages,0.5033037762898094,scANVI
REACTOME_RESPONSE_TO_ELEVATED_PLATELET_CYTOSOLIC_CA2,Macrophages,0.13172061573084226,scANVI
REACTOME_SIGNALING_BY_GPCR,Macrophages,0.8615527323607652,scANVI
REACTOME_TERMINAL_PATHWAY_OF_COMPLEMENT,Macrophages,0.8573135452984266,scANVI
REACTOME_TRANSPORT_OF_GAMMA_CARBOXYLATED_PROTEIN_PRECURSORS_FROM_THE_ENDOPLASMIC_RETICULUM_TO_THE_GOLGI_APPARATUS,Macrophages,0.11671051382400449,scANVI
REACTOME_TRANSPORT_TO_THE_GOLGI_AND_SUBSEQUENT_MODIFICATION,Macrophages,0.13172061573084226,scANVI
REACTOME_VESICLE_MEDIATED_TRANSPORT,Macrophages,0.13172061573084226,scANVI
REACTOME_ACTIVATION_OF_C3_AND_C5,Cortex_CCL21,0.8637424768636904,scANVI
REACTOME_ADAPTIVE_IMMUNE_SYSTEM,Cortex_CCL21,0.862203429127236,scANVI
REACTOME_ALTERNATIVE_COMPLEMENT_ACTIVATION,Cortex_CCL21,0.862203429127236,scANVI
REACTOME_ASPARAGINE_N_LINKED_GLYCOSYLATION,Cortex_CCL21,0.11695554683718233,scANVI
REACTOME_CARGO_CONCENTRATION_IN_THE_ER,Cortex_CCL21,0.11695554683718233,scANVI
REACTOME_CLASS_A_1_RHODOPSIN_LIKE_RECEPTORS,Cortex_CCL21,0.862203429127236,scANVI
REACTOME_COMMON_PATHWAY_OF_FIBRIN_CLOT_FORMATION,Cortex_CCL21,0.11720720901251731,scANVI
REACTOME_COMPLEMENT_CASCADE,Cortex_CCL21,0.8603367877976374,scANVI
REACTOME_COPII_MEDIATED_VESICLE_TRANSPORT,Cortex_CCL21,0.11695554683718233,scANVI
REACTOME_ER_TO_GOLGI_ANTEROGRADE_TRANSPORT,Cortex_CCL21,0.11695554683718233,scANVI
REACTOME_EXTRINSIC_PATHWAY_OF_FIBRIN_CLOT_FORMATION,Cortex_CCL21,0.11718362607307865,scANVI
REACTOME_FORMATION_OF_FIBRIN_CLOT_CLOTTING_CASCADE,Cortex_CCL21,0.11717218952508968,scANVI
REACTOME_GAMMA_CARBOXYLATION_HYPUSINYLATION_HYDROXYLATION_AND_ARYLSULFATASE_ACTIVATION,Cortex_CCL21,0.11713646019420033,scANVI
REACTOME_GAMMA_CARBOXYLATION_OF_PROTEIN_PRECURSORS,Cortex_CCL21,0.11723853233210034,scANVI
REACTOME_GAMMA_CARBOXYLATION_TRANSPORT_AND_AMINO_TERMINAL_CLEAVAGE_OF_PROTEINS,Cortex_CCL21,0.11723853233210034,scANVI
REACTOME_GPCR_LIGAND_BINDING,Cortex_CCL21,0.862203429127236,scANVI
REACTOME_G_ALPHA_I_SIGNALLING_EVENTS,Cortex_CCL21,0.862203429127236,scANVI
REACTOME_HEMOSTASIS,Cortex_CCL21,0.11717218952508968,scANVI
REACTOME_IMMUNE_SYSTEM,Cortex_CCL21,0.8603367877976374,scANVI
REACTOME_IMMUNOREGULATORY_INTERACTIONS_BETWEEN_A_LYMPHOID_AND_A_NON_LYMPHOID_CELL,Cortex_CCL21,0.862203429127236,scANVI
REACTOME_INITIAL_TRIGGERING_OF_COMPLEMENT,Cortex_CCL21,0.8637424768636904,scANVI
REACTOME_INNATE_IMMUNE_SYSTEM,Cortex_CCL21,0.8603367877976374,scANVI
REACTOME_INTRINSIC_PATHWAY_OF_FIBRIN_CLOT_FORMATION,Cortex_CCL21,0.11722894697545834,scANVI
REACTOME_MEMBRANE_TRAFFICKING,Cortex_CCL21,0.11695554683718233,scANVI
REACTOME_METABOLISM_OF_PROTEINS,Cortex_CCL21,0.26615186492692566,scANVI
REACTOME_NEUTROPHIL_DEGRANULATION,Cortex_CCL21,0.862203429127236,scANVI
REACTOME_PEPTIDE_LIGAND_BINDING_RECEPTORS,Cortex_CCL21,0.862203429127236,scANVI
REACTOME_PLATELET_ACTIVATION_SIGNALING_AND_AGGREGATION,Cortex_CCL21,0.11695554683718233,scANVI
REACTOME_POST_TRANSLATIONAL_PROTEIN_MODIFICATION,Cortex_CCL21,0.26615186492692566,scANVI
REACTOME_REGULATION_OF_INSULIN_LIKE_GROWTH_FACTOR_IGF_TRANSPORT_AND_UPTAKE_BY_INSULIN_LIKE_GROWTH_FACTOR_BINDING_PROTEINS_IGFBPS,Cortex_CCL21,0.48961207045742033,scANVI
REACTOME_RESPONSE_TO_ELEVATED_PLATELET_CYTOSOLIC_CA2,Cortex_CCL21,0.11695554683718233,scANVI
REACTOME_SIGNALING_BY_GPCR,Cortex_CCL21,0.862203429127236,scANVI
REACTOME_TERMINAL_PATHWAY_OF_COMPLEMENT,Cortex_CCL21,0.857947336795854,scANVI
REACTOME_TRANSPORT_OF_GAMMA_CARBOXYLATED_PROTEIN_PRECURSORS_FROM_THE_ENDOPLASMIC_RETICULUM_TO_THE_GOLGI_APPARATUS,Cortex_CCL21,0.11723853233210034,scANVI
REACTOME_TRANSPORT_TO_THE_GOLGI_AND_SUBSEQUENT_MODIFICATION,Cortex_CCL21,0.11695554683718233,scANVI
REACTOME_VESICLE_MEDIATED_TRANSPORT,Cortex_CCL21,0.11695554683718233,scANVI
REACTOME_ACTIVATION_OF_C3_AND_C5,Cytotoxic_IFN_signaling,0.9045974743462745,scANVI
REACTOME_ADAPTIVE_IMMUNE_SYSTEM,Cytotoxic_IFN_signaling,0.939974588749305,scANVI
REACTOME_ALTERNATIVE_COMPLEMENT_ACTIVATION,Cytotoxic_IFN_signaling,0.939974588749305,scANVI
REACTOME_ASPARAGINE_N_LINKED_GLYCOSYLATION,Cytotoxic_IFN_signaling,0.114644498628685,scANVI
REACTOME_CARGO_CONCENTRATION_IN_THE_ER,Cytotoxic_IFN_signaling,0.114644498628685,scANVI
REACTOME_CLASS_A_1_RHODOPSIN_LIKE_RECEPTORS,Cytotoxic_IFN_signaling,0.939974588749305,scANVI
REACTOME_COMMON_PATHWAY_OF_FIBRIN_CLOT_FORMATION,Cytotoxic_IFN_signaling,0.1148842894777625,scANVI
REACTOME_COMPLEMENT_CASCADE,Cytotoxic_IFN_signaling,0.8759408508167335,scANVI
REACTOME_COPII_MEDIATED_VESICLE_TRANSPORT,Cytotoxic_IFN_signaling,0.114644498628685,scANVI
REACTOME_ER_TO_GOLGI_ANTEROGRADE_TRANSPORT,Cytotoxic_IFN_signaling,0.114644498628685,scANVI
REACTOME_EXTRINSIC_PATHWAY_OF_FIBRIN_CLOT_FORMATION,Cytotoxic_IFN_signaling,0.1148607065383235,scANVI
REACTOME_FORMATION_OF_FIBRIN_CLOT_CLOTTING_CASCADE,Cytotoxic_IFN_signaling,0.114854925511233,scANVI
REACTOME_GAMMA_CARBOXYLATION_HYPUSINYLATION_HYDROXYLATION_AND_ARYLSULFATASE_ACTIVATION,Cytotoxic_IFN_signaling,0.1148135406594455,scANVI
REACTOME_GAMMA_CARBOXYLATION_OF_PROTEIN_PRECURSORS,Cytotoxic_IFN_signaling,0.1149097975301705,scANVI
REACTOME_GAMMA_CARBOXYLATION_TRANSPORT_AND_AMINO_TERMINAL_CLEAVAGE_OF_PROTEINS,Cytotoxic_IFN_signaling,0.1149097975301705,scANVI
REACTOME_GPCR_LIGAND_BINDING,Cytotoxic_IFN_signaling,0.939974588749305,scANVI
REACTOME_G_ALPHA_I_SIGNALLING_EVENTS,Cytotoxic_IFN_signaling,0.939974588749305,scANVI
REACTOME_HEMOSTASIS,Cytotoxic_IFN_signaling,0.114854925511233,scANVI
REACTOME_IMMUNE_SYSTEM,Cytotoxic_IFN_signaling,0.8759408508167335,scANVI
REACTOME_IMMUNOREGULATORY_INTERACTIONS_BETWEEN_A_LYMPHOID_AND_A_NON_LYMPHOID_CELL,Cytotoxic_IFN_signaling,0.939974588749305,scANVI
REACTOME_INITIAL_TRIGGERING_OF_COMPLEMENT,Cytotoxic_IFN_signaling,0.9045974743462745,scANVI
REACTOME_INNATE_IMMUNE_SYSTEM,Cytotoxic_IFN_signaling,0.8759408508167335,scANVI
REACTOME_INTRINSIC_PATHWAY_OF_FIBRIN_CLOT_FORMATION,Cytotoxic_IFN_signaling,0.1149088951404815,scANVI
REACTOME_MEMBRANE_TRAFFICKING,Cytotoxic_IFN_signaling,0.114644498628685,scANVI
REACTOME_METABOLISM_OF_PROTEINS,Cytotoxic_IFN_signaling,0.293152789561279,scANVI
REACTOME_NEUTROPHIL_DEGRANULATION,Cytotoxic_IFN_signaling,0.939974588749305,scANVI
REACTOME_PEPTIDE_LIGAND_BINDING_RECEPTORS,Cytotoxic_IFN_signaling,0.939974588749305,scANVI
REACTOME_PLATELET_ACTIVATION_SIGNALING_AND_AGGREGATION,Cytotoxic_IFN_signaling,0.114644498628685,scANVI
REACTOME_POST_TRANSLATIONAL_PROTEIN_MODIFICATION,Cytotoxic_IFN_signaling,0.293152789561279,scANVI
REACTOME_REGULATION_OF_INSULIN_LIKE_GROWTH_FACTOR_IGF_TRANSPORT_AND_UPTAKE_BY_INSULIN_LIKE_GROWTH_FACTOR_BINDING_PROTEINS_IGFBPS,Cytotoxic_IFN_signaling,0.547042404900791,scANVI
REACTOME_RESPONSE_TO_ELEVATED_PLATELET_CYTOSOLIC_CA2,Cytotoxic_IFN_signaling,0.114644498628685,scANVI
REACTOME_SIGNALING_BY_GPCR,Cytotoxic_IFN_signaling,0.939974588749305,scANVI
REACTOME_TERMINAL_PATHWAY_OF_COMPLEMENT,Cytotoxic_IFN_signaling,0.8549994693659615,scANVI
REACTOME_TRANSPORT_OF_GAMMA_CARBOXYLATED_PROTEIN_PRECURSORS_FROM_THE_ENDOPLASMIC_RETICULUM_TO_THE_GOLGI_APPARATUS,Cytotoxic_IFN_signaling,0.1149097975301705,scANVI
REACTOME_TRANSPORT_TO_THE_GOLGI_AND_SUBSEQUENT_MODIFICATION,Cytotoxic_IFN_signaling,0.114644498628685,scANVI
REACTOME_VESICLE_MEDIATED_TRANSPORT,Cytotoxic_IFN_signaling,0.114644498628685,scANVI
REACTOME_ACTIVATION_OF_C3_AND_C5,M1_macrophages,0.8677416479240194,SpatialID
REACTOME_ADAPTIVE_IMMUNE_SYSTEM,M1_macrophages,0.8721634869190303,SpatialID
REACTOME_ALTERNATIVE_COMPLEMENT_ACTIVATION,M1_macrophages,0.8721634869190303,SpatialID
REACTOME_ASPARAGINE_N_LINKED_GLYCOSYLATION,M1_macrophages,0.11841244229472715,SpatialID
REACTOME_CARGO_CONCENTRATION_IN_THE_ER,M1_macrophages,0.11841244229472715,SpatialID
REACTOME_CLASS_A_1_RHODOPSIN_LIKE_RECEPTORS,M1_macrophages,0.8721634869190303,SpatialID
REACTOME_COMMON_PATHWAY_OF_FIBRIN_CLOT_FORMATION,M1_macrophages,0.11709285267670726,SpatialID
REACTOME_COMPLEMENT_CASCADE,M1_macrophages,0.8611510396551816,SpatialID
REACTOME_COPII_MEDIATED_VESICLE_TRANSPORT,M1_macrophages,0.11841244229472715,SpatialID
REACTOME_ER_TO_GOLGI_ANTEROGRADE_TRANSPORT,M1_macrophages,0.11841244229472715,SpatialID
REACTOME_EXTRINSIC_PATHWAY_OF_FIBRIN_CLOT_FORMATION,M1_macrophages,0.11418515326051179,SpatialID
REACTOME_FORMATION_OF_FIBRIN_CLOT_CLOTTING_CASCADE,M1_macrophages,0.11617274381821928,SpatialID
REACTOME_GAMMA_CARBOXYLATION_HYPUSINYLATION_HYDROXYLATION_AND_ARYLSULFATASE_ACTIVATION,M1_macrophages,0.11535726849281328,SpatialID
REACTOME_GAMMA_CARBOXYLATION_OF_PROTEIN_PRECURSORS,M1_macrophages,0.11327809026280002,SpatialID
REACTOME_GAMMA_CARBOXYLATION_TRANSPORT_AND_AMINO_TERMINAL_CLEAVAGE_OF_PROTEINS,M1_macrophages,0.11327809026280002,SpatialID
REACTOME_GPCR_LIGAND_BINDING,M1_macrophages,0.8721634869190303,SpatialID
REACTOME_G_ALPHA_I_SIGNALLING_EVENTS,M1_macrophages,0.8721634869190303,SpatialID
REACTOME_HEMOSTASIS,M1_macrophages,0.11617274381821928,SpatialID
REACTOME_IMMUNE_SYSTEM,M1_macrophages,0.8611510396551816,SpatialID
REACTOME_IMMUNOREGULATORY_INTERACTIONS_BETWEEN_A_LYMPHOID_AND_A_NON_LYMPHOID_CELL,M1_macrophages,0.8721634869190303,SpatialID
REACTOME_INITIAL_TRIGGERING_OF_COMPLEMENT,M1_macrophages,0.8677416479240194,SpatialID
REACTOME_INNATE_IMMUNE_SYSTEM,M1_macrophages,0.8611510396551816,SpatialID
REACTOME_INTRINSIC_PATHWAY_OF_FIBRIN_CLOT_FORMATION,M1_macrophages,0.1157182112389805,SpatialID
REACTOME_MEMBRANE_TRAFFICKING,M1_macrophages,0.11841244229472715,SpatialID
REACTOME_METABOLISM_OF_PROTEINS,M1_macrophages,0.26972015552022593,SpatialID
REACTOME_NEUTROPHIL_DEGRANULATION,M1_macrophages,0.8721634869190303,SpatialID
REACTOME_PEPTIDE_LIGAND_BINDING_RECEPTORS,M1_macrophages,0.8721634869190303,SpatialID
REACTOME_PLATELET_ACTIVATION_SIGNALING_AND_AGGREGATION,M1_macrophages,0.11841244229472715,SpatialID
REACTOME_POST_TRANSLATIONAL_PROTEIN_MODIFICATION,M1_macrophages,0.26972015552022593,SpatialID
REACTOME_REGULATION_OF_INSULIN_LIKE_GROWTH_FACTOR_IGF_TRANSPORT_AND_UPTAKE_BY_INSULIN_LIKE_GROWTH_FACTOR_BINDING_PROTEINS_IGFBPS,M1_macrophages,0.4984313346876145,SpatialID
REACTOME_RESPONSE_TO_ELEVATED_PLATELET_CYTOSOLIC_CA2,M1_macrophages,0.11841244229472715,SpatialID
REACTOME_SIGNALING_BY_GPCR,M1_macrophages,0.8721634869190303,SpatialID
REACTOME_TERMINAL_PATHWAY_OF_COMPLEMENT,M1_macrophages,0.8562200201679607,SpatialID
REACTOME_TRANSPORT_OF_GAMMA_CARBOXYLATED_PROTEIN_PRECURSORS_FROM_THE_ENDOPLASMIC_RETICULUM_TO_THE_GOLGI_APPARATUS,M1_macrophages,0.11327809026280002,SpatialID
REACTOME_TRANSPORT_TO_THE_GOLGI_AND_SUBSEQUENT_MODIFICATION,M1_macrophages,0.11841244229472715,SpatialID
REACTOME_VESICLE_MEDIATED_TRANSPORT,M1_macrophages,0.11841244229472715,SpatialID
REACTOME_ACTIVATION_OF_C3_AND_C5,CAF,0.8694999060933495,SpatialID
REACTOME_ADAPTIVE_IMMUNE_SYSTEM,CAF,0.8762259471686948,SpatialID
REACTOME_ALTERNATIVE_COMPLEMENT_ACTIVATION,CAF,0.8762259471686948,SpatialID
REACTOME_ASPARAGINE_N_LINKED_GLYCOSYLATION,CAF,0.11761681961795013,SpatialID
REACTOME_CARGO_CONCENTRATION_IN_THE_ER,CAF,0.11761681961795013,SpatialID
REACTOME_CLASS_A_1_RHODOPSIN_LIKE_RECEPTORS,CAF,0.8762259471686948,SpatialID
REACTOME_COMMON_PATHWAY_OF_FIBRIN_CLOT_FORMATION,CAF,0.11556627217304075,SpatialID
REACTOME_COMPLEMENT_CASCADE,CAF,0.8591668492867734,SpatialID
REACTOME_COPII_MEDIATED_VESICLE_TRANSPORT,CAF,0.11761681961795013,SpatialID
REACTOME_ER_TO_GOLGI_ANTEROGRADE_TRANSPORT,CAF,0.11761681961795013,SpatialID
REACTOME_EXTRINSIC_PATHWAY_OF_FIBRIN_CLOT_FORMATION,CAF,0.11503554657106917,SpatialID
REACTOME_FORMATION_OF_FIBRIN_CLOT_CLOTTING_CASCADE,CAF,0.11681823883879189,SpatialID
REACTOME_GAMMA_CARBOXYLATION_HYPUSINYLATION_HYDROXYLATION_AND_ARYLSULFATASE_ACTIVATION,CAF,0.11270466847202282,SpatialID
REACTOME_GAMMA_CARBOXYLATION_OF_PROTEIN_PRECURSORS,CAF,0.10999220610390252,SpatialID
REACTOME_GAMMA_CARBOXYLATION_TRANSPORT_AND_AMINO_TERMINAL_CLEAVAGE_OF_PROTEINS,CAF,0.10999220610390252,SpatialID
REACTOME_GPCR_LIGAND_BINDING,CAF,0.8762259471686948,SpatialID
REACTOME_G_ALPHA_I_SIGNALLING_EVENTS,CAF,0.8762259471686948,SpatialID
REACTOME_HEMOSTASIS,CAF,0.11681823883879189,SpatialID
REACTOME_IMMUNE_SYSTEM,CAF,0.8591668492867734,SpatialID
REACTOME_IMMUNOREGULATORY_INTERACTIONS_BETWEEN_A_LYMPHOID_AND_A_NON_LYMPHOID_CELL,CAF,0.8762259471686948,SpatialID
REACTOME_INITIAL_TRIGGERING_OF_COMPLEMENT,CAF,0.8694999060933495,SpatialID
REACTOME_INNATE_IMMUNE_SYSTEM,CAF,0.8591668492867734,SpatialID
REACTOME_INTRINSIC_PATHWAY_OF_FIBRIN_CLOT_FORMATION,CAF,0.11426946765150256,SpatialID
REACTOME_MEMBRANE_TRAFFICKING,CAF,0.11761681961795013,SpatialID
REACTOME_METABOLISM_OF_PROTEINS,CAF,0.27027583519554854,SpatialID
REACTOME_NEUTROPHIL_DEGRANULATION,CAF,0.8762259471686948,SpatialID
REACTOME_PEPTIDE_LIGAND_BINDING_RECEPTORS,CAF,0.8762259471686948,SpatialID
REACTOME_PLATELET_ACTIVATION_SIGNALING_AND_AGGREGATION,CAF,0.11761681961795013,SpatialID
REACTOME_POST_TRANSLATIONAL_PROTEIN_MODIFICATION,CAF,0.27027583519554854,SpatialID
REACTOME_REGULATION_OF_INSULIN_LIKE_GROWTH_FACTOR_IGF_TRANSPORT_AND_UPTAKE_BY_INSULIN_LIKE_GROWTH_FACTOR_BINDING_PROTEINS_IGFBPS,CAF,0.5022572220935777,SpatialID
REACTOME_RESPONSE_TO_ELEVATED_PLATELET_CYTOSOLIC_CA2,CAF,0.11761681961795013,SpatialID
REACTOME_SIGNALING_BY_GPCR,CAF,0.8762259471686948,SpatialID
REACTOME_TERMINAL_PATHWAY_OF_COMPLEMENT,CAF,0.8515429786957385,SpatialID
REACTOME_TRANSPORT_OF_GAMMA_CARBOXYLATED_PROTEIN_PRECURSORS_FROM_THE_ENDOPLASMIC_RETICULUM_TO_THE_GOLGI_APPARATUS,CAF,0.10999220610390252,SpatialID
REACTOME_TRANSPORT_TO_THE_GOLGI_AND_SUBSEQUENT_MODIFICATION,CAF,0.11761681961795013,SpatialID
REACTOME_VESICLE_MEDIATED_TRANSPORT,CAF,0.11761681961795013,SpatialID
REACTOME_ACTIVATION_OF_C3_AND_C5,Plasma_IgG,0.8680819254021224,SpatialID
REACTOME_ADAPTIVE_IMMUNE_SYSTEM,Plasma_IgG,0.8711883582757319,SpatialID
REACTOME_ALTERNATIVE_COMPLEMENT_ACTIVATION,Plasma_IgG,0.8711883582757319,SpatialID
REACTOME_ASPARAGINE_N_LINKED_GLYCOSYLATION,Plasma_IgG,0.11926103085196471,SpatialID
REACTOME_CARGO_CONCENTRATION_IN_THE_ER,Plasma_IgG,0.11926103085196471,SpatialID
REACTOME_CLASS_A_1_RHODOPSIN_LIKE_RECEPTORS,Plasma_IgG,0.8711883582757319,SpatialID
REACTOME_COMMON_PATHWAY_OF_FIBRIN_CLOT_FORMATION,Plasma_IgG,0.11812432594229207,SpatialID
REACTOME_COMPLEMENT_CASCADE,Plasma_IgG,0.861642047578878,SpatialID
REACTOME_COPII_MEDIATED_VESICLE_TRANSPORT,Plasma_IgG,0.11926103085196471,SpatialID
REACTOME_ER_TO_GOLGI_ANTEROGRADE_TRANSPORT,Plasma_IgG,0.11926103085196471,SpatialID
REACTOME_EXTRINSIC_PATHWAY_OF_FIBRIN_CLOT_FORMATION,Plasma_IgG,0.11628587814671078,SpatialID
REACTOME_FORMATION_OF_FIBRIN_CLOT_CLOTTING_CASCADE,Plasma_IgG,0.11776618822104817,SpatialID
REACTOME_GAMMA_CARBOXYLATION_HYPUSINYLATION_HYDROXYLATION_AND_ARYLSULFATASE_ACTIVATION,Plasma_IgG,0.1164703974113236,SpatialID
REACTOME_GAMMA_CARBOXYLATION_OF_PROTEIN_PRECURSORS,Plasma_IgG,0.11425983395057657,SpatialID
REACTOME_GAMMA_CARBOXYLATION_TRANSPORT_AND_AMINO_TERMINAL_CLEAVAGE_OF_PROTEINS,Plasma_IgG,0.11425983395057657,SpatialID
REACTOME_GPCR_LIGAND_BINDING,Plasma_IgG,0.8711883582757319,SpatialID
REACTOME_G_ALPHA_I_SIGNALLING_EVENTS,Plasma_IgG,0.8711883582757319,SpatialID
REACTOME_HEMOSTASIS,Plasma_IgG,0.11776618822104817,SpatialID
REACTOME_IMMUNE_SYSTEM,Plasma_IgG,0.861642047578878,SpatialID
REACTOME_IMMUNOREGULATORY_INTERACTIONS_BETWEEN_A_LYMPHOID_AND_A_NON_LYMPHOID_CELL,Plasma_IgG,0.8711883582757319,SpatialID
REACTOME_INITIAL_TRIGGERING_OF_COMPLEMENT,Plasma_IgG,0.8680819254021224,SpatialID
REACTOME_INNATE_IMMUNE_SYSTEM,Plasma_IgG,0.861642047578878,SpatialID
REACTOME_INTRINSIC_PATHWAY_OF_FIBRIN_CLOT_FORMATION,Plasma_IgG,0.11690666351061867,SpatialID
REACTOME_MEMBRANE_TRAFFICKING,Plasma_IgG,0.11926103085196471,SpatialID
REACTOME_METABOLISM_OF_PROTEINS,Plasma_IgG,0.2700010971871135,SpatialID
REACTOME_NEUTROPHIL_DEGRANULATION,Plasma_IgG,0.8711883582757319,SpatialID
REACTOME_PEPTIDE_LIGAND_BINDING_RECEPTORS,Plasma_IgG,0.8711883582757319,SpatialID
REACTOME_PLATELET_ACTIVATION_SIGNALING_AND_AGGREGATION,Plasma_IgG,0.11926103085196471,SpatialID
REACTOME_POST_TRANSLATIONAL_PROTEIN_MODIFICATION,Plasma_IgG,0.2700010971871135,SpatialID
REACTOME_REGULATION_OF_INSULIN_LIKE_GROWTH_FACTOR_IGF_TRANSPORT_AND_UPTAKE_BY_INSULIN_LIKE_GROWTH_FACTOR_BINDING_PROTEINS_IGFBPS,Plasma_IgG,0.49774312814138566,SpatialID
REACTOME_RESPONSE_TO_ELEVATED_PLATELET_CYTOSOLIC_CA2,Plasma_IgG,0.11926103085196471,SpatialID
REACTOME_SIGNALING_BY_GPCR,Plasma_IgG,0.8711883582757319,SpatialID
REACTOME_TERMINAL_PATHWAY_OF_COMPLEMENT,Plasma_IgG,0.8568258020832461,SpatialID
REACTOME_TRANSPORT_OF_GAMMA_CARBOXYLATED_PROTEIN_PRECURSORS_FROM_THE_ENDOPLASMIC_RETICULUM_TO_THE_GOLGI_APPARATUS,Plasma_IgG,0.11425983395057657,SpatialID
REACTOME_TRANSPORT_TO_THE_GOLGI_AND_SUBSEQUENT_MODIFICATION,Plasma_IgG,0.11926103085196471,SpatialID
REACTOME_VESICLE_MEDIATED_TRANSPORT,Plasma_IgG,0.11926103085196471,SpatialID
REACTOME_ACTIVATION_OF_C3_AND_C5,CAM,0.8558535188202274,SpatialID
REACTOME_ADAPTIVE_IMMUNE_SYSTEM,CAM,0.8547812118770702,SpatialID
REACTOME_ALTERNATIVE_COMPLEMENT_ACTIVATION,CAM,0.8547812118770702,SpatialID
REACTOME_ASPARAGINE_N_LINKED_GLYCOSYLATION,CAM,0.11103998921279941,SpatialID
REACTOME_CARGO_CONCENTRATION_IN_THE_ER,CAM,0.11103998921279941,SpatialID
REACTOME_CLASS_A_1_RHODOPSIN_LIKE_RECEPTORS,CAM,0.8547812118770702,SpatialID
REACTOME_COMMON_PATHWAY_OF_FIBRIN_CLOT_FORMATION,CAM,0.1107890013385401,SpatialID
REACTOME_COMPLEMENT_CASCADE,CAM,0.8516522533297194,SpatialID
REACTOME_COPII_MEDIATED_VESICLE_TRANSPORT,CAM,0.11103998921279941,SpatialID
REACTOME_ER_TO_GOLGI_ANTEROGRADE_TRANSPORT,CAM,0.11103998921279941,SpatialID
REACTOME_EXTRINSIC_PATHWAY_OF_FIBRIN_CLOT_FORMATION,CAM,0.11726016606891512,SpatialID
REACTOME_FORMATION_OF_FIBRIN_CLOT_CLOTTING_CASCADE,CAM,0.11860515582586609,SpatialID
REACTOME_GAMMA_CARBOXYLATION_HYPUSINYLATION_HYDROXYLATION_AND_ARYLSULFATASE_ACTIVATION,CAM,0.11071841283347969,SpatialID
REACTOME_GAMMA_CARBOXYLATION_OF_PROTEIN_PRECURSORS,CAM,0.10972456451331201,SpatialID
REACTOME_GAMMA_CARBOXYLATION_TRANSPORT_AND_AMINO_TERMINAL_CLEAVAGE_OF_PROTEINS,CAM,0.10972456451331201,SpatialID
REACTOME_GPCR_LIGAND_BINDING,CAM,0.8547812118770702,SpatialID
REACTOME_G_ALPHA_I_SIGNALLING_EVENTS,CAM,0.8547812118770702,SpatialID
REACTOME_HEMOSTASIS,CAM,0.11860515582586609,SpatialID
REACTOME_IMMUNE_SYSTEM,CAM,0.8516522533297194,SpatialID
REACTOME_IMMUNOREGULATORY_INTERACTIONS_BETWEEN_A_LYMPHOID_AND_A_NON_LYMPHOID_CELL,CAM,0.8547812118770702,SpatialID
REACTOME_INITIAL_TRIGGERING_OF_COMPLEMENT,CAM,0.8558535188202274,SpatialID
REACTOME_INNATE_IMMUNE_SYSTEM,CAM,0.8516522533297194,SpatialID
REACTOME_INTRINSIC_PATHWAY_OF_FIBRIN_CLOT_FORMATION,CAM,0.11715011100584129,SpatialID
REACTOME_MEMBRANE_TRAFFICKING,CAM,0.11103998921279941,SpatialID
REACTOME_METABOLISM_OF_PROTEINS,CAM,0.2596557791578491,SpatialID
REACTOME_NEUTROPHIL_DEGRANULATION,CAM,0.8547812118770702,SpatialID
REACTOME_PEPTIDE_LIGAND_BINDING_RECEPTORS,CAM,0.8547812118770702,SpatialID
REACTOME_PLATELET_ACTIVATION_SIGNALING_AND_AGGREGATION,CAM,0.11103998921279941,SpatialID
REACTOME_POST_TRANSLATIONAL_PROTEIN_MODIFICATION,CAM,0.2596557791578491,SpatialID
REACTOME_REGULATION_OF_INSULIN_LIKE_GROWTH_FACTOR_IGF_TRANSPORT_AND_UPTAKE_BY_INSULIN_LIKE_GROWTH_FACTOR_BINDING_PROTEINS_IGFBPS,CAM,0.4826540196130507,SpatialID
REACTOME_RESPONSE_TO_ELEVATED_PLATELET_CYTOSOLIC_CA2,CAM,0.11103998921279941,SpatialID
REACTOME_SIGNALING_BY_GPCR,CAM,0.8547812118770702,SpatialID
REACTOME_TERMINAL_PATHWAY_OF_COMPLEMENT,CAM,0.8486474915479008,SpatialID
REACTOME_TRANSPORT_OF_GAMMA_CARBOXYLATED_PROTEIN_PRECURSORS_FROM_THE_ENDOPLASMIC_RETICULUM_TO_THE_GOLGI_APPARATUS,CAM,0.10972456451331201,SpatialID
REACTOME_TRANSPORT_TO_THE_GOLGI_AND_SUBSEQUENT_MODIFICATION,CAM,0.11103998921279941,SpatialID
REACTOME_VESICLE_MEDIATED_TRANSPORT,CAM,0.11103998921279941,SpatialID
REACTOME_ACTIVATION_OF_C3_AND_C5,unknown,0.8649586457172491,SpatialID
REACTOME_ADAPTIVE_IMMUNE_SYSTEM,unknown,0.8648104364265582,SpatialID
REACTOME_ALTERNATIVE_COMPLEMENT_ACTIVATION,unknown,0.8648104364265582,SpatialID
REACTOME_ASPARAGINE_N_LINKED_GLYCOSYLATION,unknown,0.12144699460557164,SpatialID
REACTOME_CARGO_CONCENTRATION_IN_THE_ER,unknown,0.12144699460557164,SpatialID
REACTOME_CLASS_A_1_RHODOPSIN_LIKE_RECEPTORS,unknown,0.8648104364265582,SpatialID
REACTOME_COMMON_PATHWAY_OF_FIBRIN_CLOT_FORMATION,unknown,0.12023085876624985,SpatialID
REACTOME_COMPLEMENT_CASCADE,unknown,0.8611688049179632,SpatialID
REACTOME_COPII_MEDIATED_VESICLE_TRANSPORT,unknown,0.12144699460557164,SpatialID
REACTOME_ER_TO_GOLGI_ANTEROGRADE_TRANSPORT,unknown,0.12144699460557164,SpatialID
REACTOME_EXTRINSIC_PATHWAY_OF_FIBRIN_CLOT_FORMATION,unknown,0.11631277815269067,SpatialID
REACTOME_FORMATION_OF_FIBRIN_CLOT_CLOTTING_CASCADE,unknown,0.11826771026642649,SpatialID
REACTOME_GAMMA_CARBOXYLATION_HYPUSINYLATION_HYDROXYLATION_AND_ARYLSULFATASE_ACTIVATION,unknown,0.1177617165495091,SpatialID
REACTOME_GAMMA_CARBOXYLATION_OF_PROTEIN_PRECURSORS,unknown,0.11625030870547357,SpatialID
REACTOME_GAMMA_CARBOXYLATION_TRANSPORT_AND_AMINO_TERMINAL_CLEAVAGE_OF_PROTEINS,unknown,0.11625030870547357,SpatialID
REACTOME_GPCR_LIGAND_BINDING,unknown,0.8648104364265582,SpatialID
REACTOME_G_ALPHA_I_SIGNALLING_EVENTS,unknown,0.8648104364265582,SpatialID
REACTOME_HEMOSTASIS,unknown,0.11826771026642649,SpatialID
REACTOME_IMMUNE_SYSTEM,unknown,0.8611688049179632,SpatialID
REACTOME_IMMUNOREGULATORY_INTERACTIONS_BETWEEN_A_LYMPHOID_AND_A_NON_LYMPHOID_CELL,unknown,0.8648104364265582,SpatialID
REACTOME_INITIAL_TRIGGERING_OF_COMPLEMENT,unknown,0.8649586457172491,SpatialID
REACTOME_INNATE_IMMUNE_SYSTEM,unknown,0.8611688049179632,SpatialID
REACTOME_INTRINSIC_PATHWAY_OF_FIBRIN_CLOT_FORMATION,unknown,0.11755851785934456,SpatialID
REACTOME_MEMBRANE_TRAFFICKING,unknown,0.12144699460557164,SpatialID
REACTOME_METABOLISM_OF_PROTEINS,unknown,0.26890707244761786,SpatialID
REACTOME_NEUTROPHIL_DEGRANULATION,unknown,0.8648104364265582,SpatialID
REACTOME_PEPTIDE_LIGAND_BINDING_RECEPTORS,unknown,0.8648104364265582,SpatialID
REACTOME_PLATELET_ACTIVATION_SIGNALING_AND_AGGREGATION,unknown,0.12144699460557164,SpatialID
REACTOME_POST_TRANSLATIONAL_PROTEIN_MODIFICATION,unknown,0.26890707244761786,SpatialID
REACTOME_REGULATION_OF_INSULIN_LIKE_GROWTH_FACTOR_IGF_TRANSPORT_AND_UPTAKE_BY_INSULIN_LIKE_GROWTH_FACTOR_BINDING_PROTEINS_IGFBPS,unknown,0.49448059228840685,SpatialID
REACTOME_RESPONSE_TO_ELEVATED_PLATELET_CYTOSOLIC_CA2,unknown,0.12144699460557164,SpatialID
REACTOME_SIGNALING_BY_GPCR,unknown,0.8648104364265582,SpatialID
REACTOME_TERMINAL_PATHWAY_OF_COMPLEMENT,unknown,0.8583500965640193,SpatialID
REACTOME_TRANSPORT_OF_GAMMA_CARBOXYLATED_PROTEIN_PRECURSORS_FROM_THE_ENDOPLASMIC_RETICULUM_TO_THE_GOLGI_APPARATUS,unknown,0.11625030870547357,SpatialID
REACTOME_TRANSPORT_TO_THE_GOLGI_AND_SUBSEQUENT_MODIFICATION,unknown,0.12144699460557164,SpatialID
REACTOME_VESICLE_MEDIATED_TRANSPORT,unknown,0.12144699460557164,SpatialID
REACTOME_ACTIVATION_OF_C3_AND_C5,High_Endothelial_Venules,0.865269739919781,SpatialID
REACTOME_ADAPTIVE_IMMUNE_SYSTEM,High_Endothelial_Venules,0.8682609473792018,SpatialID
REACTOME_ALTERNATIVE_COMPLEMENT_ACTIVATION,High_Endothelial_Venules,0.8682609473792018,SpatialID
REACTOME_ASPARAGINE_N_LINKED_GLYCOSYLATION,High_Endothelial_Venules,0.11757587981545564,SpatialID
REACTOME_CARGO_CONCENTRATION_IN_THE_ER,High_Endothelial_Venules,0.11757587981545564,SpatialID
REACTOME_CLASS_A_1_RHODOPSIN_LIKE_RECEPTORS,High_Endothelial_Venules,0.8682609473792018,SpatialID
REACTOME_COMMON_PATHWAY_OF_FIBRIN_CLOT_FORMATION,High_Endothelial_Venules,0.11671733588126047,SpatialID
REACTOME_COMPLEMENT_CASCADE,High_Endothelial_Venules,0.8600026940323039,SpatialID
REACTOME_COPII_MEDIATED_VESICLE_TRANSPORT,High_Endothelial_Venules,0.11757587981545564,SpatialID
REACTOME_ER_TO_GOLGI_ANTEROGRADE_TRANSPORT,High_Endothelial_Venules,0.11757587981545564,SpatialID
REACTOME_EXTRINSIC_PATHWAY_OF_FIBRIN_CLOT_FORMATION,High_Endothelial_Venules,0.11450473431694447,SpatialID
REACTOME_FORMATION_OF_FIBRIN_CLOT_CLOTTING_CASCADE,High_Endothelial_Venules,0.11593804638098089,SpatialID
REACTOME_GAMMA_CARBOXYLATION_HYPUSINYLATION_HYDROXYLATION_AND_ARYLSULFATASE_ACTIVATION,High_Endothelial_Venules,0.11479300316354421,SpatialID
REACTOME_GAMMA_CARBOXYLATION_OF_PROTEIN_PRECURSORS,High_Endothelial_Venules,0.11344222271114998,SpatialID
REACTOME_GAMMA_CARBOXYLATION_TRANSPORT_AND_AMINO_TERMINAL_CLEAVAGE_OF_PROTEINS,High_Endothelial_Venules,0.11344222271114998,SpatialID
REACTOME_GPCR_LIGAND_BINDING,High_Endothelial_Venules,0.8682609473792018,SpatialID
REACTOME_G_ALPHA_I_SIGNALLING_EVENTS,High_Endothelial_Venules,0.8682609473792018,SpatialID
REACTOME_HEMOSTASIS,High_Endothelial_Venules,0.11593804638098089,SpatialID
REACTOME_IMMUNE_SYSTEM,High_Endothelial_Venules,0.8600026940323039,SpatialID
REACTOME_IMMUNOREGULATORY_INTERACTIONS_BETWEEN_A_LYMPHOID_AND_A_NON_LYMPHOID_CELL,High_Endothelial_Venules,0.8682609473792018,SpatialID
REACTOME_INITIAL_TRIGGERING_OF_COMPLEMENT,High_Endothelial_Venules,0.865269739919781,SpatialID
REACTOME_INNATE_IMMUNE_SYSTEM,High_Endothelial_Venules,0.8600026940323039,SpatialID
REACTOME_INTRINSIC_PATHWAY_OF_FIBRIN_CLOT_FORMATION,High_Endothelial_Venules,0.11513089706674881,SpatialID
REACTOME_MEMBRANE_TRAFFICKING,High_Endothelial_Venules,0.11757587981545564,SpatialID
REACTOME_METABOLISM_OF_PROTEINS,High_Endothelial_Venules,0.2680629373789555,SpatialID
REACTOME_NEUTROPHIL_DEGRANULATION,High_Endothelial_Venules,0.8682609473792018,SpatialID
REACTOME_PEPTIDE_LIGAND_BINDING_RECEPTORS,High_Endothelial_Venules,0.8682609473792018,SpatialID
REACTOME_PLATELET_ACTIVATION_SIGNALING_AND_AGGREGATION,High_Endothelial_Venules,0.11757587981545564,SpatialID
REACTOME_POST_TRANSLATIONAL_PROTEIN_MODIFICATION,High_Endothelial_Venules,0.2680629373789555,SpatialID
REACTOME_REGULATION_OF_INSULIN_LIKE_GROWTH_FACTOR_IGF_TRANSPORT_AND_UPTAKE_BY_INSULIN_LIKE_GROWTH_FACTOR_BINDING_PROTEINS_IGFBPS,High_Endothelial_Venules,0.49570276639762634,SpatialID
REACTOME_RESPONSE_TO_ELEVATED_PLATELET_CYTOSOLIC_CA2,High_Endothelial_Venules,0.11757587981545564,SpatialID
REACTOME_SIGNALING_BY_GPCR,High_Endothelial_Venules,0.8682609473792018,SpatialID
REACTOME_TERMINAL_PATHWAY_OF_COMPLEMENT,High_Endothelial_Venules,0.8560231101711088,SpatialID
REACTOME_TRANSPORT_OF_GAMMA_CARBOXYLATED_PROTEIN_PRECURSORS_FROM_THE_ENDOPLASMIC_RETICULUM_TO_THE_GOLGI_APPARATUS,High_Endothelial_Venules,0.11344222271114998,SpatialID
REACTOME_TRANSPORT_TO_THE_GOLGI_AND_SUBSEQUENT_MODIFICATION,High_Endothelial_Venules,0.11757587981545564,SpatialID
REACTOME_VESICLE_MEDIATED_TRANSPORT,High_Endothelial_Venules,0.11757587981545564,SpatialID
REACTOME_ACTIVATION_OF_C3_AND_C5,Germinal_Center_Plasma_IgM_B_cell,0.8636164567129635,SpatialID
REACTOME_ADAPTIVE_IMMUNE_SYSTEM,Germinal_Center_Plasma_IgM_B_cell,0.8647216412918941,SpatialID
REACTOME_ALTERNATIVE_COMPLEMENT_ACTIVATION,Germinal_Center_Plasma_IgM_B_cell,0.8647216412918941,SpatialID
REACTOME_ASPARAGINE_N_LINKED_GLYCOSYLATION,Germinal_Center_Plasma_IgM_B_cell,0.11819474010315509,SpatialID
REACTOME_CARGO_CONCENTRATION_IN_THE_ER,Germinal_Center_Plasma_IgM_B_cell,0.11819474010315509,SpatialID
REACTOME_CLASS_A_1_RHODOPSIN_LIKE_RECEPTORS,Germinal_Center_Plasma_IgM_B_cell,0.8647216412918941,SpatialID
REACTOME_COMMON_PATHWAY_OF_FIBRIN_CLOT_FORMATION,Germinal_Center_Plasma_IgM_B_cell,0.11720501406368476,SpatialID
REACTOME_COMPLEMENT_CASCADE,Germinal_Center_Plasma_IgM_B_cell,0.8587679308328222,SpatialID
REACTOME_COPII_MEDIATED_VESICLE_TRANSPORT,Germinal_Center_Plasma_IgM_B_cell,0.11819474010315509,SpatialID
REACTOME_ER_TO_GOLGI_ANTEROGRADE_TRANSPORT,Germinal_Center_Plasma_IgM_B_cell,0.11819474010315509,SpatialID
REACTOME_EXTRINSIC_PATHWAY_OF_FIBRIN_CLOT_FORMATION,Germinal_Center_Plasma_IgM_B_cell,0.11431938578120783,SpatialID
REACTOME_FORMATION_OF_FIBRIN_CLOT_CLOTTING_CASCADE,Germinal_Center_Plasma_IgM_B_cell,0.11590140991547246,SpatialID
REACTOME_GAMMA_CARBOXYLATION_HYPUSINYLATION_HYDROXYLATION_AND_ARYLSULFATASE_ACTIVATION,Germinal_Center_Plasma_IgM_B_cell,0.11556638142022296,SpatialID
REACTOME_GAMMA_CARBOXYLATION_OF_PROTEIN_PRECURSORS,Germinal_Center_Plasma_IgM_B_cell,0.11403858377172917,SpatialID
REACTOME_GAMMA_CARBOXYLATION_TRANSPORT_AND_AMINO_TERMINAL_CLEAVAGE_OF_PROTEINS,Germinal_Center_Plasma_IgM_B_cell,0.11403858377172917,SpatialID
REACTOME_GPCR_LIGAND_BINDING,Germinal_Center_Plasma_IgM_B_cell,0.8647216412918941,SpatialID
REACTOME_G_ALPHA_I_SIGNALLING_EVENTS,Germinal_Center_Plasma_IgM_B_cell,0.8647216412918941,SpatialID
REACTOME_HEMOSTASIS,Germinal_Center_Plasma_IgM_B_cell,0.11590140991547246,SpatialID
REACTOME_IMMUNE_SYSTEM,Germinal_Center_Plasma_IgM_B_cell,0.8587679308328222,SpatialID
REACTOME_IMMUNOREGULATORY_INTERACTIONS_BETWEEN_A_LYMPHOID_AND_A_NON_LYMPHOID_CELL,Germinal_Center_Plasma_IgM_B_cell,0.8647216412918941,SpatialID
REACTOME_INITIAL_TRIGGERING_OF_COMPLEMENT,Germinal_Center_Plasma_IgM_B_cell,0.8636164567129635,SpatialID
REACTOME_INNATE_IMMUNE_SYSTEM,Germinal_Center_Plasma_IgM_B_cell,0.8587679308328222,SpatialID
REACTOME_INTRINSIC_PATHWAY_OF_FIBRIN_CLOT_FORMATION,Germinal_Center_Plasma_IgM_B_cell,0.11552552329228392,SpatialID
REACTOME_MEMBRANE_TRAFFICKING,Germinal_Center_Plasma_IgM_B_cell,0.11819474010315509,SpatialID
REACTOME_METABOLISM_OF_PROTEINS,Germinal_Center_Plasma_IgM_B_cell,0.26706295848080625,SpatialID
REACTOME_NEUTROPHIL_DEGRANULATION,Germinal_Center_Plasma_IgM_B_cell,0.8647216412918941,SpatialID
REACTOME_PEPTIDE_LIGAND_BINDING_RECEPTORS,Germinal_Center_Plasma_IgM_B_cell,0.8647216412918941,SpatialID
REACTOME_PLATELET_ACTIVATION_SIGNALING_AND_AGGREGATION,Germinal_Center_Plasma_IgM_B_cell,0.11819474010315509,SpatialID
REACTOME_POST_TRANSLATIONAL_PROTEIN_MODIFICATION,Germinal_Center_Plasma_IgM_B_cell,0.26706295848080625,SpatialID
REACTOME_REGULATION_OF_INSULIN_LIKE_GROWTH_FACTOR_IGF_TRANSPORT_AND_UPTAKE_BY_INSULIN_LIKE_GROWTH_FACTOR_BINDING_PROTEINS_IGFBPS,Germinal_Center_Plasma_IgM_B_cell,0.4928783466980519,SpatialID
REACTOME_RESPONSE_TO_ELEVATED_PLATELET_CYTOSOLIC_CA2,Germinal_Center_Plasma_IgM_B_cell,0.11819474010315509,SpatialID
REACTOME_SIGNALING_BY_GPCR,Germinal_Center_Plasma_IgM_B_cell,0.8647216412918941,SpatialID
REACTOME_TERMINAL_PATHWAY_OF_COMPLEMENT,Germinal_Center_Plasma_IgM_B_cell,0.8552228229949399,SpatialID
REACTOME_TRANSPORT_OF_GAMMA_CARBOXYLATED_PROTEIN_PRECURSORS_FROM_THE_ENDOPLASMIC_RETICULUM_TO_THE_GOLGI_APPARATUS,Germinal_Center_Plasma_IgM_B_cell,0.11403858377172917,SpatialID
REACTOME_TRANSPORT_TO_THE_GOLGI_AND_SUBSEQUENT_MODIFICATION,Germinal_Center_Plasma_IgM_B_cell,0.11819474010315509,SpatialID
REACTOME_VESICLE_MEDIATED_TRANSPORT,Germinal_Center_Plasma_IgM_B_cell,0.11819474010315509,SpatialID
REACTOME_ACTIVATION_OF_C3_AND_C5,Tumor,0.8509406077561823,SpatialID
REACTOME_ADAPTIVE_IMMUNE_SYSTEM,Tumor,0.8495961210506423,SpatialID
REACTOME_ALTERNATIVE_COMPLEMENT_ACTIVATION,Tumor,0.8495961210506423,SpatialID
REACTOME_ASPARAGINE_N_LINKED_GLYCOSYLATION,Tumor,0.1101011220765636,SpatialID
REACTOME_CARGO_CONCENTRATION_IN_THE_ER,Tumor,0.1101011220765636,SpatialID
REACTOME_CLASS_A_1_RHODOPSIN_LIKE_RECEPTORS,Tumor,0.8495961210506423,SpatialID
REACTOME_COMMON_PATHWAY_OF_FIBRIN_CLOT_FORMATION,Tumor,0.10895440211576383,SpatialID
REACTOME_COMPLEMENT_CASCADE,Tumor,0.8466632866767397,SpatialID
REACTOME_COPII_MEDIATED_VESICLE_TRANSPORT,Tumor,0.1101011220765636,SpatialID
REACTOME_ER_TO_GOLGI_ANTEROGRADE_TRANSPORT,Tumor,0.1101011220765636,SpatialID
REACTOME_EXTRINSIC_PATHWAY_OF_FIBRIN_CLOT_FORMATION,Tumor,0.11203664331537289,SpatialID
REACTOME_FORMATION_OF_FIBRIN_CLOT_CLOTTING_CASCADE,Tumor,0.11426096564743737,SpatialID
REACTOME_GAMMA_CARBOXYLATION_HYPUSINYLATION_HYDROXYLATION_AND_ARYLSULFATASE_ACTIVATION,Tumor,0.10828184105815325,SpatialID
REACTOME_GAMMA_CARBOXYLATION_OF_PROTEIN_PRECURSORS,Tumor,0.10562427643023452,SpatialID
REACTOME_GAMMA_CARBOXYLATION_TRANSPORT_AND_AMINO_TERMINAL_CLEAVAGE_OF_PROTEINS,Tumor,0.10562427643023452,SpatialID
REACTOME_GPCR_LIGAND_BINDING,Tumor,0.8495961210506423,SpatialID
REACTOME_G_ALPHA_I_SIGNALLING_EVENTS,Tumor,0.8495961210506423,SpatialID
REACTOME_HEMOSTASIS,Tumor,0.11426096564743737,SpatialID
REACTOME_IMMUNE_SYSTEM,Tumor,0.8466632866767397,SpatialID
REACTOME_IMMUNOREGULATORY_INTERACTIONS_BETWEEN_A_LYMPHOID_AND_A_NON_LYMPHOID_CELL,Tumor,0.8495961210506423,SpatialID
REACTOME_INITIAL_TRIGGERING_OF_COMPLEMENT,Tumor,0.8509406077561823,SpatialID
REACTOME_INNATE_IMMUNE_SYSTEM,Tumor,0.8466632866767397,SpatialID
REACTOME_INTRINSIC_PATHWAY_OF_FIBRIN_CLOT_FORMATION,Tumor,0.11315619797044672,SpatialID
REACTOME_MEMBRANE_TRAFFICKING,Tumor,0.1101011220765636,SpatialID
REACTOME_METABOLISM_OF_PROTEINS,Tumor,0.2566642304509353,SpatialID
REACTOME_NEUTROPHIL_DEGRANULATION,Tumor,0.8495961210506423,SpatialID
REACTOME_PEPTIDE_LIGAND_BINDING_RECEPTORS,Tumor,0.8495961210506423,SpatialID
REACTOME_PLATELET_ACTIVATION_SIGNALING_AND_AGGREGATION,Tumor,0.1101011220765636,SpatialID
REACTOME_POST_TRANSLATIONAL_PROTEIN_MODIFICATION,Tumor,0.2566642304509353,SpatialID
REACTOME_REGULATION_OF_INSULIN_LIKE_GROWTH_FACTOR_IGF_TRANSPORT_AND_UPTAKE_BY_INSULIN_LIKE_GROWTH_FACTOR_BINDING_PROTEINS_IGFBPS,Tumor,0.4787415629221227,SpatialID
REACTOME_RESPONSE_TO_ELEVATED_PLATELET_CYTOSOLIC_CA2,Tumor,0.1101011220765636,SpatialID
REACTOME_SIGNALING_BY_GPCR,Tumor,0.8495961210506423,SpatialID
REACTOME_TERMINAL_PATHWAY_OF_COMPLEMENT,Tumor,0.8436001640099917,SpatialID
REACTOME_TRANSPORT_OF_GAMMA_CARBOXYLATED_PROTEIN_PRECURSORS_FROM_THE_ENDOPLASMIC_RETICULUM_TO_THE_GOLGI_APPARATUS,Tumor,0.10562427643023452,SpatialID
REACTOME_TRANSPORT_TO_THE_GOLGI_AND_SUBSEQUENT_MODIFICATION,Tumor,0.1101011220765636,SpatialID
REACTOME_VESICLE_MEDIATED_TRANSPORT,Tumor,0.1101011220765636,SpatialID
REACTOME_ACTIVATION_OF_C3_AND_C5,Fibroblasts,0.8692477669537702,SpatialID
REACTOME_ADAPTIVE_IMMUNE_SYSTEM,Fibroblasts,0.8748460463821438,SpatialID
REACTOME_ALTERNATIVE_COMPLEMENT_ACTIVATION,Fibroblasts,0.8748460463821438,SpatialID
REACTOME_ASPARAGINE_N_LINKED_GLYCOSYLATION,Fibroblasts,0.12289751455220485,SpatialID
REACTOME_CARGO_CONCENTRATION_IN_THE_ER,Fibroblasts,0.12289751455220485,SpatialID
REACTOME_CLASS_A_1_RHODOPSIN_LIKE_RECEPTORS,Fibroblasts,0.8748460463821438,SpatialID
REACTOME_COMMON_PATHWAY_OF_FIBRIN_CLOT_FORMATION,Fibroblasts,0.12009250914516308,SpatialID
REACTOME_COMPLEMENT_CASCADE,Fibroblasts,0.8614148428889363,SpatialID
REACTOME_COPII_MEDIATED_VESICLE_TRANSPORT,Fibroblasts,0.12289751455220485,SpatialID
REACTOME_ER_TO_GOLGI_ANTEROGRADE_TRANSPORT,Fibroblasts,0.12289751455220485,SpatialID
REACTOME_EXTRINSIC_PATHWAY_OF_FIBRIN_CLOT_FORMATION,Fibroblasts,0.12003518342224162,SpatialID
REACTOME_FORMATION_OF_FIBRIN_CLOT_CLOTTING_CASCADE,Fibroblasts,0.12024682961431127,SpatialID
REACTOME_GAMMA_CARBOXYLATION_HYPUSINYLATION_HYDROXYLATION_AND_ARYLSULFATASE_ACTIVATION,Fibroblasts,0.12002228327398584,SpatialID
REACTOME_GAMMA_CARBOXYLATION_OF_PROTEIN_PRECURSORS,Fibroblasts,0.1134306029289494,SpatialID
REACTOME_GAMMA_CARBOXYLATION_TRANSPORT_AND_AMINO_TERMINAL_CLEAVAGE_OF_PROTEINS,Fibroblasts,0.1134306029289494,SpatialID
REACTOME_GPCR_LIGAND_BINDING,Fibroblasts,0.8748460463821438,SpatialID
REACTOME_G_ALPHA_I_SIGNALLING_EVENTS,Fibroblasts,0.8748460463821438,SpatialID
REACTOME_HEMOSTASIS,Fibroblasts,0.12024682961431127,SpatialID
REACTOME_IMMUNE_SYSTEM,Fibroblasts,0.8614148428889363,SpatialID
REACTOME_IMMUNOREGULATORY_INTERACTIONS_BETWEEN_A_LYMPHOID_AND_A_NON_LYMPHOID_CELL,Fibroblasts,0.8748460463821438,SpatialID
REACTOME_INITIAL_TRIGGERING_OF_COMPLEMENT,Fibroblasts,0.8692477669537702,SpatialID
REACTOME_INNATE_IMMUNE_SYSTEM,Fibroblasts,0.8614148428889363,SpatialID
REACTOME_INTRINSIC_PATHWAY_OF_FIBRIN_CLOT_FORMATION,Fibroblasts,0.11851705720596716,SpatialID
REACTOME_MEMBRANE_TRAFFICKING,Fibroblasts,0.12289751455220485,SpatialID
REACTOME_METABOLISM_OF_PROTEINS,Fibroblasts,0.2725331367474085,SpatialID
REACTOME_NEUTROPHIL_DEGRANULATION,Fibroblasts,0.8748460463821438,SpatialID
REACTOME_PEPTIDE_LIGAND_BINDING_RECEPTORS,Fibroblasts,0.8748460463821438,SpatialID
REACTOME_PLATELET_ACTIVATION_SIGNALING_AND_AGGREGATION,Fibroblasts,0.12289751455220485,SpatialID
REACTOME_POST_TRANSLATIONAL_PROTEIN_MODIFICATION,Fibroblasts,0.2725331367474085,SpatialID
REACTOME_REGULATION_OF_INSULIN_LIKE_GROWTH_FACTOR_IGF_TRANSPORT_AND_UPTAKE_BY_INSULIN_LIKE_GROWTH_FACTOR_BINDING_PROTEINS_IGFBPS,Fibroblasts,0.49831376725290893,SpatialID
REACTOME_RESPONSE_TO_ELEVATED_PLATELET_CYTOSOLIC_CA2,Fibroblasts,0.12289751455220485,SpatialID
REACTOME_SIGNALING_BY_GPCR,Fibroblasts,0.8748460463821438,SpatialID
REACTOME_TERMINAL_PATHWAY_OF_COMPLEMENT,Fibroblasts,0.8556168381238977,SpatialID
REACTOME_TRANSPORT_OF_GAMMA_CARBOXYLATED_PROTEIN_PRECURSORS_FROM_THE_ENDOPLASMIC_RETICULUM_TO_THE_GOLGI_APPARATUS,Fibroblasts,0.1134306029289494,SpatialID
REACTOME_TRANSPORT_TO_THE_GOLGI_AND_SUBSEQUENT_MODIFICATION,Fibroblasts,0.12289751455220485,SpatialID
REACTOME_VESICLE_MEDIATED_TRANSPORT,Fibroblasts,0.12289751455220485,SpatialID
REACTOME_ACTIVATION_OF_C3_AND_C5,T_cell,0.8649825926721996,SpatialID
REACTOME_ADAPTIVE_IMMUNE_SYSTEM,T_cell,0.8656637129206162,SpatialID
REACTOME_ALTERNATIVE_COMPLEMENT_ACTIVATION,T_cell,0.8656637129206162,SpatialID
REACTOME_ASPARAGINE_N_LINKED_GLYCOSYLATION,T_cell,0.11999838651794403,SpatialID
REACTOME_CARGO_CONCENTRATION_IN_THE_ER,T_cell,0.11999838651794403,SpatialID
REACTOME_CLASS_A_1_RHODOPSIN_LIKE_RECEPTORS,T_cell,0.8656637129206162,SpatialID
REACTOME_COMMON_PATHWAY_OF_FIBRIN_CLOT_FORMATION,T_cell,0.11874322618621913,SpatialID
REACTOME_COMPLEMENT_CASCADE,T_cell,0.8611990112304625,SpatialID
REACTOME_COPII_MEDIATED_VESICLE_TRANSPORT,T_cell,0.11999838651794403,SpatialID
REACTOME_ER_TO_GOLGI_ANTEROGRADE_TRANSPORT,T_cell,0.11999838651794403,SpatialID
REACTOME_EXTRINSIC_PATHWAY_OF_FIBRIN_CLOT_FORMATION,T_cell,0.11521412212842173,SpatialID
REACTOME_FORMATION_OF_FIBRIN_CLOT_CLOTTING_CASCADE,T_cell,0.1174720397642279,SpatialID
REACTOME_GAMMA_CARBOXYLATION_HYPUSINYLATION_HYDROXYLATION_AND_ARYLSULFATASE_ACTIVATION,T_cell,0.11621866206387152,SpatialID
REACTOME_GAMMA_CARBOXYLATION_OF_PROTEIN_PRECURSORS,T_cell,0.11517291193473718,SpatialID
REACTOME_GAMMA_CARBOXYLATION_TRANSPORT_AND_AMINO_TERMINAL_CLEAVAGE_OF_PROTEINS,T_cell,0.11517291193473718,SpatialID
REACTOME_GPCR_LIGAND_BINDING,T_cell,0.8656637129206162,SpatialID
REACTOME_G_ALPHA_I_SIGNALLING_EVENTS,T_cell,0.8656637129206162,SpatialID
REACTOME_HEMOSTASIS,T_cell,0.1174720397642279,SpatialID
REACTOME_IMMUNE_SYSTEM,T_cell,0.8611990112304625,SpatialID
REACTOME_IMMUNOREGULATORY_INTERACTIONS_BETWEEN_A_LYMPHOID_AND_A_NON_LYMPHOID_CELL,T_cell,0.8656637129206162,SpatialID
REACTOME_INITIAL_TRIGGERING_OF_COMPLEMENT,T_cell,0.8649825926721996,SpatialID
REACTOME_INNATE_IMMUNE_SYSTEM,T_cell,0.8611990112304625,SpatialID
REACTOME_INTRINSIC_PATHWAY_OF_FIBRIN_CLOT_FORMATION,T_cell,0.11677656547651882,SpatialID
REACTOME_MEMBRANE_TRAFFICKING,T_cell,0.11999838651794403,SpatialID
REACTOME_METABOLISM_OF_PROTEINS,T_cell,0.2683208985669868,SpatialID
REACTOME_NEUTROPHIL_DEGRANULATION,T_cell,0.8656637129206162,SpatialID
REACTOME_PEPTIDE_LIGAND_BINDING_RECEPTORS,T_cell,0.8656637129206162,SpatialID
REACTOME_PLATELET_ACTIVATION_SIGNALING_AND_AGGREGATION,T_cell,0.11999838651794403,SpatialID
REACTOME_POST_TRANSLATIONAL_PROTEIN_MODIFICATION,T_cell,0.2683208985669868,SpatialID
REACTOME_REGULATION_OF_INSULIN_LIKE_GROWTH_FACTOR_IGF_TRANSPORT_AND_UPTAKE_BY_INSULIN_LIKE_GROWTH_FACTOR_BINDING_PROTEINS_IGFBPS,T_cell,0.4950361325447522,SpatialID
REACTOME_RESPONSE_TO_ELEVATED_PLATELET_CYTOSOLIC_CA2,T_cell,0.11999838651794403,SpatialID
REACTOME_SIGNALING_BY_GPCR,T_cell,0.8656637129206162,SpatialID
REACTOME_TERMINAL_PATHWAY_OF_COMPLEMENT,T_cell,0.8583381122923399,SpatialID
REACTOME_TRANSPORT_OF_GAMMA_CARBOXYLATED_PROTEIN_PRECURSORS_FROM_THE_ENDOPLASMIC_RETICULUM_TO_THE_GOLGI_APPARATUS,T_cell,0.11517291193473718,SpatialID
REACTOME_TRANSPORT_TO_THE_GOLGI_AND_SUBSEQUENT_MODIFICATION,T_cell,0.11999838651794403,SpatialID
REACTOME_VESICLE_MEDIATED_TRANSPORT,T_cell,0.11999838651794403,SpatialID
REACTOME_ACTIVATION_OF_C3_AND_C5,Macrophages,0.8613012399000726,SpatialID
REACTOME_ADAPTIVE_IMMUNE_SYSTEM,Macrophages,0.8571533442567653,SpatialID
REACTOME_ALTERNATIVE_COMPLEMENT_ACTIVATION,Macrophages,0.8571533442567653,SpatialID
REACTOME_ASPARAGINE_N_LINKED_GLYCOSYLATION,Macrophages,0.11298638049439891,SpatialID
REACTOME_CARGO_CONCENTRATION_IN_THE_ER,Macrophages,0.11298638049439891,SpatialID
REACTOME_CLASS_A_1_RHODOPSIN_LIKE_RECEPTORS,Macrophages,0.8571533442567653,SpatialID
REACTOME_COMMON_PATHWAY_OF_FIBRIN_CLOT_FORMATION,Macrophages,0.11323716855131011,SpatialID
REACTOME_COMPLEMENT_CASCADE,Macrophages,0.8575996625555198,SpatialID
REACTOME_COPII_MEDIATED_VESICLE_TRANSPORT,Macrophages,0.11298638049439891,SpatialID
REACTOME_ER_TO_GOLGI_ANTEROGRADE_TRANSPORT,Macrophages,0.11298638049439891,SpatialID
REACTOME_EXTRINSIC_PATHWAY_OF_FIBRIN_CLOT_FORMATION,Macrophages,0.11321358561187109,SpatialID
REACTOME_FORMATION_OF_FIBRIN_CLOT_CLOTTING_CASCADE,Macrophages,0.11320173747590218,SpatialID
REACTOME_GAMMA_CARBOXYLATION_HYPUSINYLATION_HYDROXYLATION_AND_ARYLSULFATASE_ACTIVATION,Macrophages,0.11316641973299281,SpatialID
REACTOME_GAMMA_CARBOXYLATION_OF_PROTEIN_PRECURSORS,Macrophages,0.11326826057722753,SpatialID
REACTOME_GAMMA_CARBOXYLATION_TRANSPORT_AND_AMINO_TERMINAL_CLEAVAGE_OF_PROTEINS,Macrophages,0.11326826057722753,SpatialID
REACTOME_GPCR_LIGAND_BINDING,Macrophages,0.8571533442567653,SpatialID
REACTOME_G_ALPHA_I_SIGNALLING_EVENTS,Macrophages,0.8571533442567653,SpatialID
REACTOME_HEMOSTASIS,Macrophages,0.11320173747590218,SpatialID
REACTOME_IMMUNE_SYSTEM,Macrophages,0.8575996625555198,SpatialID
REACTOME_IMMUNOREGULATORY_INTERACTIONS_BETWEEN_A_LYMPHOID_AND_A_NON_LYMPHOID_CELL,Macrophages,0.8571533442567653,SpatialID
REACTOME_INITIAL_TRIGGERING_OF_COMPLEMENT,Macrophages,0.8613012399000726,SpatialID
REACTOME_INNATE_IMMUNE_SYSTEM,Macrophages,0.8575996625555198,SpatialID
REACTOME_INTRINSIC_PATHWAY_OF_FIBRIN_CLOT_FORMATION,Macrophages,0.1132584008315773,SpatialID
REACTOME_MEMBRANE_TRAFFICKING,Macrophages,0.11298638049439891,SpatialID
REACTOME_METABOLISM_OF_PROTEINS,Macrophages,0.26196560387025497,SpatialID
REACTOME_NEUTROPHIL_DEGRANULATION,Macrophages,0.8571533442567653,SpatialID
REACTOME_PEPTIDE_LIGAND_BINDING_RECEPTORS,Macrophages,0.8571533442567653,SpatialID
REACTOME_PLATELET_ACTIVATION_SIGNALING_AND_AGGREGATION,Macrophages,0.11298638049439891,SpatialID
REACTOME_POST_TRANSLATIONAL_PROTEIN_MODIFICATION,Macrophages,0.26196560387025497,SpatialID
REACTOME_REGULATION_OF_INSULIN_LIKE_GROWTH_FACTOR_IGF_TRANSPORT_AND_UPTAKE_BY_INSULIN_LIKE_GROWTH_FACTOR_BINDING_PROTEINS_IGFBPS,Macrophages,0.48510235760286013,SpatialID
REACTOME_RESPONSE_TO_ELEVATED_PLATELET_CYTOSOLIC_CA2,Macrophages,0.11298638049439891,SpatialID
REACTOME_SIGNALING_BY_GPCR,Macrophages,0.8571533442567653,SpatialID
REACTOME_TERMINAL_PATHWAY_OF_COMPLEMENT,Macrophages,0.8548683445190941,SpatialID
REACTOME_TRANSPORT_OF_GAMMA_CARBOXYLATED_PROTEIN_PRECURSORS_FROM_THE_ENDOPLASMIC_RETICULUM_TO_THE_GOLGI_APPARATUS,Macrophages,0.11326826057722753,SpatialID
REACTOME_TRANSPORT_TO_THE_GOLGI_AND_SUBSEQUENT_MODIFICATION,Macrophages,0.11298638049439891,SpatialID
REACTOME_VESICLE_MEDIATED_TRANSPORT,Macrophages,0.11298638049439891,SpatialID
REACTOME_ACTIVATION_OF_C3_AND_C5,Tumor_Keratin_Pearl,0.8520024453405649,SpatialID
REACTOME_ADAPTIVE_IMMUNE_SYSTEM,Tumor_Keratin_Pearl,0.85241531996266,SpatialID
REACTOME_ALTERNATIVE_COMPLEMENT_ACTIVATION,Tumor_Keratin_Pearl,0.85241531996266,SpatialID
REACTOME_ASPARAGINE_N_LINKED_GLYCOSYLATION,Tumor_Keratin_Pearl,0.11437659840547522,SpatialID
REACTOME_CARGO_CONCENTRATION_IN_THE_ER,Tumor_Keratin_Pearl,0.11437659840547522,SpatialID
REACTOME_CLASS_A_1_RHODOPSIN_LIKE_RECEPTORS,Tumor_Keratin_Pearl,0.85241531996266,SpatialID
REACTOME_COMMON_PATHWAY_OF_FIBRIN_CLOT_FORMATION,Tumor_Keratin_Pearl,0.11168780177149468,SpatialID
REACTOME_COMPLEMENT_CASCADE,Tumor_Keratin_Pearl,0.8469654537222853,SpatialID
REACTOME_COPII_MEDIATED_VESICLE_TRANSPORT,Tumor_Keratin_Pearl,0.11437659840547522,SpatialID
REACTOME_ER_TO_GOLGI_ANTEROGRADE_TRANSPORT,Tumor_Keratin_Pearl,0.11437659840547522,SpatialID
REACTOME_EXTRINSIC_PATHWAY_OF_FIBRIN_CLOT_FORMATION,Tumor_Keratin_Pearl,0.1105820981104169,SpatialID
REACTOME_FORMATION_OF_FIBRIN_CLOT_CLOTTING_CASCADE,Tumor_Keratin_Pearl,0.11405888229462571,SpatialID
REACTOME_GAMMA_CARBOXYLATION_HYPUSINYLATION_HYDROXYLATION_AND_ARYLSULFATASE_ACTIVATION,Tumor_Keratin_Pearl,0.11161777839853712,SpatialID
REACTOME_GAMMA_CARBOXYLATION_OF_PROTEIN_PRECURSORS,Tumor_Keratin_Pearl,0.10528538025087188,SpatialID
REACTOME_GAMMA_CARBOXYLATION_TRANSPORT_AND_AMINO_TERMINAL_CLEAVAGE_OF_PROTEINS,Tumor_Keratin_Pearl,0.10528538025087188,SpatialID
REACTOME_GPCR_LIGAND_BINDING,Tumor_Keratin_Pearl,0.85241531996266,SpatialID
REACTOME_G_ALPHA_I_SIGNALLING_EVENTS,Tumor_Keratin_Pearl,0.85241531996266,SpatialID
REACTOME_HEMOSTASIS,Tumor_Keratin_Pearl,0.11405888229462571,SpatialID
REACTOME_IMMUNE_SYSTEM,Tumor_Keratin_Pearl,0.8469654537222853,SpatialID
REACTOME_IMMUNOREGULATORY_INTERACTIONS_BETWEEN_A_LYMPHOID_AND_A_NON_LYMPHOID_CELL,Tumor_Keratin_Pearl,0.85241531996266,SpatialID
REACTOME_INITIAL_TRIGGERING_OF_COMPLEMENT,Tumor_Keratin_Pearl,0.8520024453405649,SpatialID
REACTOME_INNATE_IMMUNE_SYSTEM,Tumor_Keratin_Pearl,0.8469654537222853,SpatialID
REACTOME_INTRINSIC_PATHWAY_OF_FIBRIN_CLOT_FORMATION,Tumor_Keratin_Pearl,0.114257336399269,SpatialID
REACTOME_MEMBRANE_TRAFFICKING,Tumor_Keratin_Pearl,0.11437659840547522,SpatialID
REACTOME_METABOLISM_OF_PROTEINS,Tumor_Keratin_Pearl,0.25933812485608265,SpatialID
REACTOME_NEUTROPHIL_DEGRANULATION,Tumor_Keratin_Pearl,0.85241531996266,SpatialID
REACTOME_PEPTIDE_LIGAND_BINDING_RECEPTORS,Tumor_Keratin_Pearl,0.85241531996266,SpatialID
REACTOME_PLATELET_ACTIVATION_SIGNALING_AND_AGGREGATION,Tumor_Keratin_Pearl,0.11437659840547522,SpatialID
REACTOME_POST_TRANSLATIONAL_PROTEIN_MODIFICATION,Tumor_Keratin_Pearl,0.25933812485608265,SpatialID
REACTOME_REGULATION_OF_INSULIN_LIKE_GROWTH_FACTOR_IGF_TRANSPORT_AND_UPTAKE_BY_INSULIN_LIKE_GROWTH_FACTOR_BINDING_PROTEINS_IGFBPS,Tumor_Keratin_Pearl,0.4800089515845134,SpatialID
REACTOME_RESPONSE_TO_ELEVATED_PLATELET_CYTOSOLIC_CA2,Tumor_Keratin_Pearl,0.11437659840547522,SpatialID
REACTOME_SIGNALING_BY_GPCR,Tumor_Keratin_Pearl,0.85241531996266,SpatialID
REACTOME_TERMINAL_PATHWAY_OF_COMPLEMENT,Tumor_Keratin_Pearl,0.8433388186693117,SpatialID
REACTOME_TRANSPORT_OF_GAMMA_CARBOXYLATED_PROTEIN_PRECURSORS_FROM_THE_ENDOPLASMIC_RETICULUM_TO_THE_GOLGI_APPARATUS,Tumor_Keratin_Pearl,0.10528538025087188,SpatialID
REACTOME_TRANSPORT_TO_THE_GOLGI_AND_SUBSEQUENT_MODIFICATION,Tumor_Keratin_Pearl,0.11437659840547522,SpatialID
REACTOME_VESICLE_MEDIATED_TRANSPORT,Tumor_Keratin_Pearl,0.11437659840547522,SpatialID
REACTOME_ACTIVATION_OF_C3_AND_C5,Plasma_IgA,0.866047906969507,SpatialID
REACTOME_ADAPTIVE_IMMUNE_SYSTEM,Plasma_IgA,0.86775868039531,SpatialID
REACTOME_ALTERNATIVE_COMPLEMENT_ACTIVATION,Plasma_IgA,0.86775868039531,SpatialID
REACTOME_ASPARAGINE_N_LINKED_GLYCOSYLATION,Plasma_IgA,0.11839239563236492,SpatialID
REACTOME_CARGO_CONCENTRATION_IN_THE_ER,Plasma_IgA,0.11839239563236492,SpatialID
REACTOME_CLASS_A_1_RHODOPSIN_LIKE_RECEPTORS,Plasma_IgA,0.86775868039531,SpatialID
REACTOME_COMMON_PATHWAY_OF_FIBRIN_CLOT_FORMATION,Plasma_IgA,0.11780664926883526,SpatialID
REACTOME_COMPLEMENT_CASCADE,Plasma_IgA,0.8613765517650214,SpatialID
REACTOME_COPII_MEDIATED_VESICLE_TRANSPORT,Plasma_IgA,0.11839239563236492,SpatialID
REACTOME_ER_TO_GOLGI_ANTEROGRADE_TRANSPORT,Plasma_IgA,0.11839239563236492,SpatialID
REACTOME_EXTRINSIC_PATHWAY_OF_FIBRIN_CLOT_FORMATION,Plasma_IgA,0.11585986018514902,SpatialID
REACTOME_FORMATION_OF_FIBRIN_CLOT_CLOTTING_CASCADE,Plasma_IgA,0.11688425294041523,SpatialID
REACTOME_GAMMA_CARBOXYLATION_HYPUSINYLATION_HYDROXYLATION_AND_ARYLSULFATASE_ACTIVATION,Plasma_IgA,0.11629181636292306,SpatialID
REACTOME_GAMMA_CARBOXYLATION_OF_PROTEIN_PRECURSORS,Plasma_IgA,0.11517400708126502,SpatialID
REACTOME_GAMMA_CARBOXYLATION_TRANSPORT_AND_AMINO_TERMINAL_CLEAVAGE_OF_PROTEINS,Plasma_IgA,0.11517400708126502,SpatialID
REACTOME_GPCR_LIGAND_BINDING,Plasma_IgA,0.86775868039531,SpatialID
REACTOME_G_ALPHA_I_SIGNALLING_EVENTS,Plasma_IgA,0.86775868039531,SpatialID
REACTOME_HEMOSTASIS,Plasma_IgA,0.11688425294041523,SpatialID
REACTOME_IMMUNE_SYSTEM,Plasma_IgA,0.8613765517650214,SpatialID
REACTOME_IMMUNOREGULATORY_INTERACTIONS_BETWEEN_A_LYMPHOID_AND_A_NON_LYMPHOID_CELL,Plasma_IgA,0.86775868039531,SpatialID
REACTOME_INITIAL_TRIGGERING_OF_COMPLEMENT,Plasma_IgA,0.866047906969507,SpatialID
REACTOME_INNATE_IMMUNE_SYSTEM,Plasma_IgA,0.8613765517650214,SpatialID
REACTOME_INTRINSIC_PATHWAY_OF_FIBRIN_CLOT_FORMATION,Plasma_IgA,0.11629176093772728,SpatialID
REACTOME_MEMBRANE_TRAFFICKING,Plasma_IgA,0.11839239563236492,SpatialID
REACTOME_METABOLISM_OF_PROTEINS,Plasma_IgA,0.26854708268835187,SpatialID
REACTOME_NEUTROPHIL_DEGRANULATION,Plasma_IgA,0.86775868039531,SpatialID
REACTOME_PEPTIDE_LIGAND_BINDING_RECEPTORS,Plasma_IgA,0.86775868039531,SpatialID
REACTOME_PLATELET_ACTIVATION_SIGNALING_AND_AGGREGATION,Plasma_IgA,0.11839239563236492,SpatialID
REACTOME_POST_TRANSLATIONAL_PROTEIN_MODIFICATION,Plasma_IgA,0.26854708268835187,SpatialID
REACTOME_REGULATION_OF_INSULIN_LIKE_GROWTH_FACTOR_IGF_TRANSPORT_AND_UPTAKE_BY_INSULIN_LIKE_GROWTH_FACTOR_BINDING_PROTEINS_IGFBPS,Plasma_IgA,0.49516837992686086,SpatialID
REACTOME_RESPONSE_TO_ELEVATED_PLATELET_CYTOSOLIC_CA2,Plasma_IgA,0.11839239563236492,SpatialID
REACTOME_SIGNALING_BY_GPCR,Plasma_IgA,0.86775868039531,SpatialID
REACTOME_TERMINAL_PATHWAY_OF_COMPLEMENT,Plasma_IgA,0.8578653365381238,SpatialID
REACTOME_TRANSPORT_OF_GAMMA_CARBOXYLATED_PROTEIN_PRECURSORS_FROM_THE_ENDOPLASMIC_RETICULUM_TO_THE_GOLGI_APPARATUS,Plasma_IgA,0.11517400708126502,SpatialID
REACTOME_TRANSPORT_TO_THE_GOLGI_AND_SUBSEQUENT_MODIFICATION,Plasma_IgA,0.11839239563236492,SpatialID
REACTOME_VESICLE_MEDIATED_TRANSPORT,Plasma_IgA,0.11839239563236492,SpatialID
REACTOME_ACTIVATION_OF_C3_AND_C5,Cytotoxic_IFN_signaling,0.8666643832201402,SpatialID
REACTOME_ADAPTIVE_IMMUNE_SYSTEM,Cytotoxic_IFN_signaling,0.8705747940956515,SpatialID
REACTOME_ALTERNATIVE_COMPLEMENT_ACTIVATION,Cytotoxic_IFN_signaling,0.8705747940956515,SpatialID
REACTOME_ASPARAGINE_N_LINKED_GLYCOSYLATION,Cytotoxic_IFN_signaling,0.1140690947890179,SpatialID
REACTOME_CARGO_CONCENTRATION_IN_THE_ER,Cytotoxic_IFN_signaling,0.1140690947890179,SpatialID
REACTOME_CLASS_A_1_RHODOPSIN_LIKE_RECEPTORS,Cytotoxic_IFN_signaling,0.8705747940956515,SpatialID
REACTOME_COMMON_PATHWAY_OF_FIBRIN_CLOT_FORMATION,Cytotoxic_IFN_signaling,0.11432065722516703,SpatialID
REACTOME_COMPLEMENT_CASCADE,Cytotoxic_IFN_signaling,0.8620016173414929,SpatialID
REACTOME_COPII_MEDIATED_VESICLE_TRANSPORT,Cytotoxic_IFN_signaling,0.1140690947890179,SpatialID
REACTOME_ER_TO_GOLGI_ANTEROGRADE_TRANSPORT,Cytotoxic_IFN_signaling,0.1140690947890179,SpatialID
REACTOME_EXTRINSIC_PATHWAY_OF_FIBRIN_CLOT_FORMATION,Cytotoxic_IFN_signaling,0.11429707428572788,SpatialID
REACTOME_FORMATION_OF_FIBRIN_CLOT_CLOTTING_CASCADE,Cytotoxic_IFN_signaling,0.11428533847881943,SpatialID
REACTOME_GAMMA_CARBOXYLATION_HYPUSINYLATION_HYDROXYLATION_AND_ARYLSULFATASE_ACTIVATION,Cytotoxic_IFN_signaling,0.1142499084068498,SpatialID
REACTOME_GAMMA_CARBOXYLATION_OF_PROTEIN_PRECURSORS,Cytotoxic_IFN_signaling,0.114352080283936,SpatialID
REACTOME_GAMMA_CARBOXYLATION_TRANSPORT_AND_AMINO_TERMINAL_CLEAVAGE_OF_PROTEINS,Cytotoxic_IFN_signaling,0.114352080283936,SpatialID
REACTOME_GPCR_LIGAND_BINDING,Cytotoxic_IFN_signaling,0.8705747940956515,SpatialID
REACTOME_G_ALPHA_I_SIGNALLING_EVENTS,Cytotoxic_IFN_signaling,0.8705747940956515,SpatialID
REACTOME_HEMOSTASIS,Cytotoxic_IFN_signaling,0.11428533847881943,SpatialID
REACTOME_IMMUNE_SYSTEM,Cytotoxic_IFN_signaling,0.8620016173414929,SpatialID
REACTOME_IMMUNOREGULATORY_INTERACTIONS_BETWEEN_A_LYMPHOID_AND_A_NON_LYMPHOID_CELL,Cytotoxic_IFN_signaling,0.8705747940956515,SpatialID
REACTOME_INITIAL_TRIGGERING_OF_COMPLEMENT,Cytotoxic_IFN_signaling,0.8666643832201402,SpatialID
REACTOME_INNATE_IMMUNE_SYSTEM,Cytotoxic_IFN_signaling,0.8620016173414929,SpatialID
REACTOME_INTRINSIC_PATHWAY_OF_FIBRIN_CLOT_FORMATION,Cytotoxic_IFN_signaling,0.11434229544202848,SpatialID
REACTOME_MEMBRANE_TRAFFICKING,Cytotoxic_IFN_signaling,0.1140690947890179,SpatialID
REACTOME_METABOLISM_OF_PROTEINS,Cytotoxic_IFN_signaling,0.2673570493805794,SpatialID
REACTOME_NEUTROPHIL_DEGRANULATION,Cytotoxic_IFN_signaling,0.8705747940956515,SpatialID
REACTOME_PEPTIDE_LIGAND_BINDING_RECEPTORS,Cytotoxic_IFN_signaling,0.8705747940956515,SpatialID
REACTOME_PLATELET_ACTIVATION_SIGNALING_AND_AGGREGATION,Cytotoxic_IFN_signaling,0.1140690947890179,SpatialID
REACTOME_POST_TRANSLATIONAL_PROTEIN_MODIFICATION,Cytotoxic_IFN_signaling,0.2673570493805794,SpatialID
REACTOME_REGULATION_OF_INSULIN_LIKE_GROWTH_FACTOR_IGF_TRANSPORT_AND_UPTAKE_BY_INSULIN_LIKE_GROWTH_FACTOR_BINDING_PROTEINS_IGFBPS,Cytotoxic_IFN_signaling,0.4950771525472181,SpatialID
REACTOME_RESPONSE_TO_ELEVATED_PLATELET_CYTOSOLIC_CA2,Cytotoxic_IFN_signaling,0.1140690947890179,SpatialID
REACTOME_SIGNALING_BY_GPCR,Cytotoxic_IFN_signaling,0.8705747940956515,SpatialID
REACTOME_TERMINAL_PATHWAY_OF_COMPLEMENT,Cytotoxic_IFN_signaling,0.8584272440176359,SpatialID
REACTOME_TRANSPORT_OF_GAMMA_CARBOXYLATED_PROTEIN_PRECURSORS_FROM_THE_ENDOPLASMIC_RETICULUM_TO_THE_GOLGI_APPARATUS,Cytotoxic_IFN_signaling,0.114352080283936,SpatialID
REACTOME_TRANSPORT_TO_THE_GOLGI_AND_SUBSEQUENT_MODIFICATION,Cytotoxic_IFN_signaling,0.1140690947890179,SpatialID
REACTOME_VESICLE_MEDIATED_TRANSPORT,Cytotoxic_IFN_signaling,0.1140690947890179,SpatialID
REACTOME_ACTIVATION_OF_C3_AND_C5,Cortex_CCL21,0.863530237742502,SpatialID
REACTOME_ADAPTIVE_IMMUNE_SYSTEM,Cortex_CCL21,0.8619911973393043,SpatialID
REACTOME_ALTERNATIVE_COMPLEMENT_ACTIVATION,Cortex_CCL21,0.8619911973393043,SpatialID
REACTOME_ASPARAGINE_N_LINKED_GLYCOSYLATION,Cortex_CCL21,0.11636599372276968,SpatialID
REACTOME_CARGO_CONCENTRATION_IN_THE_ER,Cortex_CCL21,0.11636599372276968,SpatialID
REACTOME_CLASS_A_1_RHODOPSIN_LIKE_RECEPTORS,Cortex_CCL21,0.8619911973393043,SpatialID
REACTOME_COMMON_PATHWAY_OF_FIBRIN_CLOT_FORMATION,Cortex_CCL21,0.11661763552653899,SpatialID
REACTOME_COMPLEMENT_CASCADE,Cortex_CCL21,0.8601339605013707,SpatialID
REACTOME_COPII_MEDIATED_VESICLE_TRANSPORT,Cortex_CCL21,0.11636599372276968,SpatialID
REACTOME_ER_TO_GOLGI_ANTEROGRADE_TRANSPORT,Cortex_CCL21,0.11636599372276968,SpatialID
REACTOME_EXTRINSIC_PATHWAY_OF_FIBRIN_CLOT_FORMATION,Cortex_CCL21,0.1165940525871,SpatialID
REACTOME_FORMATION_OF_FIBRIN_CLOT_CLOTTING_CASCADE,Cortex_CCL21,0.11658255491596599,SpatialID
REACTOME_GAMMA_CARBOXYLATION_HYPUSINYLATION_HYDROXYLATION_AND_ARYLSULFATASE_ACTIVATION,Cortex_CCL21,0.116546886708222,SpatialID
REACTOME_GAMMA_CARBOXYLATION_OF_PROTEIN_PRECURSORS,Cortex_CCL21,0.11664897921768767,SpatialID
REACTOME_GAMMA_CARBOXYLATION_TRANSPORT_AND_AMINO_TERMINAL_CLEAVAGE_OF_PROTEINS,Cortex_CCL21,0.11664897921768767,SpatialID
REACTOME_GPCR_LIGAND_BINDING,Cortex_CCL21,0.8619911973393043,SpatialID
REACTOME_G_ALPHA_I_SIGNALLING_EVENTS,Cortex_CCL21,0.8619911973393043,SpatialID
REACTOME_HEMOSTASIS,Cortex_CCL21,0.11658255491596599,SpatialID
REACTOME_IMMUNE_SYSTEM,Cortex_CCL21,0.8601339605013707,SpatialID
REACTOME_IMMUNOREGULATORY_INTERACTIONS_BETWEEN_A_LYMPHOID_AND_A_NON_LYMPHOID_CELL,Cortex_CCL21,0.8619911973393043,SpatialID
REACTOME_INITIAL_TRIGGERING_OF_COMPLEMENT,Cortex_CCL21,0.863530237742502,SpatialID
REACTOME_INNATE_IMMUNE_SYSTEM,Cortex_CCL21,0.8601339605013707,SpatialID
REACTOME_INTRINSIC_PATHWAY_OF_FIBRIN_CLOT_FORMATION,Cortex_CCL21,0.11663935311650632,SpatialID
REACTOME_MEMBRANE_TRAFFICKING,Cortex_CCL21,0.11636599372276968,SpatialID
REACTOME_METABOLISM_OF_PROTEINS,Cortex_CCL21,0.2656377213154583,SpatialID
REACTOME_NEUTROPHIL_DEGRANULATION,Cortex_CCL21,0.8619911973393043,SpatialID
REACTOME_PEPTIDE_LIGAND_BINDING_RECEPTORS,Cortex_CCL21,0.8619911973393043,SpatialID
REACTOME_PLATELET_ACTIVATION_SIGNALING_AND_AGGREGATION,Cortex_CCL21,0.11636599372276968,SpatialID
REACTOME_POST_TRANSLATIONAL_PROTEIN_MODIFICATION,Cortex_CCL21,0.2656377213154583,SpatialID
REACTOME_REGULATION_OF_INSULIN_LIKE_GROWTH_FACTOR_IGF_TRANSPORT_AND_UPTAKE_BY_INSULIN_LIKE_GROWTH_FACTOR_BINDING_PROTEINS_IGFBPS,Cortex_CCL21,0.48921117433961997,SpatialID
REACTOME_RESPONSE_TO_ELEVATED_PLATELET_CYTOSOLIC_CA2,Cortex_CCL21,0.11636599372276968,SpatialID
REACTOME_SIGNALING_BY_GPCR,Cortex_CCL21,0.8619911973393043,SpatialID
REACTOME_TERMINAL_PATHWAY_OF_COMPLEMENT,Cortex_CCL21,0.8577508123005274,SpatialID
REACTOME_TRANSPORT_OF_GAMMA_CARBOXYLATED_PROTEIN_PRECURSORS_FROM_THE_ENDOPLASMIC_RETICULUM_TO_THE_GOLGI_APPARATUS,Cortex_CCL21,0.11664897921768767,SpatialID
REACTOME_TRANSPORT_TO_THE_GOLGI_AND_SUBSEQUENT_MODIFICATION,Cortex_CCL21,0.11636599372276968,SpatialID
REACTOME_VESICLE_MEDIATED_TRANSPORT,Cortex_CCL21,0.11636599372276968,SpatialID
REACTOME_ACTIVATION_OF_C3_AND_C5,CAF,0.8686874732920271,scCello_finetune
REACTOME_ADAPTIVE_IMMUNE_SYSTEM,CAF,0.8756027677851178,scCello_finetune
REACTOME_ALTERNATIVE_COMPLEMENT_ACTIVATION,CAF,0.8756027677851178,scCello_finetune
REACTOME_ASPARAGINE_N_LINKED_GLYCOSYLATION,CAF,0.1169720970849566,scCello_finetune
REACTOME_CARGO_CONCENTRATION_IN_THE_ER,CAF,0.1169720970849566,scCello_finetune
REACTOME_CLASS_A_1_RHODOPSIN_LIKE_RECEPTORS,CAF,0.8756027677851178,scCello_finetune
REACTOME_COMMON_PATHWAY_OF_FIBRIN_CLOT_FORMATION,CAF,0.11518140334748493,scCello_finetune
REACTOME_COMPLEMENT_CASCADE,CAF,0.858295405086607,scCello_finetune
REACTOME_COPII_MEDIATED_VESICLE_TRANSPORT,CAF,0.1169720970849566,scCello_finetune
REACTOME_ER_TO_GOLGI_ANTEROGRADE_TRANSPORT,CAF,0.1169720970849566,scCello_finetune
REACTOME_EXTRINSIC_PATHWAY_OF_FIBRIN_CLOT_FORMATION,CAF,0.1149533953110125,scCello_finetune
REACTOME_FORMATION_OF_FIBRIN_CLOT_CLOTTING_CASCADE,CAF,0.11621371986662045,scCello_finetune
REACTOME_GAMMA_CARBOXYLATION_HYPUSINYLATION_HYDROXYLATION_AND_ARYLSULFATASE_ACTIVATION,CAF,0.11273737979619441,scCello_finetune
REACTOME_GAMMA_CARBOXYLATION_OF_PROTEIN_PRECURSORS,CAF,0.10957084162129904,scCello_finetune
REACTOME_GAMMA_CARBOXYLATION_TRANSPORT_AND_AMINO_TERMINAL_CLEAVAGE_OF_PROTEINS,CAF,0.10957084162129904,scCello_finetune
REACTOME_GPCR_LIGAND_BINDING,CAF,0.8756027677851178,scCello_finetune
REACTOME_G_ALPHA_I_SIGNALLING_EVENTS,CAF,0.8756027677851178,scCello_finetune
REACTOME_HEMOSTASIS,CAF,0.11621371986662045,scCello_finetune
REACTOME_IMMUNE_SYSTEM,CAF,0.858295405086607,scCello_finetune
REACTOME_IMMUNOREGULATORY_INTERACTIONS_BETWEEN_A_LYMPHOID_AND_A_NON_LYMPHOID_CELL,CAF,0.8756027677851178,scCello_finetune
REACTOME_INITIAL_TRIGGERING_OF_COMPLEMENT,CAF,0.8686874732920271,scCello_finetune
REACTOME_INNATE_IMMUNE_SYSTEM,CAF,0.858295405086607,scCello_finetune
REACTOME_INTRINSIC_PATHWAY_OF_FIBRIN_CLOT_FORMATION,CAF,0.11375165416586851,scCello_finetune
REACTOME_MEMBRANE_TRAFFICKING,CAF,0.1169720970849566,scCello_finetune
REACTOME_METABOLISM_OF_PROTEINS,CAF,0.269786308355895,scCello_finetune
REACTOME_NEUTROPHIL_DEGRANULATION,CAF,0.8756027677851178,scCello_finetune
REACTOME_PEPTIDE_LIGAND_BINDING_RECEPTORS,CAF,0.8756027677851178,scCello_finetune
REACTOME_PLATELET_ACTIVATION_SIGNALING_AND_AGGREGATION,CAF,0.1169720970849566,scCello_finetune
REACTOME_POST_TRANSLATIONAL_PROTEIN_MODIFICATION,CAF,0.269786308355895,scCello_finetune
REACTOME_REGULATION_OF_INSULIN_LIKE_GROWTH_FACTOR_IGF_TRANSPORT_AND_UPTAKE_BY_INSULIN_LIKE_GROWTH_FACTOR_BINDING_PROTEINS_IGFBPS,CAF,0.5010108641975751,scCello_finetune
REACTOME_RESPONSE_TO_ELEVATED_PLATELET_CYTOSOLIC_CA2,CAF,0.1169720970849566,scCello_finetune
REACTOME_SIGNALING_BY_GPCR,CAF,0.8756027677851178,scCello_finetune
REACTOME_TERMINAL_PATHWAY_OF_COMPLEMENT,CAF,0.8506127631884489,scCello_finetune
REACTOME_TRANSPORT_OF_GAMMA_CARBOXYLATED_PROTEIN_PRECURSORS_FROM_THE_ENDOPLASMIC_RETICULUM_TO_THE_GOLGI_APPARATUS,CAF,0.10957084162129904,scCello_finetune
REACTOME_TRANSPORT_TO_THE_GOLGI_AND_SUBSEQUENT_MODIFICATION,CAF,0.1169720970849566,scCello_finetune
REACTOME_VESICLE_MEDIATED_TRANSPORT,CAF,0.1169720970849566,scCello_finetune
REACTOME_ACTIVATION_OF_C3_AND_C5,M1_macrophages,0.8678312861414818,scCello_finetune
REACTOME_ADAPTIVE_IMMUNE_SYSTEM,M1_macrophages,0.8723830919491719,scCello_finetune
REACTOME_ALTERNATIVE_COMPLEMENT_ACTIVATION,M1_macrophages,0.8723830919491719,scCello_finetune
REACTOME_ASPARAGINE_N_LINKED_GLYCOSYLATION,M1_macrophages,0.11818546141965278,scCello_finetune
REACTOME_CARGO_CONCENTRATION_IN_THE_ER,M1_macrophages,0.11818546141965278,scCello_finetune
REACTOME_CLASS_A_1_RHODOPSIN_LIKE_RECEPTORS,M1_macrophages,0.8723830919491719,scCello_finetune
REACTOME_COMMON_PATHWAY_OF_FIBRIN_CLOT_FORMATION,M1_macrophages,0.11710980879364542,scCello_finetune
REACTOME_COMPLEMENT_CASCADE,M1_macrophages,0.8609738775306348,scCello_finetune
REACTOME_COPII_MEDIATED_VESICLE_TRANSPORT,M1_macrophages,0.11818546141965278,scCello_finetune
REACTOME_ER_TO_GOLGI_ANTEROGRADE_TRANSPORT,M1_macrophages,0.11818546141965278,scCello_finetune
REACTOME_EXTRINSIC_PATHWAY_OF_FIBRIN_CLOT_FORMATION,M1_macrophages,0.11449905071014321,scCello_finetune
REACTOME_FORMATION_OF_FIBRIN_CLOT_CLOTTING_CASCADE,M1_macrophages,0.11598758394303332,scCello_finetune
REACTOME_GAMMA_CARBOXYLATION_HYPUSINYLATION_HYDROXYLATION_AND_ARYLSULFATASE_ACTIVATION,M1_macrophages,0.1153655118012048,scCello_finetune
REACTOME_GAMMA_CARBOXYLATION_OF_PROTEIN_PRECURSORS,M1_macrophages,0.11337584216745589,scCello_finetune
REACTOME_GAMMA_CARBOXYLATION_TRANSPORT_AND_AMINO_TERMINAL_CLEAVAGE_OF_PROTEINS,M1_macrophages,0.11337584216745589,scCello_finetune
REACTOME_GPCR_LIGAND_BINDING,M1_macrophages,0.8723830919491719,scCello_finetune
REACTOME_G_ALPHA_I_SIGNALLING_EVENTS,M1_macrophages,0.8723830919491719,scCello_finetune
REACTOME_HEMOSTASIS,M1_macrophages,0.11598758394303332,scCello_finetune
REACTOME_IMMUNE_SYSTEM,M1_macrophages,0.8609738775306348,scCello_finetune
REACTOME_IMMUNOREGULATORY_INTERACTIONS_BETWEEN_A_LYMPHOID_AND_A_NON_LYMPHOID_CELL,M1_macrophages,0.8723830919491719,scCello_finetune
REACTOME_INITIAL_TRIGGERING_OF_COMPLEMENT,M1_macrophages,0.8678312861414818,scCello_finetune
REACTOME_INNATE_IMMUNE_SYSTEM,M1_macrophages,0.8609738775306348,scCello_finetune
REACTOME_INTRINSIC_PATHWAY_OF_FIBRIN_CLOT_FORMATION,M1_macrophages,0.11532133074142345,scCello_finetune
REACTOME_MEMBRANE_TRAFFICKING,M1_macrophages,0.11818546141965278,scCello_finetune
REACTOME_METABOLISM_OF_PROTEINS,M1_macrophages,0.2698069848316305,scCello_finetune
REACTOME_NEUTROPHIL_DEGRANULATION,M1_macrophages,0.8723830919491719,scCello_finetune
REACTOME_PEPTIDE_LIGAND_BINDING_RECEPTORS,M1_macrophages,0.8723830919491719,scCello_finetune
REACTOME_PLATELET_ACTIVATION_SIGNALING_AND_AGGREGATION,M1_macrophages,0.11818546141965278,scCello_finetune
REACTOME_POST_TRANSLATIONAL_PROTEIN_MODIFICATION,M1_macrophages,0.2698069848316305,scCello_finetune
REACTOME_REGULATION_OF_INSULIN_LIKE_GROWTH_FACTOR_IGF_TRANSPORT_AND_UPTAKE_BY_INSULIN_LIKE_GROWTH_FACTOR_BINDING_PROTEINS_IGFBPS,M1_macrophages,0.49856205607327686,scCello_finetune
REACTOME_RESPONSE_TO_ELEVATED_PLATELET_CYTOSOLIC_CA2,M1_macrophages,0.11818546141965278,scCello_finetune
REACTOME_SIGNALING_BY_GPCR,M1_macrophages,0.8723830919491719,scCello_finetune
REACTOME_TERMINAL_PATHWAY_OF_COMPLEMENT,M1_macrophages,0.8558411740328213,scCello_finetune
REACTOME_TRANSPORT_OF_GAMMA_CARBOXYLATED_PROTEIN_PRECURSORS_FROM_THE_ENDOPLASMIC_RETICULUM_TO_THE_GOLGI_APPARATUS,M1_macrophages,0.11337584216745589,scCello_finetune
REACTOME_TRANSPORT_TO_THE_GOLGI_AND_SUBSEQUENT_MODIFICATION,M1_macrophages,0.11818546141965278,scCello_finetune
REACTOME_VESICLE_MEDIATED_TRANSPORT,M1_macrophages,0.11818546141965278,scCello_finetune
REACTOME_ACTIVATION_OF_C3_AND_C5,Plasma_IgG,0.8688079173513675,scCello_finetune
REACTOME_ADAPTIVE_IMMUNE_SYSTEM,Plasma_IgG,0.8721333215286777,scCello_finetune
REACTOME_ALTERNATIVE_COMPLEMENT_ACTIVATION,Plasma_IgG,0.8721333215286777,scCello_finetune
REACTOME_ASPARAGINE_N_LINKED_GLYCOSYLATION,Plasma_IgG,0.11926137194941643,scCello_finetune
REACTOME_CARGO_CONCENTRATION_IN_THE_ER,Plasma_IgG,0.11926137194941643,scCello_finetune
REACTOME_CLASS_A_1_RHODOPSIN_LIKE_RECEPTORS,Plasma_IgG,0.8721333215286777,scCello_finetune
REACTOME_COMMON_PATHWAY_OF_FIBRIN_CLOT_FORMATION,Plasma_IgG,0.11812390056947135,scCello_finetune
REACTOME_COMPLEMENT_CASCADE,Plasma_IgG,0.8621616628235983,scCello_finetune
REACTOME_COPII_MEDIATED_VESICLE_TRANSPORT,Plasma_IgG,0.11926137194941643,scCello_finetune
REACTOME_ER_TO_GOLGI_ANTEROGRADE_TRANSPORT,Plasma_IgG,0.11926137194941643,scCello_finetune
REACTOME_EXTRINSIC_PATHWAY_OF_FIBRIN_CLOT_FORMATION,Plasma_IgG,0.11660905345874763,scCello_finetune
REACTOME_FORMATION_OF_FIBRIN_CLOT_CLOTTING_CASCADE,Plasma_IgG,0.11808458532086095,scCello_finetune
REACTOME_GAMMA_CARBOXYLATION_HYPUSINYLATION_HYDROXYLATION_AND_ARYLSULFATASE_ACTIVATION,Plasma_IgG,0.11642914200578725,scCello_finetune
REACTOME_GAMMA_CARBOXYLATION_OF_PROTEIN_PRECURSORS,Plasma_IgG,0.11441253363917443,scCello_finetune
REACTOME_GAMMA_CARBOXYLATION_TRANSPORT_AND_AMINO_TERMINAL_CLEAVAGE_OF_PROTEINS,Plasma_IgG,0.11441253363917443,scCello_finetune
REACTOME_GPCR_LIGAND_BINDING,Plasma_IgG,0.8721333215286777,scCello_finetune
REACTOME_G_ALPHA_I_SIGNALLING_EVENTS,Plasma_IgG,0.8721333215286777,scCello_finetune
REACTOME_HEMOSTASIS,Plasma_IgG,0.11808458532086095,scCello_finetune
REACTOME_IMMUNE_SYSTEM,Plasma_IgG,0.8621616628235983,scCello_finetune
REACTOME_IMMUNOREGULATORY_INTERACTIONS_BETWEEN_A_LYMPHOID_AND_A_NON_LYMPHOID_CELL,Plasma_IgG,0.8721333215286777,scCello_finetune
REACTOME_INITIAL_TRIGGERING_OF_COMPLEMENT,Plasma_IgG,0.8688079173513675,scCello_finetune
REACTOME_INNATE_IMMUNE_SYSTEM,Plasma_IgG,0.8621616628235983,scCello_finetune
REACTOME_INTRINSIC_PATHWAY_OF_FIBRIN_CLOT_FORMATION,Plasma_IgG,0.11711473502517326,scCello_finetune
REACTOME_MEMBRANE_TRAFFICKING,Plasma_IgG,0.11926137194941643,scCello_finetune
REACTOME_METABOLISM_OF_PROTEINS,Plasma_IgG,0.2703591356189028,scCello_finetune
REACTOME_NEUTROPHIL_DEGRANULATION,Plasma_IgG,0.8721333215286777,scCello_finetune
REACTOME_PEPTIDE_LIGAND_BINDING_RECEPTORS,Plasma_IgG,0.8721333215286777,scCello_finetune
REACTOME_PLATELET_ACTIVATION_SIGNALING_AND_AGGREGATION,Plasma_IgG,0.11926137194941643,scCello_finetune
REACTOME_POST_TRANSLATIONAL_PROTEIN_MODIFICATION,Plasma_IgG,0.2703591356189028,scCello_finetune
REACTOME_REGULATION_OF_INSULIN_LIKE_GROWTH_FACTOR_IGF_TRANSPORT_AND_UPTAKE_BY_INSULIN_LIKE_GROWTH_FACTOR_BINDING_PROTEINS_IGFBPS,Plasma_IgG,0.49856759924557453,scCello_finetune
REACTOME_RESPONSE_TO_ELEVATED_PLATELET_CYTOSOLIC_CA2,Plasma_IgG,0.11926137194941643,scCello_finetune
REACTOME_SIGNALING_BY_GPCR,Plasma_IgG,0.8721333215286777,scCello_finetune
REACTOME_TERMINAL_PATHWAY_OF_COMPLEMENT,Plasma_IgG,0.8571899435841859,scCello_finetune
REACTOME_TRANSPORT_OF_GAMMA_CARBOXYLATED_PROTEIN_PRECURSORS_FROM_THE_ENDOPLASMIC_RETICULUM_TO_THE_GOLGI_APPARATUS,Plasma_IgG,0.11441253363917443,scCello_finetune
REACTOME_TRANSPORT_TO_THE_GOLGI_AND_SUBSEQUENT_MODIFICATION,Plasma_IgG,0.11926137194941643,scCello_finetune
REACTOME_VESICLE_MEDIATED_TRANSPORT,Plasma_IgG,0.11926137194941643,scCello_finetune
REACTOME_ACTIVATION_OF_C3_AND_C5,unknown,0.8659437051669138,scCello_finetune
REACTOME_ADAPTIVE_IMMUNE_SYSTEM,unknown,0.8660252044253671,scCello_finetune
REACTOME_ALTERNATIVE_COMPLEMENT_ACTIVATION,unknown,0.8660252044253671,scCello_finetune
REACTOME_ASPARAGINE_N_LINKED_GLYCOSYLATION,unknown,0.12139909558662197,scCello_finetune
REACTOME_CARGO_CONCENTRATION_IN_THE_ER,unknown,0.12139909558662197,scCello_finetune
REACTOME_CLASS_A_1_RHODOPSIN_LIKE_RECEPTORS,unknown,0.8660252044253671,scCello_finetune
REACTOME_COMMON_PATHWAY_OF_FIBRIN_CLOT_FORMATION,unknown,0.12021968283785875,scCello_finetune
REACTOME_COMPLEMENT_CASCADE,unknown,0.8619365199840074,scCello_finetune
REACTOME_COPII_MEDIATED_VESICLE_TRANSPORT,unknown,0.12139909558662197,scCello_finetune
REACTOME_ER_TO_GOLGI_ANTEROGRADE_TRANSPORT,unknown,0.12139909558662197,scCello_finetune
REACTOME_EXTRINSIC_PATHWAY_OF_FIBRIN_CLOT_FORMATION,unknown,0.11691059517469489,scCello_finetune
REACTOME_FORMATION_OF_FIBRIN_CLOT_CLOTTING_CASCADE,unknown,0.11863890630906816,scCello_finetune
REACTOME_GAMMA_CARBOXYLATION_HYPUSINYLATION_HYDROXYLATION_AND_ARYLSULFATASE_ACTIVATION,unknown,0.11814069965345372,scCello_finetune
REACTOME_GAMMA_CARBOXYLATION_OF_PROTEIN_PRECURSORS,unknown,0.11668449900366634,scCello_finetune
REACTOME_GAMMA_CARBOXYLATION_TRANSPORT_AND_AMINO_TERMINAL_CLEAVAGE_OF_PROTEINS,unknown,0.11668449900366634,scCello_finetune
REACTOME_GPCR_LIGAND_BINDING,unknown,0.8660252044253671,scCello_finetune
REACTOME_G_ALPHA_I_SIGNALLING_EVENTS,unknown,0.8660252044253671,scCello_finetune
REACTOME_HEMOSTASIS,unknown,0.11863890630906816,scCello_finetune
REACTOME_IMMUNE_SYSTEM,unknown,0.8619365199840074,scCello_finetune
REACTOME_IMMUNOREGULATORY_INTERACTIONS_BETWEEN_A_LYMPHOID_AND_A_NON_LYMPHOID_CELL,unknown,0.8660252044253671,scCello_finetune
REACTOME_INITIAL_TRIGGERING_OF_COMPLEMENT,unknown,0.8659437051669138,scCello_finetune
REACTOME_INNATE_IMMUNE_SYSTEM,unknown,0.8619365199840074,scCello_finetune
REACTOME_INTRINSIC_PATHWAY_OF_FIBRIN_CLOT_FORMATION,unknown,0.11800011707531394,scCello_finetune
REACTOME_MEMBRANE_TRAFFICKING,unknown,0.12139909558662197,scCello_finetune
REACTOME_METABOLISM_OF_PROTEINS,unknown,0.269339901229158,scCello_finetune
REACTOME_NEUTROPHIL_DEGRANULATION,unknown,0.8660252044253671,scCello_finetune
REACTOME_PEPTIDE_LIGAND_BINDING_RECEPTORS,unknown,0.8660252044253671,scCello_finetune
REACTOME_PLATELET_ACTIVATION_SIGNALING_AND_AGGREGATION,unknown,0.12139909558662197,scCello_finetune
REACTOME_POST_TRANSLATIONAL_PROTEIN_MODIFICATION,unknown,0.269339901229158,scCello_finetune
REACTOME_REGULATION_OF_INSULIN_LIKE_GROWTH_FACTOR_IGF_TRANSPORT_AND_UPTAKE_BY_INSULIN_LIKE_GROWTH_FACTOR_BINDING_PROTEINS_IGFBPS,unknown,0.4949888414867764,scCello_finetune
REACTOME_RESPONSE_TO_ELEVATED_PLATELET_CYTOSOLIC_CA2,unknown,0.12139909558662197,scCello_finetune
REACTOME_SIGNALING_BY_GPCR,unknown,0.8660252044253671,scCello_finetune
REACTOME_TERMINAL_PATHWAY_OF_COMPLEMENT,unknown,0.8589810917159286,scCello_finetune
REACTOME_TRANSPORT_OF_GAMMA_CARBOXYLATED_PROTEIN_PRECURSORS_FROM_THE_ENDOPLASMIC_RETICULUM_TO_THE_GOLGI_APPARATUS,unknown,0.11668449900366634,scCello_finetune
REACTOME_TRANSPORT_TO_THE_GOLGI_AND_SUBSEQUENT_MODIFICATION,unknown,0.12139909558662197,scCello_finetune
REACTOME_VESICLE_MEDIATED_TRANSPORT,unknown,0.12139909558662197,scCello_finetune
REACTOME_ACTIVATION_OF_C3_AND_C5,High_Endothelial_Venules,0.8626603816490197,scCello_finetune
REACTOME_ADAPTIVE_IMMUNE_SYSTEM,High_Endothelial_Venules,0.8656097149314254,scCello_finetune
REACTOME_ALTERNATIVE_COMPLEMENT_ACTIVATION,High_Endothelial_Venules,0.8656097149314254,scCello_finetune
REACTOME_ASPARAGINE_N_LINKED_GLYCOSYLATION,High_Endothelial_Venules,0.1159362254194993,scCello_finetune
REACTOME_CARGO_CONCENTRATION_IN_THE_ER,High_Endothelial_Venules,0.1159362254194993,scCello_finetune
REACTOME_CLASS_A_1_RHODOPSIN_LIKE_RECEPTORS,High_Endothelial_Venules,0.8656097149314254,scCello_finetune
REACTOME_COMMON_PATHWAY_OF_FIBRIN_CLOT_FORMATION,High_Endothelial_Venules,0.11442454424299184,scCello_finetune
REACTOME_COMPLEMENT_CASCADE,High_Endothelial_Venules,0.8586407558738525,scCello_finetune
REACTOME_COPII_MEDIATED_VESICLE_TRANSPORT,High_Endothelial_Venules,0.1159362254194993,scCello_finetune
REACTOME_ER_TO_GOLGI_ANTEROGRADE_TRANSPORT,High_Endothelial_Venules,0.1159362254194993,scCello_finetune
REACTOME_EXTRINSIC_PATHWAY_OF_FIBRIN_CLOT_FORMATION,High_Endothelial_Venules,0.11199453507607834,scCello_finetune
REACTOME_FORMATION_OF_FIBRIN_CLOT_CLOTTING_CASCADE,High_Endothelial_Venules,0.1140503920237952,scCello_finetune
REACTOME_GAMMA_CARBOXYLATION_HYPUSINYLATION_HYDROXYLATION_AND_ARYLSULFATASE_ACTIVATION,High_Endothelial_Venules,0.11268416298731782,scCello_finetune
REACTOME_GAMMA_CARBOXYLATION_OF_PROTEIN_PRECURSORS,High_Endothelial_Venules,0.11027490497954334,scCello_finetune
REACTOME_GAMMA_CARBOXYLATION_TRANSPORT_AND_AMINO_TERMINAL_CLEAVAGE_OF_PROTEINS,High_Endothelial_Venules,0.11027490497954334,scCello_finetune
REACTOME_GPCR_LIGAND_BINDING,High_Endothelial_Venules,0.8656097149314254,scCello_finetune
REACTOME_G_ALPHA_I_SIGNALLING_EVENTS,High_Endothelial_Venules,0.8656097149314254,scCello_finetune
REACTOME_HEMOSTASIS,High_Endothelial_Venules,0.1140503920237952,scCello_finetune
REACTOME_IMMUNE_SYSTEM,High_Endothelial_Venules,0.8586407558738525,scCello_finetune
REACTOME_IMMUNOREGULATORY_INTERACTIONS_BETWEEN_A_LYMPHOID_AND_A_NON_LYMPHOID_CELL,High_Endothelial_Venules,0.8656097149314254,scCello_finetune
REACTOME_INITIAL_TRIGGERING_OF_COMPLEMENT,High_Endothelial_Venules,0.8626603816490197,scCello_finetune
REACTOME_INNATE_IMMUNE_SYSTEM,High_Endothelial_Venules,0.8586407558738525,scCello_finetune
REACTOME_INTRINSIC_PATHWAY_OF_FIBRIN_CLOT_FORMATION,High_Endothelial_Venules,0.113382189892706,scCello_finetune
REACTOME_MEMBRANE_TRAFFICKING,High_Endothelial_Venules,0.1159362254194993,scCello_finetune
REACTOME_METABOLISM_OF_PROTEINS,High_Endothelial_Venules,0.26571724979523365,scCello_finetune
REACTOME_NEUTROPHIL_DEGRANULATION,High_Endothelial_Venules,0.8656097149314254,scCello_finetune
REACTOME_PEPTIDE_LIGAND_BINDING_RECEPTORS,High_Endothelial_Venules,0.8656097149314254,scCello_finetune
REACTOME_PLATELET_ACTIVATION_SIGNALING_AND_AGGREGATION,High_Endothelial_Venules,0.1159362254194993,scCello_finetune
REACTOME_POST_TRANSLATIONAL_PROTEIN_MODIFICATION,High_Endothelial_Venules,0.26571724979523365,scCello_finetune
REACTOME_REGULATION_OF_INSULIN_LIKE_GROWTH_FACTOR_IGF_TRANSPORT_AND_UPTAKE_BY_INSULIN_LIKE_GROWTH_FACTOR_BINDING_PROTEINS_IGFBPS,High_Endothelial_Venules,0.4929325739054222,scCello_finetune
REACTOME_RESPONSE_TO_ELEVATED_PLATELET_CYTOSOLIC_CA2,High_Endothelial_Venules,0.1159362254194993,scCello_finetune
REACTOME_SIGNALING_BY_GPCR,High_Endothelial_Venules,0.8656097149314254,scCello_finetune
REACTOME_TERMINAL_PATHWAY_OF_COMPLEMENT,High_Endothelial_Venules,0.8554279528424732,scCello_finetune
REACTOME_TRANSPORT_OF_GAMMA_CARBOXYLATED_PROTEIN_PRECURSORS_FROM_THE_ENDOPLASMIC_RETICULUM_TO_THE_GOLGI_APPARATUS,High_Endothelial_Venules,0.11027490497954334,scCello_finetune
REACTOME_TRANSPORT_TO_THE_GOLGI_AND_SUBSEQUENT_MODIFICATION,High_Endothelial_Venules,0.1159362254194993,scCello_finetune
REACTOME_VESICLE_MEDIATED_TRANSPORT,High_Endothelial_Venules,0.1159362254194993,scCello_finetune
REACTOME_ACTIVATION_OF_C3_AND_C5,Tumor,0.8508507253649283,scCello_finetune
REACTOME_ADAPTIVE_IMMUNE_SYSTEM,Tumor,0.8494534076753962,scCello_finetune
REACTOME_ALTERNATIVE_COMPLEMENT_ACTIVATION,Tumor,0.8494534076753962,scCello_finetune
REACTOME_ASPARAGINE_N_LINKED_GLYCOSYLATION,Tumor,0.11044355967905138,scCello_finetune
REACTOME_CARGO_CONCENTRATION_IN_THE_ER,Tumor,0.11044355967905138,scCello_finetune
REACTOME_CLASS_A_1_RHODOPSIN_LIKE_RECEPTORS,Tumor,0.8494534076753962,scCello_finetune
REACTOME_COMMON_PATHWAY_OF_FIBRIN_CLOT_FORMATION,Tumor,0.10920260341555688,scCello_finetune
REACTOME_COMPLEMENT_CASCADE,Tumor,0.8465726118182781,scCello_finetune
REACTOME_COPII_MEDIATED_VESICLE_TRANSPORT,Tumor,0.11044355967905138,scCello_finetune
REACTOME_ER_TO_GOLGI_ANTEROGRADE_TRANSPORT,Tumor,0.11044355967905138,scCello_finetune
REACTOME_EXTRINSIC_PATHWAY_OF_FIBRIN_CLOT_FORMATION,Tumor,0.11210968784642675,scCello_finetune
REACTOME_FORMATION_OF_FIBRIN_CLOT_CLOTTING_CASCADE,Tumor,0.11448363503482879,scCello_finetune
REACTOME_GAMMA_CARBOXYLATION_HYPUSINYLATION_HYDROXYLATION_AND_ARYLSULFATASE_ACTIVATION,Tumor,0.10847491911576453,scCello_finetune
REACTOME_GAMMA_CARBOXYLATION_OF_PROTEIN_PRECURSORS,Tumor,0.10567302002396121,scCello_finetune
REACTOME_GAMMA_CARBOXYLATION_TRANSPORT_AND_AMINO_TERMINAL_CLEAVAGE_OF_PROTEINS,Tumor,0.10567302002396121,scCello_finetune
REACTOME_GPCR_LIGAND_BINDING,Tumor,0.8494534076753962,scCello_finetune
REACTOME_G_ALPHA_I_SIGNALLING_EVENTS,Tumor,0.8494534076753962,scCello_finetune
REACTOME_HEMOSTASIS,Tumor,0.11448363503482879,scCello_finetune
REACTOME_IMMUNE_SYSTEM,Tumor,0.8465726118182781,scCello_finetune
REACTOME_IMMUNOREGULATORY_INTERACTIONS_BETWEEN_A_LYMPHOID_AND_A_NON_LYMPHOID_CELL,Tumor,0.8494534076753962,scCello_finetune
REACTOME_INITIAL_TRIGGERING_OF_COMPLEMENT,Tumor,0.8508507253649283,scCello_finetune
REACTOME_INNATE_IMMUNE_SYSTEM,Tumor,0.8465726118182781,scCello_finetune
REACTOME_INTRINSIC_PATHWAY_OF_FIBRIN_CLOT_FORMATION,Tumor,0.11339975041602902,scCello_finetune
REACTOME_MEMBRANE_TRAFFICKING,Tumor,0.11044355967905138,scCello_finetune
REACTOME_METABOLISM_OF_PROTEINS,Tumor,0.2567641047680248,scCello_finetune
REACTOME_NEUTROPHIL_DEGRANULATION,Tumor,0.8494534076753962,scCello_finetune
REACTOME_PEPTIDE_LIGAND_BINDING_RECEPTORS,Tumor,0.8494534076753962,scCello_finetune
REACTOME_PLATELET_ACTIVATION_SIGNALING_AND_AGGREGATION,Tumor,0.11044355967905138,scCello_finetune
REACTOME_POST_TRANSLATIONAL_PROTEIN_MODIFICATION,Tumor,0.2567641047680248,scCello_finetune
REACTOME_REGULATION_OF_INSULIN_LIKE_GROWTH_FACTOR_IGF_TRANSPORT_AND_UPTAKE_BY_INSULIN_LIKE_GROWTH_FACTOR_BINDING_PROTEINS_IGFBPS,Tumor,0.4787233935879174,scCello_finetune
REACTOME_RESPONSE_TO_ELEVATED_PLATELET_CYTOSOLIC_CA2,Tumor,0.11044355967905138,scCello_finetune
REACTOME_SIGNALING_BY_GPCR,Tumor,0.8494534076753962,scCello_finetune
REACTOME_TERMINAL_PATHWAY_OF_COMPLEMENT,Tumor,0.8435176302713828,scCello_finetune
REACTOME_TRANSPORT_OF_GAMMA_CARBOXYLATED_PROTEIN_PRECURSORS_FROM_THE_ENDOPLASMIC_RETICULUM_TO_THE_GOLGI_APPARATUS,Tumor,0.10567302002396121,scCello_finetune
REACTOME_TRANSPORT_TO_THE_GOLGI_AND_SUBSEQUENT_MODIFICATION,Tumor,0.11044355967905138,scCello_finetune
REACTOME_VESICLE_MEDIATED_TRANSPORT,Tumor,0.11044355967905138,scCello_finetune
REACTOME_ACTIVATION_OF_C3_AND_C5,CAM,0.859351321077843,scCello_finetune
REACTOME_ADAPTIVE_IMMUNE_SYSTEM,CAM,0.858580121137267,scCello_finetune
REACTOME_ALTERNATIVE_COMPLEMENT_ACTIVATION,CAM,0.858580121137267,scCello_finetune
REACTOME_ASPARAGINE_N_LINKED_GLYCOSYLATION,CAM,0.10773493612776823,scCello_finetune
REACTOME_CARGO_CONCENTRATION_IN_THE_ER,CAM,0.10773493612776823,scCello_finetune
REACTOME_CLASS_A_1_RHODOPSIN_LIKE_RECEPTORS,CAM,0.858580121137267,scCello_finetune
REACTOME_COMMON_PATHWAY_OF_FIBRIN_CLOT_FORMATION,CAM,0.10924912888829448,scCello_finetune
REACTOME_COMPLEMENT_CASCADE,CAM,0.852039066515763,scCello_finetune
REACTOME_COPII_MEDIATED_VESICLE_TRANSPORT,CAM,0.10773493612776823,scCello_finetune
REACTOME_ER_TO_GOLGI_ANTEROGRADE_TRANSPORT,CAM,0.10773493612776823,scCello_finetune
REACTOME_EXTRINSIC_PATHWAY_OF_FIBRIN_CLOT_FORMATION,CAM,0.11176527304627872,scCello_finetune
REACTOME_FORMATION_OF_FIBRIN_CLOT_CLOTTING_CASCADE,CAM,0.11382275085759476,scCello_finetune
REACTOME_GAMMA_CARBOXYLATION_HYPUSINYLATION_HYDROXYLATION_AND_ARYLSULFATASE_ACTIVATION,CAM,0.1091783959399778,scCello_finetune
REACTOME_GAMMA_CARBOXYLATION_OF_PROTEIN_PRECURSORS,CAM,0.10985693664695631,scCello_finetune
REACTOME_GAMMA_CARBOXYLATION_TRANSPORT_AND_AMINO_TERMINAL_CLEAVAGE_OF_PROTEINS,CAM,0.10985693664695631,scCello_finetune
REACTOME_GPCR_LIGAND_BINDING,CAM,0.858580121137267,scCello_finetune
REACTOME_G_ALPHA_I_SIGNALLING_EVENTS,CAM,0.858580121137267,scCello_finetune
REACTOME_HEMOSTASIS,CAM,0.11382275085759476,scCello_finetune
REACTOME_IMMUNE_SYSTEM,CAM,0.852039066515763,scCello_finetune
REACTOME_IMMUNOREGULATORY_INTERACTIONS_BETWEEN_A_LYMPHOID_AND_A_NON_LYMPHOID_CELL,CAM,0.858580121137267,scCello_finetune
REACTOME_INITIAL_TRIGGERING_OF_COMPLEMENT,CAM,0.859351321077843,scCello_finetune
REACTOME_INNATE_IMMUNE_SYSTEM,CAM,0.852039066515763,scCello_finetune
REACTOME_INTRINSIC_PATHWAY_OF_FIBRIN_CLOT_FORMATION,CAM,0.11474772352527111,scCello_finetune
REACTOME_MEMBRANE_TRAFFICKING,CAM,0.10773493612776823,scCello_finetune
REACTOME_METABOLISM_OF_PROTEINS,CAM,0.2600754910565286,scCello_finetune
REACTOME_NEUTROPHIL_DEGRANULATION,CAM,0.858580121137267,scCello_finetune
REACTOME_PEPTIDE_LIGAND_BINDING_RECEPTORS,CAM,0.858580121137267,scCello_finetune
REACTOME_PLATELET_ACTIVATION_SIGNALING_AND_AGGREGATION,CAM,0.10773493612776823,scCello_finetune
REACTOME_POST_TRANSLATIONAL_PROTEIN_MODIFICATION,CAM,0.2600754910565286,scCello_finetune
REACTOME_REGULATION_OF_INSULIN_LIKE_GROWTH_FACTOR_IGF_TRANSPORT_AND_UPTAKE_BY_INSULIN_LIKE_GROWTH_FACTOR_BINDING_PROTEINS_IGFBPS,CAM,0.48512199458000266,scCello_finetune
REACTOME_RESPONSE_TO_ELEVATED_PLATELET_CYTOSOLIC_CA2,CAM,0.10773493612776823,scCello_finetune
REACTOME_SIGNALING_BY_GPCR,CAM,0.858580121137267,scCello_finetune
REACTOME_TERMINAL_PATHWAY_OF_COMPLEMENT,CAM,0.8467246924909086,scCello_finetune
REACTOME_TRANSPORT_OF_GAMMA_CARBOXYLATED_PROTEIN_PRECURSORS_FROM_THE_ENDOPLASMIC_RETICULUM_TO_THE_GOLGI_APPARATUS,CAM,0.10985693664695631,scCello_finetune
REACTOME_TRANSPORT_TO_THE_GOLGI_AND_SUBSEQUENT_MODIFICATION,CAM,0.10773493612776823,scCello_finetune
REACTOME_VESICLE_MEDIATED_TRANSPORT,CAM,0.10773493612776823,scCello_finetune
REACTOME_ACTIVATION_OF_C3_AND_C5,Germinal_Center_Plasma_IgM_B_cell,0.8632366930963553,scCello_finetune
REACTOME_ADAPTIVE_IMMUNE_SYSTEM,Germinal_Center_Plasma_IgM_B_cell,0.8646146871163514,scCello_finetune
REACTOME_ALTERNATIVE_COMPLEMENT_ACTIVATION,Germinal_Center_Plasma_IgM_B_cell,0.8646146871163514,scCello_finetune
REACTOME_ASPARAGINE_N_LINKED_GLYCOSYLATION,Germinal_Center_Plasma_IgM_B_cell,0.1181235072329889,scCello_finetune
REACTOME_CARGO_CONCENTRATION_IN_THE_ER,Germinal_Center_Plasma_IgM_B_cell,0.1181235072329889,scCello_finetune
REACTOME_CLASS_A_1_RHODOPSIN_LIKE_RECEPTORS,Germinal_Center_Plasma_IgM_B_cell,0.8646146871163514,scCello_finetune
REACTOME_COMMON_PATHWAY_OF_FIBRIN_CLOT_FORMATION,Germinal_Center_Plasma_IgM_B_cell,0.1170607139684145,scCello_finetune
REACTOME_COMPLEMENT_CASCADE,Germinal_Center_Plasma_IgM_B_cell,0.8582677610311834,scCello_finetune
REACTOME_COPII_MEDIATED_VESICLE_TRANSPORT,Germinal_Center_Plasma_IgM_B_cell,0.1181235072329889,scCello_finetune
REACTOME_ER_TO_GOLGI_ANTEROGRADE_TRANSPORT,Germinal_Center_Plasma_IgM_B_cell,0.1181235072329889,scCello_finetune
REACTOME_EXTRINSIC_PATHWAY_OF_FIBRIN_CLOT_FORMATION,Germinal_Center_Plasma_IgM_B_cell,0.113698813614821,scCello_finetune
REACTOME_FORMATION_OF_FIBRIN_CLOT_CLOTTING_CASCADE,Germinal_Center_Plasma_IgM_B_cell,0.1154239184939413,scCello_finetune
REACTOME_GAMMA_CARBOXYLATION_HYPUSINYLATION_HYDROXYLATION_AND_ARYLSULFATASE_ACTIVATION,Germinal_Center_Plasma_IgM_B_cell,0.11537208235458417,scCello_finetune
REACTOME_GAMMA_CARBOXYLATION_OF_PROTEIN_PRECURSORS,Germinal_Center_Plasma_IgM_B_cell,0.11368906426611272,scCello_finetune
REACTOME_GAMMA_CARBOXYLATION_TRANSPORT_AND_AMINO_TERMINAL_CLEAVAGE_OF_PROTEINS,Germinal_Center_Plasma_IgM_B_cell,0.11368906426611272,scCello_finetune
REACTOME_GPCR_LIGAND_BINDING,Germinal_Center_Plasma_IgM_B_cell,0.8646146871163514,scCello_finetune
REACTOME_G_ALPHA_I_SIGNALLING_EVENTS,Germinal_Center_Plasma_IgM_B_cell,0.8646146871163514,scCello_finetune
REACTOME_HEMOSTASIS,Germinal_Center_Plasma_IgM_B_cell,0.1154239184939413,scCello_finetune
REACTOME_IMMUNE_SYSTEM,Germinal_Center_Plasma_IgM_B_cell,0.8582677610311834,scCello_finetune
REACTOME_IMMUNOREGULATORY_INTERACTIONS_BETWEEN_A_LYMPHOID_AND_A_NON_LYMPHOID_CELL,Germinal_Center_Plasma_IgM_B_cell,0.8646146871163514,scCello_finetune
REACTOME_INITIAL_TRIGGERING_OF_COMPLEMENT,Germinal_Center_Plasma_IgM_B_cell,0.8632366930963553,scCello_finetune
REACTOME_INNATE_IMMUNE_SYSTEM,Germinal_Center_Plasma_IgM_B_cell,0.8582677610311834,scCello_finetune
REACTOME_INTRINSIC_PATHWAY_OF_FIBRIN_CLOT_FORMATION,Germinal_Center_Plasma_IgM_B_cell,0.11516432188926483,scCello_finetune
REACTOME_MEMBRANE_TRAFFICKING,Germinal_Center_Plasma_IgM_B_cell,0.1181235072329889,scCello_finetune
REACTOME_METABOLISM_OF_PROTEINS,Germinal_Center_Plasma_IgM_B_cell,0.26693998902324007,scCello_finetune
REACTOME_NEUTROPHIL_DEGRANULATION,Germinal_Center_Plasma_IgM_B_cell,0.8646146871163514,scCello_finetune
REACTOME_PEPTIDE_LIGAND_BINDING_RECEPTORS,Germinal_Center_Plasma_IgM_B_cell,0.8646146871163514,scCello_finetune
REACTOME_PLATELET_ACTIVATION_SIGNALING_AND_AGGREGATION,Germinal_Center_Plasma_IgM_B_cell,0.1181235072329889,scCello_finetune
REACTOME_POST_TRANSLATIONAL_PROTEIN_MODIFICATION,Germinal_Center_Plasma_IgM_B_cell,0.26693998902324007,scCello_finetune
REACTOME_REGULATION_OF_INSULIN_LIKE_GROWTH_FACTOR_IGF_TRANSPORT_AND_UPTAKE_BY_INSULIN_LIKE_GROWTH_FACTOR_BINDING_PROTEINS_IGFBPS,Germinal_Center_Plasma_IgM_B_cell,0.49278772214122096,scCello_finetune
REACTOME_RESPONSE_TO_ELEVATED_PLATELET_CYTOSOLIC_CA2,Germinal_Center_Plasma_IgM_B_cell,0.1181235072329889,scCello_finetune
REACTOME_SIGNALING_BY_GPCR,Germinal_Center_Plasma_IgM_B_cell,0.8646146871163514,scCello_finetune
REACTOME_TERMINAL_PATHWAY_OF_COMPLEMENT,Germinal_Center_Plasma_IgM_B_cell,0.8546412472483045,scCello_finetune
REACTOME_TRANSPORT_OF_GAMMA_CARBOXYLATED_PROTEIN_PRECURSORS_FROM_THE_ENDOPLASMIC_RETICULUM_TO_THE_GOLGI_APPARATUS,Germinal_Center_Plasma_IgM_B_cell,0.11368906426611272,scCello_finetune
REACTOME_TRANSPORT_TO_THE_GOLGI_AND_SUBSEQUENT_MODIFICATION,Germinal_Center_Plasma_IgM_B_cell,0.1181235072329889,scCello_finetune
REACTOME_VESICLE_MEDIATED_TRANSPORT,Germinal_Center_Plasma_IgM_B_cell,0.1181235072329889,scCello_finetune
REACTOME_ACTIVATION_OF_C3_AND_C5,Tumor_Keratin_Pearl,0.8488787269825955,scCello_finetune
REACTOME_ADAPTIVE_IMMUNE_SYSTEM,Tumor_Keratin_Pearl,0.8510346776934469,scCello_finetune
REACTOME_ALTERNATIVE_COMPLEMENT_ACTIVATION,Tumor_Keratin_Pearl,0.8510346776934469,scCello_finetune
REACTOME_ASPARAGINE_N_LINKED_GLYCOSYLATION,Tumor_Keratin_Pearl,0.1041091726350523,scCello_finetune
REACTOME_CARGO_CONCENTRATION_IN_THE_ER,Tumor_Keratin_Pearl,0.1041091726350523,scCello_finetune
REACTOME_CLASS_A_1_RHODOPSIN_LIKE_RECEPTORS,Tumor_Keratin_Pearl,0.8510346776934469,scCello_finetune
REACTOME_COMMON_PATHWAY_OF_FIBRIN_CLOT_FORMATION,Tumor_Keratin_Pearl,0.10365231493070846,scCello_finetune
REACTOME_COMPLEMENT_CASCADE,Tumor_Keratin_Pearl,0.8435084775290714,scCello_finetune
REACTOME_COPII_MEDIATED_VESICLE_TRANSPORT,Tumor_Keratin_Pearl,0.1041091726350523,scCello_finetune
REACTOME_ER_TO_GOLGI_ANTEROGRADE_TRANSPORT,Tumor_Keratin_Pearl,0.1041091726350523,scCello_finetune
REACTOME_EXTRINSIC_PATHWAY_OF_FIBRIN_CLOT_FORMATION,Tumor_Keratin_Pearl,0.10977780367092935,scCello_finetune
REACTOME_FORMATION_OF_FIBRIN_CLOT_CLOTTING_CASCADE,Tumor_Keratin_Pearl,0.1108295011621838,scCello_finetune
REACTOME_GAMMA_CARBOXYLATION_HYPUSINYLATION_HYDROXYLATION_AND_ARYLSULFATASE_ACTIVATION,Tumor_Keratin_Pearl,0.10358200777014075,scCello_finetune
REACTOME_GAMMA_CARBOXYLATION_OF_PROTEIN_PRECURSORS,Tumor_Keratin_Pearl,0.1021434536034655,scCello_finetune
REACTOME_GAMMA_CARBOXYLATION_TRANSPORT_AND_AMINO_TERMINAL_CLEAVAGE_OF_PROTEINS,Tumor_Keratin_Pearl,0.1021434536034655,scCello_finetune
REACTOME_GPCR_LIGAND_BINDING,Tumor_Keratin_Pearl,0.8510346776934469,scCello_finetune
REACTOME_G_ALPHA_I_SIGNALLING_EVENTS,Tumor_Keratin_Pearl,0.8510346776934469,scCello_finetune
REACTOME_HEMOSTASIS,Tumor_Keratin_Pearl,0.1108295011621838,scCello_finetune
REACTOME_IMMUNE_SYSTEM,Tumor_Keratin_Pearl,0.8435084775290714,scCello_finetune
REACTOME_IMMUNOREGULATORY_INTERACTIONS_BETWEEN_A_LYMPHOID_AND_A_NON_LYMPHOID_CELL,Tumor_Keratin_Pearl,0.8510346776934469,scCello_finetune
REACTOME_INITIAL_TRIGGERING_OF_COMPLEMENT,Tumor_Keratin_Pearl,0.8488787269825955,scCello_finetune
REACTOME_INNATE_IMMUNE_SYSTEM,Tumor_Keratin_Pearl,0.8435084775290714,scCello_finetune
REACTOME_INTRINSIC_PATHWAY_OF_FIBRIN_CLOT_FORMATION,Tumor_Keratin_Pearl,0.10920561259235938,scCello_finetune
REACTOME_MEMBRANE_TRAFFICKING,Tumor_Keratin_Pearl,0.1041091726350523,scCello_finetune
REACTOME_METABOLISM_OF_PROTEINS,Tumor_Keratin_Pearl,0.25400123240554084,scCello_finetune
REACTOME_NEUTROPHIL_DEGRANULATION,Tumor_Keratin_Pearl,0.8510346776934469,scCello_finetune
REACTOME_PEPTIDE_LIGAND_BINDING_RECEPTORS,Tumor_Keratin_Pearl,0.8510346776934469,scCello_finetune
REACTOME_PLATELET_ACTIVATION_SIGNALING_AND_AGGREGATION,Tumor_Keratin_Pearl,0.1041091726350523,scCello_finetune
REACTOME_POST_TRANSLATIONAL_PROTEIN_MODIFICATION,Tumor_Keratin_Pearl,0.25400123240554084,scCello_finetune
REACTOME_REGULATION_OF_INSULIN_LIKE_GROWTH_FACTOR_IGF_TRANSPORT_AND_UPTAKE_BY_INSULIN_LIKE_GROWTH_FACTOR_BINDING_PROTEINS_IGFBPS,Tumor_Keratin_Pearl,0.4783145102932701,scCello_finetune
REACTOME_RESPONSE_TO_ELEVATED_PLATELET_CYTOSOLIC_CA2,Tumor_Keratin_Pearl,0.1041091726350523,scCello_finetune
REACTOME_SIGNALING_BY_GPCR,Tumor_Keratin_Pearl,0.8510346776934469,scCello_finetune
REACTOME_TERMINAL_PATHWAY_OF_COMPLEMENT,Tumor_Keratin_Pearl,0.8396194707384269,scCello_finetune
REACTOME_TRANSPORT_OF_GAMMA_CARBOXYLATED_PROTEIN_PRECURSORS_FROM_THE_ENDOPLASMIC_RETICULUM_TO_THE_GOLGI_APPARATUS,Tumor_Keratin_Pearl,0.1021434536034655,scCello_finetune
REACTOME_TRANSPORT_TO_THE_GOLGI_AND_SUBSEQUENT_MODIFICATION,Tumor_Keratin_Pearl,0.1041091726350523,scCello_finetune
REACTOME_VESICLE_MEDIATED_TRANSPORT,Tumor_Keratin_Pearl,0.1041091726350523,scCello_finetune
REACTOME_ACTIVATION_OF_C3_AND_C5,Plasma_IgA,0.8650493063630633,scCello_finetune
REACTOME_ADAPTIVE_IMMUNE_SYSTEM,Plasma_IgA,0.8661923423086377,scCello_finetune
REACTOME_ALTERNATIVE_COMPLEMENT_ACTIVATION,Plasma_IgA,0.8661923423086377,scCello_finetune
REACTOME_ASPARAGINE_N_LINKED_GLYCOSYLATION,Plasma_IgA,0.12059869197048072,scCello_finetune
REACTOME_CARGO_CONCENTRATION_IN_THE_ER,Plasma_IgA,0.12059869197048072,scCello_finetune
REACTOME_CLASS_A_1_RHODOPSIN_LIKE_RECEPTORS,Plasma_IgA,0.8661923423086377,scCello_finetune
REACTOME_COMMON_PATHWAY_OF_FIBRIN_CLOT_FORMATION,Plasma_IgA,0.11885843844721505,scCello_finetune
REACTOME_COMPLEMENT_CASCADE,Plasma_IgA,0.8608612647721529,scCello_finetune
REACTOME_COPII_MEDIATED_VESICLE_TRANSPORT,Plasma_IgA,0.12059869197048072,scCello_finetune
REACTOME_ER_TO_GOLGI_ANTEROGRADE_TRANSPORT,Plasma_IgA,0.12059869197048072,scCello_finetune
REACTOME_EXTRINSIC_PATHWAY_OF_FIBRIN_CLOT_FORMATION,Plasma_IgA,0.11505621056988598,scCello_finetune
REACTOME_FORMATION_OF_FIBRIN_CLOT_CLOTTING_CASCADE,Plasma_IgA,0.1171595545974067,scCello_finetune
REACTOME_GAMMA_CARBOXYLATION_HYPUSINYLATION_HYDROXYLATION_AND_ARYLSULFATASE_ACTIVATION,Plasma_IgA,0.11617003247736064,scCello_finetune
REACTOME_GAMMA_CARBOXYLATION_OF_PROTEIN_PRECURSORS,Plasma_IgA,0.11452864838173814,scCello_finetune
REACTOME_GAMMA_CARBOXYLATION_TRANSPORT_AND_AMINO_TERMINAL_CLEAVAGE_OF_PROTEINS,Plasma_IgA,0.11452864838173814,scCello_finetune
REACTOME_GPCR_LIGAND_BINDING,Plasma_IgA,0.8661923423086377,scCello_finetune
REACTOME_G_ALPHA_I_SIGNALLING_EVENTS,Plasma_IgA,0.8661923423086377,scCello_finetune
REACTOME_HEMOSTASIS,Plasma_IgA,0.1171595545974067,scCello_finetune
REACTOME_IMMUNE_SYSTEM,Plasma_IgA,0.8608612647721529,scCello_finetune
REACTOME_IMMUNOREGULATORY_INTERACTIONS_BETWEEN_A_LYMPHOID_AND_A_NON_LYMPHOID_CELL,Plasma_IgA,0.8661923423086377,scCello_finetune
REACTOME_INITIAL_TRIGGERING_OF_COMPLEMENT,Plasma_IgA,0.8650493063630633,scCello_finetune
REACTOME_INNATE_IMMUNE_SYSTEM,Plasma_IgA,0.8608612647721529,scCello_finetune
REACTOME_INTRINSIC_PATHWAY_OF_FIBRIN_CLOT_FORMATION,Plasma_IgA,0.1160667444806,scCello_finetune
REACTOME_MEMBRANE_TRAFFICKING,Plasma_IgA,0.12059869197048072,scCello_finetune
REACTOME_METABOLISM_OF_PROTEINS,Plasma_IgA,0.26859077388736863,scCello_finetune
REACTOME_NEUTROPHIL_DEGRANULATION,Plasma_IgA,0.8661923423086377,scCello_finetune
REACTOME_PEPTIDE_LIGAND_BINDING_RECEPTORS,Plasma_IgA,0.8661923423086377,scCello_finetune
REACTOME_PLATELET_ACTIVATION_SIGNALING_AND_AGGREGATION,Plasma_IgA,0.12059869197048072,scCello_finetune
REACTOME_POST_TRANSLATIONAL_PROTEIN_MODIFICATION,Plasma_IgA,0.26859077388736863,scCello_finetune
REACTOME_REGULATION_OF_INSULIN_LIKE_GROWTH_FACTOR_IGF_TRANSPORT_AND_UPTAKE_BY_INSULIN_LIKE_GROWTH_FACTOR_BINDING_PROTEINS_IGFBPS,Plasma_IgA,0.4955885049087278,scCello_finetune
REACTOME_RESPONSE_TO_ELEVATED_PLATELET_CYTOSOLIC_CA2,Plasma_IgA,0.12059869197048072,scCello_finetune
REACTOME_SIGNALING_BY_GPCR,Plasma_IgA,0.8661923423086377,scCello_finetune
REACTOME_TERMINAL_PATHWAY_OF_COMPLEMENT,Plasma_IgA,0.8577179044786463,scCello_finetune
REACTOME_TRANSPORT_OF_GAMMA_CARBOXYLATED_PROTEIN_PRECURSORS_FROM_THE_ENDOPLASMIC_RETICULUM_TO_THE_GOLGI_APPARATUS,Plasma_IgA,0.11452864838173814,scCello_finetune
REACTOME_TRANSPORT_TO_THE_GOLGI_AND_SUBSEQUENT_MODIFICATION,Plasma_IgA,0.12059869197048072,scCello_finetune
REACTOME_VESICLE_MEDIATED_TRANSPORT,Plasma_IgA,0.12059869197048072,scCello_finetune
REACTOME_ACTIVATION_OF_C3_AND_C5,Fibroblasts,0.863707103676826,scCello_finetune
REACTOME_ADAPTIVE_IMMUNE_SYSTEM,Fibroblasts,0.862156266507696,scCello_finetune
REACTOME_ALTERNATIVE_COMPLEMENT_ACTIVATION,Fibroblasts,0.862156266507696,scCello_finetune
REACTOME_ASPARAGINE_N_LINKED_GLYCOSYLATION,Fibroblasts,0.117474353577865,scCello_finetune
REACTOME_CARGO_CONCENTRATION_IN_THE_ER,Fibroblasts,0.117474353577865,scCello_finetune
REACTOME_CLASS_A_1_RHODOPSIN_LIKE_RECEPTORS,Fibroblasts,0.862156266507696,scCello_finetune
REACTOME_COMMON_PATHWAY_OF_FIBRIN_CLOT_FORMATION,Fibroblasts,0.117726033680179,scCello_finetune
REACTOME_COMPLEMENT_CASCADE,Fibroblasts,0.860294335572837,scCello_finetune
REACTOME_COPII_MEDIATED_VESICLE_TRANSPORT,Fibroblasts,0.117474353577865,scCello_finetune
REACTOME_ER_TO_GOLGI_ANTEROGRADE_TRANSPORT,Fibroblasts,0.117474353577865,scCello_finetune
REACTOME_EXTRINSIC_PATHWAY_OF_FIBRIN_CLOT_FORMATION,Fibroblasts,0.11770245074074,scCello_finetune
REACTOME_FORMATION_OF_FIBRIN_CLOT_CLOTTING_CASCADE,Fibroblasts,0.117691067981119,scCello_finetune
REACTOME_GAMMA_CARBOXYLATION_HYPUSINYLATION_HYDROXYLATION_AND_ARYLSULFATASE_ACTIVATION,Fibroblasts,0.117655284861861,scCello_finetune
REACTOME_GAMMA_CARBOXYLATION_OF_PROTEIN_PRECURSORS,Fibroblasts,0.117757339072784,scCello_finetune
REACTOME_GAMMA_CARBOXYLATION_TRANSPORT_AND_AMINO_TERMINAL_CLEAVAGE_OF_PROTEINS,Fibroblasts,0.117757339072784,scCello_finetune
REACTOME_GPCR_LIGAND_BINDING,Fibroblasts,0.862156266507696,scCello_finetune
REACTOME_G_ALPHA_I_SIGNALLING_EVENTS,Fibroblasts,0.862156266507696,scCello_finetune
REACTOME_HEMOSTASIS,Fibroblasts,0.117691067981119,scCello_finetune
REACTOME_IMMUNE_SYSTEM,Fibroblasts,0.860294335572837,scCello_finetune
REACTOME_IMMUNOREGULATORY_INTERACTIONS_BETWEEN_A_LYMPHOID_AND_A_NON_LYMPHOID_CELL,Fibroblasts,0.862156266507696,scCello_finetune
REACTOME_INITIAL_TRIGGERING_OF_COMPLEMENT,Fibroblasts,0.863707103676826,scCello_finetune
REACTOME_INNATE_IMMUNE_SYSTEM,Fibroblasts,0.860294335572837,scCello_finetune
REACTOME_INTRINSIC_PATHWAY_OF_FIBRIN_CLOT_FORMATION,Fibroblasts,0.117747789571336,scCello_finetune
REACTOME_MEMBRANE_TRAFFICKING,Fibroblasts,0.117474353577865,scCello_finetune
REACTOME_METABOLISM_OF_PROTEINS,Fibroblasts,0.266557519519459,scCello_finetune
REACTOME_NEUTROPHIL_DEGRANULATION,Fibroblasts,0.862156266507696,scCello_finetune
REACTOME_PEPTIDE_LIGAND_BINDING_RECEPTORS,Fibroblasts,0.862156266507696,scCello_finetune
REACTOME_PLATELET_ACTIVATION_SIGNALING_AND_AGGREGATION,Fibroblasts,0.117474353577865,scCello_finetune
REACTOME_POST_TRANSLATIONAL_PROTEIN_MODIFICATION,Fibroblasts,0.266557519519459,scCello_finetune
REACTOME_REGULATION_OF_INSULIN_LIKE_GROWTH_FACTOR_IGF_TRANSPORT_AND_UPTAKE_BY_INSULIN_LIKE_GROWTH_FACTOR_BINDING_PROTEINS_IGFBPS,Fibroblasts,0.489847891703186,scCello_finetune
REACTOME_RESPONSE_TO_ELEVATED_PLATELET_CYTOSOLIC_CA2,Fibroblasts,0.117474353577865,scCello_finetune
REACTOME_SIGNALING_BY_GPCR,Fibroblasts,0.862156266507696,scCello_finetune
REACTOME_TERMINAL_PATHWAY_OF_COMPLEMENT,Fibroblasts,0.857900170916975,scCello_finetune
REACTOME_TRANSPORT_OF_GAMMA_CARBOXYLATED_PROTEIN_PRECURSORS_FROM_THE_ENDOPLASMIC_RETICULUM_TO_THE_GOLGI_APPARATUS,Fibroblasts,0.117757339072784,scCello_finetune
REACTOME_TRANSPORT_TO_THE_GOLGI_AND_SUBSEQUENT_MODIFICATION,Fibroblasts,0.117474353577865,scCello_finetune
REACTOME_VESICLE_MEDIATED_TRANSPORT,Fibroblasts,0.117474353577865,scCello_finetune
REACTOME_ACTIVATION_OF_C3_AND_C5,T_cell,0.8660279370161967,scCello_finetune
REACTOME_ADAPTIVE_IMMUNE_SYSTEM,T_cell,0.8669442575940131,scCello_finetune
REACTOME_ALTERNATIVE_COMPLEMENT_ACTIVATION,T_cell,0.8669442575940131,scCello_finetune
REACTOME_ASPARAGINE_N_LINKED_GLYCOSYLATION,T_cell,0.12073553803740539,scCello_finetune
REACTOME_CARGO_CONCENTRATION_IN_THE_ER,T_cell,0.12073553803740539,scCello_finetune
REACTOME_CLASS_A_1_RHODOPSIN_LIKE_RECEPTORS,T_cell,0.8669442575940131,scCello_finetune
REACTOME_COMMON_PATHWAY_OF_FIBRIN_CLOT_FORMATION,T_cell,0.11983019250447167,scCello_finetune
REACTOME_COMPLEMENT_CASCADE,T_cell,0.861626287349536,scCello_finetune
REACTOME_COPII_MEDIATED_VESICLE_TRANSPORT,T_cell,0.12073553803740539,scCello_finetune
REACTOME_ER_TO_GOLGI_ANTEROGRADE_TRANSPORT,T_cell,0.12073553803740539,scCello_finetune
REACTOME_EXTRINSIC_PATHWAY_OF_FIBRIN_CLOT_FORMATION,T_cell,0.11575060114743016,scCello_finetune
REACTOME_FORMATION_OF_FIBRIN_CLOT_CLOTTING_CASCADE,T_cell,0.11832369755702497,scCello_finetune
REACTOME_GAMMA_CARBOXYLATION_HYPUSINYLATION_HYDROXYLATION_AND_ARYLSULFATASE_ACTIVATION,T_cell,0.1170644162657756,scCello_finetune
REACTOME_GAMMA_CARBOXYLATION_OF_PROTEIN_PRECURSORS,T_cell,0.11611568410220693,scCello_finetune
REACTOME_GAMMA_CARBOXYLATION_TRANSPORT_AND_AMINO_TERMINAL_CLEAVAGE_OF_PROTEINS,T_cell,0.11611568410220693,scCello_finetune
REACTOME_GPCR_LIGAND_BINDING,T_cell,0.8669442575940131,scCello_finetune
REACTOME_G_ALPHA_I_SIGNALLING_EVENTS,T_cell,0.8669442575940131,scCello_finetune
REACTOME_HEMOSTASIS,T_cell,0.11832369755702497,scCello_finetune
REACTOME_IMMUNE_SYSTEM,T_cell,0.861626287349536,scCello_finetune
REACTOME_IMMUNOREGULATORY_INTERACTIONS_BETWEEN_A_LYMPHOID_AND_A_NON_LYMPHOID_CELL,T_cell,0.8669442575940131,scCello_finetune
REACTOME_INITIAL_TRIGGERING_OF_COMPLEMENT,T_cell,0.8660279370161967,scCello_finetune
REACTOME_INNATE_IMMUNE_SYSTEM,T_cell,0.861626287349536,scCello_finetune
REACTOME_INTRINSIC_PATHWAY_OF_FIBRIN_CLOT_FORMATION,T_cell,0.11787665450939408,scCello_finetune
REACTOME_MEMBRANE_TRAFFICKING,T_cell,0.12073553803740539,scCello_finetune
REACTOME_METABOLISM_OF_PROTEINS,T_cell,0.2694616729129212,scCello_finetune
REACTOME_NEUTROPHIL_DEGRANULATION,T_cell,0.8669442575940131,scCello_finetune
REACTOME_PEPTIDE_LIGAND_BINDING_RECEPTORS,T_cell,0.8669442575940131,scCello_finetune
REACTOME_PLATELET_ACTIVATION_SIGNALING_AND_AGGREGATION,T_cell,0.12073553803740539,scCello_finetune
REACTOME_POST_TRANSLATIONAL_PROTEIN_MODIFICATION,T_cell,0.2694616729129212,scCello_finetune
REACTOME_REGULATION_OF_INSULIN_LIKE_GROWTH_FACTOR_IGF_TRANSPORT_AND_UPTAKE_BY_INSULIN_LIKE_GROWTH_FACTOR_BINDING_PROTEINS_IGFBPS,T_cell,0.4964002414167827,scCello_finetune
REACTOME_RESPONSE_TO_ELEVATED_PLATELET_CYTOSOLIC_CA2,T_cell,0.12073553803740539,scCello_finetune
REACTOME_SIGNALING_BY_GPCR,T_cell,0.8669442575940131,scCello_finetune
REACTOME_TERMINAL_PATHWAY_OF_COMPLEMENT,T_cell,0.8583296435133296,scCello_finetune
REACTOME_TRANSPORT_OF_GAMMA_CARBOXYLATED_PROTEIN_PRECURSORS_FROM_THE_ENDOPLASMIC_RETICULUM_TO_THE_GOLGI_APPARATUS,T_cell,0.11611568410220693,scCello_finetune
REACTOME_TRANSPORT_TO_THE_GOLGI_AND_SUBSEQUENT_MODIFICATION,T_cell,0.12073553803740539,scCello_finetune
REACTOME_VESICLE_MEDIATED_TRANSPORT,T_cell,0.12073553803740539,scCello_finetune
REACTOME_ACTIVATION_OF_C3_AND_C5,M1_macrophages,0.8698264114051575,TACCO
REACTOME_ADAPTIVE_IMMUNE_SYSTEM,M1_macrophages,0.8754332216944593,TACCO
REACTOME_ALTERNATIVE_COMPLEMENT_ACTIVATION,M1_macrophages,0.8754332216944593,TACCO
REACTOME_ASPARAGINE_N_LINKED_GLYCOSYLATION,M1_macrophages,0.11792246592669185,TACCO
REACTOME_CARGO_CONCENTRATION_IN_THE_ER,M1_macrophages,0.11792246592669185,TACCO
REACTOME_CLASS_A_1_RHODOPSIN_LIKE_RECEPTORS,M1_macrophages,0.8754332216944593,TACCO
REACTOME_COMMON_PATHWAY_OF_FIBRIN_CLOT_FORMATION,M1_macrophages,0.11669719048050141,TACCO
REACTOME_COMPLEMENT_CASCADE,M1_macrophages,0.8622539752612152,TACCO
REACTOME_COPII_MEDIATED_VESICLE_TRANSPORT,M1_macrophages,0.11792246592669185,TACCO
REACTOME_ER_TO_GOLGI_ANTEROGRADE_TRANSPORT,M1_macrophages,0.11792246592669185,TACCO
REACTOME_EXTRINSIC_PATHWAY_OF_FIBRIN_CLOT_FORMATION,M1_macrophages,0.11483398348517276,TACCO
REACTOME_FORMATION_OF_FIBRIN_CLOT_CLOTTING_CASCADE,M1_macrophages,0.11620380153689734,TACCO
REACTOME_GAMMA_CARBOXYLATION_HYPUSINYLATION_HYDROXYLATION_AND_ARYLSULFATASE_ACTIVATION,M1_macrophages,0.11510339835973897,TACCO
REACTOME_GAMMA_CARBOXYLATION_OF_PROTEIN_PRECURSORS,M1_macrophages,0.1131085723196041,TACCO
REACTOME_GAMMA_CARBOXYLATION_TRANSPORT_AND_AMINO_TERMINAL_CLEAVAGE_OF_PROTEINS,M1_macrophages,0.1131085723196041,TACCO
REACTOME_GPCR_LIGAND_BINDING,M1_macrophages,0.8754332216944593,TACCO
REACTOME_G_ALPHA_I_SIGNALLING_EVENTS,M1_macrophages,0.8754332216944593,TACCO
REACTOME_HEMOSTASIS,M1_macrophages,0.11620380153689734,TACCO
REACTOME_IMMUNE_SYSTEM,M1_macrophages,0.8622539752612152,TACCO
REACTOME_IMMUNOREGULATORY_INTERACTIONS_BETWEEN_A_LYMPHOID_AND_A_NON_LYMPHOID_CELL,M1_macrophages,0.8754332216944593,TACCO
REACTOME_INITIAL_TRIGGERING_OF_COMPLEMENT,M1_macrophages,0.8698264114051575,TACCO
REACTOME_INNATE_IMMUNE_SYSTEM,M1_macrophages,0.8622539752612152,TACCO
REACTOME_INTRINSIC_PATHWAY_OF_FIBRIN_CLOT_FORMATION,M1_macrophages,0.11533335973769263,TACCO
REACTOME_MEMBRANE_TRAFFICKING,M1_macrophages,0.11792246592669185,TACCO
REACTOME_METABOLISM_OF_PROTEINS,M1_macrophages,0.27066760731944217,TACCO
REACTOME_NEUTROPHIL_DEGRANULATION,M1_macrophages,0.8754332216944593,TACCO
REACTOME_PEPTIDE_LIGAND_BINDING_RECEPTORS,M1_macrophages,0.8754332216944593,TACCO
REACTOME_PLATELET_ACTIVATION_SIGNALING_AND_AGGREGATION,M1_macrophages,0.11792246592669185,TACCO
REACTOME_POST_TRANSLATIONAL_PROTEIN_MODIFICATION,M1_macrophages,0.27066760731944217,TACCO
REACTOME_REGULATION_OF_INSULIN_LIKE_GROWTH_FACTOR_IGF_TRANSPORT_AND_UPTAKE_BY_INSULIN_LIKE_GROWTH_FACTOR_BINDING_PROTEINS_IGFBPS,M1_macrophages,0.5006268081937273,TACCO
REACTOME_RESPONSE_TO_ELEVATED_PLATELET_CYTOSOLIC_CA2,M1_macrophages,0.11792246592669185,TACCO
REACTOME_SIGNALING_BY_GPCR,M1_macrophages,0.8754332216944593,TACCO
REACTOME_TERMINAL_PATHWAY_OF_COMPLEMENT,M1_macrophages,0.8565699795553814,TACCO
REACTOME_TRANSPORT_OF_GAMMA_CARBOXYLATED_PROTEIN_PRECURSORS_FROM_THE_ENDOPLASMIC_RETICULUM_TO_THE_GOLGI_APPARATUS,M1_macrophages,0.1131085723196041,TACCO
REACTOME_TRANSPORT_TO_THE_GOLGI_AND_SUBSEQUENT_MODIFICATION,M1_macrophages,0.11792246592669185,TACCO
REACTOME_VESICLE_MEDIATED_TRANSPORT,M1_macrophages,0.11792246592669185,TACCO
REACTOME_ACTIVATION_OF_C3_AND_C5,CAF,0.8583480377576392,TACCO
REACTOME_ADAPTIVE_IMMUNE_SYSTEM,CAF,0.8605341690393719,TACCO
REACTOME_ALTERNATIVE_COMPLEMENT_ACTIVATION,CAF,0.8605341690393719,TACCO
REACTOME_ASPARAGINE_N_LINKED_GLYCOSYLATION,CAF,0.11269466342234127,TACCO
REACTOME_CARGO_CONCENTRATION_IN_THE_ER,CAF,0.11269466342234127,TACCO
REACTOME_CLASS_A_1_RHODOPSIN_LIKE_RECEPTORS,CAF,0.8605341690393719,TACCO
REACTOME_COMMON_PATHWAY_OF_FIBRIN_CLOT_FORMATION,CAF,0.1107473539065964,TACCO
REACTOME_COMPLEMENT_CASCADE,CAF,0.8505529352941134,TACCO
REACTOME_COPII_MEDIATED_VESICLE_TRANSPORT,CAF,0.11269466342234127,TACCO
REACTOME_ER_TO_GOLGI_ANTEROGRADE_TRANSPORT,CAF,0.11269466342234127,TACCO
REACTOME_EXTRINSIC_PATHWAY_OF_FIBRIN_CLOT_FORMATION,CAF,0.11232485364279791,TACCO
REACTOME_FORMATION_OF_FIBRIN_CLOT_CLOTTING_CASCADE,CAF,0.1136579988855262,TACCO
REACTOME_GAMMA_CARBOXYLATION_HYPUSINYLATION_HYDROXYLATION_AND_ARYLSULFATASE_ACTIVATION,CAF,0.107985786117917,TACCO
REACTOME_GAMMA_CARBOXYLATION_OF_PROTEIN_PRECURSORS,CAF,0.10550297144526005,TACCO
REACTOME_GAMMA_CARBOXYLATION_TRANSPORT_AND_AMINO_TERMINAL_CLEAVAGE_OF_PROTEINS,CAF,0.10550297144526005,TACCO
REACTOME_GPCR_LIGAND_BINDING,CAF,0.8605341690393719,TACCO
REACTOME_G_ALPHA_I_SIGNALLING_EVENTS,CAF,0.8605341690393719,TACCO
REACTOME_HEMOSTASIS,CAF,0.1136579988855262,TACCO
REACTOME_IMMUNE_SYSTEM,CAF,0.8505529352941134,TACCO
REACTOME_IMMUNOREGULATORY_INTERACTIONS_BETWEEN_A_LYMPHOID_AND_A_NON_LYMPHOID_CELL,CAF,0.8605341690393719,TACCO
REACTOME_INITIAL_TRIGGERING_OF_COMPLEMENT,CAF,0.8583480377576392,TACCO
REACTOME_INNATE_IMMUNE_SYSTEM,CAF,0.8505529352941134,TACCO
REACTOME_INTRINSIC_PATHWAY_OF_FIBRIN_CLOT_FORMATION,CAF,0.11044441832479354,TACCO
REACTOME_MEMBRANE_TRAFFICKING,CAF,0.11269466342234127,TACCO
REACTOME_METABOLISM_OF_PROTEINS,CAF,0.26166642742348856,TACCO
REACTOME_NEUTROPHIL_DEGRANULATION,CAF,0.8605341690393719,TACCO
REACTOME_PEPTIDE_LIGAND_BINDING_RECEPTORS,CAF,0.8605341690393719,TACCO
REACTOME_PLATELET_ACTIVATION_SIGNALING_AND_AGGREGATION,CAF,0.11269466342234127,TACCO
REACTOME_POST_TRANSLATIONAL_PROTEIN_MODIFICATION,CAF,0.26166642742348856,TACCO
REACTOME_REGULATION_OF_INSULIN_LIKE_GROWTH_FACTOR_IGF_TRANSPORT_AND_UPTAKE_BY_INSULIN_LIKE_GROWTH_FACTOR_BINDING_PROTEINS_IGFBPS,CAF,0.489518315750847,TACCO
REACTOME_RESPONSE_TO_ELEVATED_PLATELET_CYTOSOLIC_CA2,CAF,0.11269466342234127,TACCO
REACTOME_SIGNALING_BY_GPCR,CAF,0.8605341690393719,TACCO
REACTOME_TERMINAL_PATHWAY_OF_COMPLEMENT,CAF,0.8448351610181937,TACCO
REACTOME_TRANSPORT_OF_GAMMA_CARBOXYLATED_PROTEIN_PRECURSORS_FROM_THE_ENDOPLASMIC_RETICULUM_TO_THE_GOLGI_APPARATUS,CAF,0.10550297144526005,TACCO
REACTOME_TRANSPORT_TO_THE_GOLGI_AND_SUBSEQUENT_MODIFICATION,CAF,0.11269466342234127,TACCO
REACTOME_VESICLE_MEDIATED_TRANSPORT,CAF,0.11269466342234127,TACCO
REACTOME_ACTIVATION_OF_C3_AND_C5,Plasma_IgG,0.8688098489233224,TACCO
REACTOME_ADAPTIVE_IMMUNE_SYSTEM,Plasma_IgG,0.8718283279611765,TACCO
REACTOME_ALTERNATIVE_COMPLEMENT_ACTIVATION,Plasma_IgG,0.8718283279611765,TACCO
REACTOME_ASPARAGINE_N_LINKED_GLYCOSYLATION,Plasma_IgG,0.11966880927124338,TACCO
REACTOME_CARGO_CONCENTRATION_IN_THE_ER,Plasma_IgG,0.11966880927124338,TACCO
REACTOME_CLASS_A_1_RHODOPSIN_LIKE_RECEPTORS,Plasma_IgG,0.8718283279611765,TACCO
REACTOME_COMMON_PATHWAY_OF_FIBRIN_CLOT_FORMATION,Plasma_IgG,0.11865913060257624,TACCO
REACTOME_COMPLEMENT_CASCADE,Plasma_IgG,0.8621863711166781,TACCO
REACTOME_COPII_MEDIATED_VESICLE_TRANSPORT,Plasma_IgG,0.11966880927124338,TACCO
REACTOME_ER_TO_GOLGI_ANTEROGRADE_TRANSPORT,Plasma_IgG,0.11966880927124338,TACCO
REACTOME_EXTRINSIC_PATHWAY_OF_FIBRIN_CLOT_FORMATION,Plasma_IgG,0.11682132279131423,TACCO
REACTOME_FORMATION_OF_FIBRIN_CLOT_CLOTTING_CASCADE,Plasma_IgG,0.11839595640210397,TACCO
REACTOME_GAMMA_CARBOXYLATION_HYPUSINYLATION_HYDROXYLATION_AND_ARYLSULFATASE_ACTIVATION,Plasma_IgG,0.11702679678575455,TACCO
REACTOME_GAMMA_CARBOXYLATION_OF_PROTEIN_PRECURSORS,Plasma_IgG,0.114820142434703,TACCO
REACTOME_GAMMA_CARBOXYLATION_TRANSPORT_AND_AMINO_TERMINAL_CLEAVAGE_OF_PROTEINS,Plasma_IgG,0.114820142434703,TACCO
REACTOME_GPCR_LIGAND_BINDING,Plasma_IgG,0.8718283279611765,TACCO
REACTOME_G_ALPHA_I_SIGNALLING_EVENTS,Plasma_IgG,0.8718283279611765,TACCO
REACTOME_HEMOSTASIS,Plasma_IgG,0.11839595640210397,TACCO
REACTOME_IMMUNE_SYSTEM,Plasma_IgG,0.8621863711166781,TACCO
REACTOME_IMMUNOREGULATORY_INTERACTIONS_BETWEEN_A_LYMPHOID_AND_A_NON_LYMPHOID_CELL,Plasma_IgG,0.8718283279611765,TACCO
REACTOME_INITIAL_TRIGGERING_OF_COMPLEMENT,Plasma_IgG,0.8688098489233224,TACCO
REACTOME_INNATE_IMMUNE_SYSTEM,Plasma_IgG,0.8621863711166781,TACCO
REACTOME_INTRINSIC_PATHWAY_OF_FIBRIN_CLOT_FORMATION,Plasma_IgG,0.11765261616658612,TACCO
REACTOME_MEMBRANE_TRAFFICKING,Plasma_IgG,0.11966880927124338,TACCO
REACTOME_METABOLISM_OF_PROTEINS,Plasma_IgG,0.2705691067324747,TACCO
REACTOME_NEUTROPHIL_DEGRANULATION,Plasma_IgG,0.8718283279611765,TACCO
REACTOME_PEPTIDE_LIGAND_BINDING_RECEPTORS,Plasma_IgG,0.8718283279611765,TACCO
REACTOME_PLATELET_ACTIVATION_SIGNALING_AND_AGGREGATION,Plasma_IgG,0.11966880927124338,TACCO
REACTOME_POST_TRANSLATIONAL_PROTEIN_MODIFICATION,Plasma_IgG,0.2705691067324747,TACCO
REACTOME_REGULATION_OF_INSULIN_LIKE_GROWTH_FACTOR_IGF_TRANSPORT_AND_UPTAKE_BY_INSULIN_LIKE_GROWTH_FACTOR_BINDING_PROTEINS_IGFBPS,Plasma_IgG,0.49829685361808473,TACCO
REACTOME_RESPONSE_TO_ELEVATED_PLATELET_CYTOSOLIC_CA2,Plasma_IgG,0.11966880927124338,TACCO
REACTOME_SIGNALING_BY_GPCR,Plasma_IgG,0.8718283279611765,TACCO
REACTOME_TERMINAL_PATHWAY_OF_COMPLEMENT,Plasma_IgG,0.85723941301242,TACCO
REACTOME_TRANSPORT_OF_GAMMA_CARBOXYLATED_PROTEIN_PRECURSORS_FROM_THE_ENDOPLASMIC_RETICULUM_TO_THE_GOLGI_APPARATUS,Plasma_IgG,0.114820142434703,TACCO
REACTOME_TRANSPORT_TO_THE_GOLGI_AND_SUBSEQUENT_MODIFICATION,Plasma_IgG,0.11966880927124338,TACCO
REACTOME_VESICLE_MEDIATED_TRANSPORT,Plasma_IgG,0.11966880927124338,TACCO
REACTOME_ACTIVATION_OF_C3_AND_C5,Tumor,0.8502475744184842,TACCO
REACTOME_ADAPTIVE_IMMUNE_SYSTEM,Tumor,0.848780403764877,TACCO
REACTOME_ALTERNATIVE_COMPLEMENT_ACTIVATION,Tumor,0.848780403764877,TACCO
REACTOME_ASPARAGINE_N_LINKED_GLYCOSYLATION,Tumor,0.10991345023245735,TACCO
REACTOME_CARGO_CONCENTRATION_IN_THE_ER,Tumor,0.10991345023245735,TACCO
REACTOME_CLASS_A_1_RHODOPSIN_LIKE_RECEPTORS,Tumor,0.848780403764877,TACCO
REACTOME_COMMON_PATHWAY_OF_FIBRIN_CLOT_FORMATION,Tumor,0.10867539299372511,TACCO
REACTOME_COMPLEMENT_CASCADE,Tumor,0.8459863977611823,TACCO
REACTOME_COPII_MEDIATED_VESICLE_TRANSPORT,Tumor,0.10991345023245735,TACCO
REACTOME_ER_TO_GOLGI_ANTEROGRADE_TRANSPORT,Tumor,0.10991345023245735,TACCO
REACTOME_EXTRINSIC_PATHWAY_OF_FIBRIN_CLOT_FORMATION,Tumor,0.11173508303268175,TACCO
REACTOME_FORMATION_OF_FIBRIN_CLOT_CLOTTING_CASCADE,Tumor,0.11419351693861252,TACCO
REACTOME_GAMMA_CARBOXYLATION_HYPUSINYLATION_HYDROXYLATION_AND_ARYLSULFATASE_ACTIVATION,Tumor,0.10799970912338369,TACCO
REACTOME_GAMMA_CARBOXYLATION_OF_PROTEIN_PRECURSORS,Tumor,0.10520500681784083,TACCO
REACTOME_GAMMA_CARBOXYLATION_TRANSPORT_AND_AMINO_TERMINAL_CLEAVAGE_OF_PROTEINS,Tumor,0.10520500681784083,TACCO
REACTOME_GPCR_LIGAND_BINDING,Tumor,0.848780403764877,TACCO
REACTOME_G_ALPHA_I_SIGNALLING_EVENTS,Tumor,0.848780403764877,TACCO
REACTOME_HEMOSTASIS,Tumor,0.11419351693861252,TACCO
REACTOME_IMMUNE_SYSTEM,Tumor,0.8459863977611823,TACCO
REACTOME_IMMUNOREGULATORY_INTERACTIONS_BETWEEN_A_LYMPHOID_AND_A_NON_LYMPHOID_CELL,Tumor,0.848780403764877,TACCO
REACTOME_INITIAL_TRIGGERING_OF_COMPLEMENT,Tumor,0.8502475744184842,TACCO
REACTOME_INNATE_IMMUNE_SYSTEM,Tumor,0.8459863977611823,TACCO
REACTOME_INTRINSIC_PATHWAY_OF_FIBRIN_CLOT_FORMATION,Tumor,0.11315262889080838,TACCO
REACTOME_MEMBRANE_TRAFFICKING,Tumor,0.10991345023245735,TACCO
REACTOME_METABOLISM_OF_PROTEINS,Tumor,0.2562046674317064,TACCO
REACTOME_NEUTROPHIL_DEGRANULATION,Tumor,0.848780403764877,TACCO
REACTOME_PEPTIDE_LIGAND_BINDING_RECEPTORS,Tumor,0.848780403764877,TACCO
REACTOME_PLATELET_ACTIVATION_SIGNALING_AND_AGGREGATION,Tumor,0.10991345023245735,TACCO
REACTOME_POST_TRANSLATIONAL_PROTEIN_MODIFICATION,Tumor,0.2562046674317064,TACCO
REACTOME_REGULATION_OF_INSULIN_LIKE_GROWTH_FACTOR_IGF_TRANSPORT_AND_UPTAKE_BY_INSULIN_LIKE_GROWTH_FACTOR_BINDING_PROTEINS_IGFBPS,Tumor,0.47806903056916217,TACCO
REACTOME_RESPONSE_TO_ELEVATED_PLATELET_CYTOSOLIC_CA2,Tumor,0.10991345023245735,TACCO
REACTOME_SIGNALING_BY_GPCR,Tumor,0.848780403764877,TACCO
REACTOME_TERMINAL_PATHWAY_OF_COMPLEMENT,Tumor,0.8429458662582934,TACCO
REACTOME_TRANSPORT_OF_GAMMA_CARBOXYLATED_PROTEIN_PRECURSORS_FROM_THE_ENDOPLASMIC_RETICULUM_TO_THE_GOLGI_APPARATUS,Tumor,0.10520500681784083,TACCO
REACTOME_TRANSPORT_TO_THE_GOLGI_AND_SUBSEQUENT_MODIFICATION,Tumor,0.10991345023245735,TACCO
REACTOME_VESICLE_MEDIATED_TRANSPORT,Tumor,0.10991345023245735,TACCO
REACTOME_ACTIVATION_OF_C3_AND_C5,unknown,0.8649667058448118,TACCO
REACTOME_ADAPTIVE_IMMUNE_SYSTEM,unknown,0.8651761370581458,TACCO
REACTOME_ALTERNATIVE_COMPLEMENT_ACTIVATION,unknown,0.8651761370581458,TACCO
REACTOME_ASPARAGINE_N_LINKED_GLYCOSYLATION,unknown,0.1210119654354201,TACCO
REACTOME_CARGO_CONCENTRATION_IN_THE_ER,unknown,0.1210119654354201,TACCO
REACTOME_CLASS_A_1_RHODOPSIN_LIKE_RECEPTORS,unknown,0.8651761370581458,TACCO
REACTOME_COMMON_PATHWAY_OF_FIBRIN_CLOT_FORMATION,unknown,0.11971140932375185,TACCO
REACTOME_COMPLEMENT_CASCADE,unknown,0.861155880634357,TACCO
REACTOME_COPII_MEDIATED_VESICLE_TRANSPORT,unknown,0.1210119654354201,TACCO
REACTOME_ER_TO_GOLGI_ANTEROGRADE_TRANSPORT,unknown,0.1210119654354201,TACCO
REACTOME_EXTRINSIC_PATHWAY_OF_FIBRIN_CLOT_FORMATION,unknown,0.11610713228819773,TACCO
REACTOME_FORMATION_OF_FIBRIN_CLOT_CLOTTING_CASCADE,unknown,0.11810395473749345,TACCO
REACTOME_GAMMA_CARBOXYLATION_HYPUSINYLATION_HYDROXYLATION_AND_ARYLSULFATASE_ACTIVATION,unknown,0.11738235055994935,TACCO
REACTOME_GAMMA_CARBOXYLATION_OF_PROTEIN_PRECURSORS,unknown,0.1158085583442638,TACCO
REACTOME_GAMMA_CARBOXYLATION_TRANSPORT_AND_AMINO_TERMINAL_CLEAVAGE_OF_PROTEINS,unknown,0.1158085583442638,TACCO
REACTOME_GPCR_LIGAND_BINDING,unknown,0.8651761370581458,TACCO
REACTOME_G_ALPHA_I_SIGNALLING_EVENTS,unknown,0.8651761370581458,TACCO
REACTOME_HEMOSTASIS,unknown,0.11810395473749345,TACCO
REACTOME_IMMUNE_SYSTEM,unknown,0.861155880634357,TACCO
REACTOME_IMMUNOREGULATORY_INTERACTIONS_BETWEEN_A_LYMPHOID_AND_A_NON_LYMPHOID_CELL,unknown,0.8651761370581458,TACCO
REACTOME_INITIAL_TRIGGERING_OF_COMPLEMENT,unknown,0.8649667058448118,TACCO
REACTOME_INNATE_IMMUNE_SYSTEM,unknown,0.861155880634357,TACCO
REACTOME_INTRINSIC_PATHWAY_OF_FIBRIN_CLOT_FORMATION,unknown,0.11740093283835756,TACCO
REACTOME_MEMBRANE_TRAFFICKING,unknown,0.1210119654354201,TACCO
REACTOME_METABOLISM_OF_PROTEINS,unknown,0.2687302365129478,TACCO
REACTOME_NEUTROPHIL_DEGRANULATION,unknown,0.8651761370581458,TACCO
REACTOME_PEPTIDE_LIGAND_BINDING_RECEPTORS,unknown,0.8651761370581458,TACCO
REACTOME_PLATELET_ACTIVATION_SIGNALING_AND_AGGREGATION,unknown,0.1210119654354201,TACCO
REACTOME_POST_TRANSLATIONAL_PROTEIN_MODIFICATION,unknown,0.2687302365129478,TACCO
REACTOME_REGULATION_OF_INSULIN_LIKE_GROWTH_FACTOR_IGF_TRANSPORT_AND_UPTAKE_BY_INSULIN_LIKE_GROWTH_FACTOR_BINDING_PROTEINS_IGFBPS,unknown,0.49451526031138876,TACCO
REACTOME_RESPONSE_TO_ELEVATED_PLATELET_CYTOSOLIC_CA2,unknown,0.1210119654354201,TACCO
REACTOME_SIGNALING_BY_GPCR,unknown,0.8651761370581458,TACCO
REACTOME_TERMINAL_PATHWAY_OF_COMPLEMENT,unknown,0.8583090136120303,TACCO
REACTOME_TRANSPORT_OF_GAMMA_CARBOXYLATED_PROTEIN_PRECURSORS_FROM_THE_ENDOPLASMIC_RETICULUM_TO_THE_GOLGI_APPARATUS,unknown,0.1158085583442638,TACCO
REACTOME_TRANSPORT_TO_THE_GOLGI_AND_SUBSEQUENT_MODIFICATION,unknown,0.1210119654354201,TACCO
REACTOME_VESICLE_MEDIATED_TRANSPORT,unknown,0.1210119654354201,TACCO
REACTOME_ACTIVATION_OF_C3_AND_C5,CAM,0.8544095607386916,TACCO
REACTOME_ADAPTIVE_IMMUNE_SYSTEM,CAM,0.8527311117589259,TACCO
REACTOME_ALTERNATIVE_COMPLEMENT_ACTIVATION,CAM,0.8527311117589259,TACCO
REACTOME_ASPARAGINE_N_LINKED_GLYCOSYLATION,CAM,0.10663394568660257,TACCO
REACTOME_CARGO_CONCENTRATION_IN_THE_ER,CAM,0.10663394568660257,TACCO
REACTOME_CLASS_A_1_RHODOPSIN_LIKE_RECEPTORS,CAM,0.8527311117589259,TACCO
REACTOME_COMMON_PATHWAY_OF_FIBRIN_CLOT_FORMATION,CAM,0.10688353161741569,TACCO
REACTOME_COMPLEMENT_CASCADE,CAM,0.848907171090067,TACCO
REACTOME_COPII_MEDIATED_VESICLE_TRANSPORT,CAM,0.10663394568660257,TACCO
REACTOME_ER_TO_GOLGI_ANTEROGRADE_TRANSPORT,CAM,0.10663394568660257,TACCO
REACTOME_EXTRINSIC_PATHWAY_OF_FIBRIN_CLOT_FORMATION,CAM,0.11039644041382073,TACCO
REACTOME_FORMATION_OF_FIBRIN_CLOT_CLOTTING_CASCADE,CAM,0.11229686094705488,TACCO
REACTOME_GAMMA_CARBOXYLATION_HYPUSINYLATION_HYDROXYLATION_AND_ARYLSULFATASE_ACTIVATION,CAM,0.10681278279909827,TACCO
REACTOME_GAMMA_CARBOXYLATION_OF_PROTEIN_PRECURSORS,CAM,0.10691435188664523,TACCO
REACTOME_GAMMA_CARBOXYLATION_TRANSPORT_AND_AMINO_TERMINAL_CLEAVAGE_OF_PROTEINS,CAM,0.10691435188664523,TACCO
REACTOME_GPCR_LIGAND_BINDING,CAM,0.8527311117589259,TACCO
REACTOME_G_ALPHA_I_SIGNALLING_EVENTS,CAM,0.8527311117589259,TACCO
REACTOME_HEMOSTASIS,CAM,0.11229686094705488,TACCO
REACTOME_IMMUNE_SYSTEM,CAM,0.848907171090067,TACCO
REACTOME_IMMUNOREGULATORY_INTERACTIONS_BETWEEN_A_LYMPHOID_AND_A_NON_LYMPHOID_CELL,CAM,0.8527311117589259,TACCO
REACTOME_INITIAL_TRIGGERING_OF_COMPLEMENT,CAM,0.8544095607386916,TACCO
REACTOME_INNATE_IMMUNE_SYSTEM,CAM,0.848907171090067,TACCO
REACTOME_INTRINSIC_PATHWAY_OF_FIBRIN_CLOT_FORMATION,CAM,0.11226018143490181,TACCO
REACTOME_MEMBRANE_TRAFFICKING,CAM,0.10663394568660257,TACCO
REACTOME_METABOLISM_OF_PROTEINS,CAM,0.256560485659254,TACCO
REACTOME_NEUTROPHIL_DEGRANULATION,CAM,0.8527311117589259,TACCO
REACTOME_PEPTIDE_LIGAND_BINDING_RECEPTORS,CAM,0.8527311117589259,TACCO
REACTOME_PLATELET_ACTIVATION_SIGNALING_AND_AGGREGATION,CAM,0.10663394568660257,TACCO
REACTOME_POST_TRANSLATIONAL_PROTEIN_MODIFICATION,CAM,0.256560485659254,TACCO
REACTOME_REGULATION_OF_INSULIN_LIKE_GROWTH_FACTOR_IGF_TRANSPORT_AND_UPTAKE_BY_INSULIN_LIKE_GROWTH_FACTOR_BINDING_PROTEINS_IGFBPS,CAM,0.4805478152464026,TACCO
REACTOME_RESPONSE_TO_ELEVATED_PLATELET_CYTOSOLIC_CA2,CAM,0.10663394568660257,TACCO
REACTOME_SIGNALING_BY_GPCR,CAM,0.8527311117589259,TACCO
REACTOME_TERMINAL_PATHWAY_OF_COMPLEMENT,CAM,0.8449140779214419,TACCO
REACTOME_TRANSPORT_OF_GAMMA_CARBOXYLATED_PROTEIN_PRECURSORS_FROM_THE_ENDOPLASMIC_RETICULUM_TO_THE_GOLGI_APPARATUS,CAM,0.10691435188664523,TACCO
REACTOME_TRANSPORT_TO_THE_GOLGI_AND_SUBSEQUENT_MODIFICATION,CAM,0.10663394568660257,TACCO
REACTOME_VESICLE_MEDIATED_TRANSPORT,CAM,0.10663394568660257,TACCO
REACTOME_ACTIVATION_OF_C3_AND_C5,Tumor_Keratin_Pearl,0.8508780947250371,TACCO
REACTOME_ADAPTIVE_IMMUNE_SYSTEM,Tumor_Keratin_Pearl,0.8519507656404024,TACCO
REACTOME_ALTERNATIVE_COMPLEMENT_ACTIVATION,Tumor_Keratin_Pearl,0.8519507656404024,TACCO
REACTOME_ASPARAGINE_N_LINKED_GLYCOSYLATION,Tumor_Keratin_Pearl,0.11090540073577593,TACCO
REACTOME_CARGO_CONCENTRATION_IN_THE_ER,Tumor_Keratin_Pearl,0.11090540073577593,TACCO
REACTOME_CLASS_A_1_RHODOPSIN_LIKE_RECEPTORS,Tumor_Keratin_Pearl,0.8519507656404024,TACCO
REACTOME_COMMON_PATHWAY_OF_FIBRIN_CLOT_FORMATION,Tumor_Keratin_Pearl,0.10915190980271289,TACCO
REACTOME_COMPLEMENT_CASCADE,Tumor_Keratin_Pearl,0.8462219384773695,TACCO
REACTOME_COPII_MEDIATED_VESICLE_TRANSPORT,Tumor_Keratin_Pearl,0.11090540073577593,TACCO
REACTOME_ER_TO_GOLGI_ANTEROGRADE_TRANSPORT,Tumor_Keratin_Pearl,0.11090540073577593,TACCO
REACTOME_EXTRINSIC_PATHWAY_OF_FIBRIN_CLOT_FORMATION,Tumor_Keratin_Pearl,0.11354962300727818,TACCO
REACTOME_FORMATION_OF_FIBRIN_CLOT_CLOTTING_CASCADE,Tumor_Keratin_Pearl,0.11267726239802109,TACCO
REACTOME_GAMMA_CARBOXYLATION_HYPUSINYLATION_HYDROXYLATION_AND_ARYLSULFATASE_ACTIVATION,Tumor_Keratin_Pearl,0.10908181020370399,TACCO
REACTOME_GAMMA_CARBOXYLATION_OF_PROTEIN_PRECURSORS,Tumor_Keratin_Pearl,0.10480156483953738,TACCO
REACTOME_GAMMA_CARBOXYLATION_TRANSPORT_AND_AMINO_TERMINAL_CLEAVAGE_OF_PROTEINS,Tumor_Keratin_Pearl,0.10480156483953738,TACCO
REACTOME_GPCR_LIGAND_BINDING,Tumor_Keratin_Pearl,0.8519507656404024,TACCO
REACTOME_G_ALPHA_I_SIGNALLING_EVENTS,Tumor_Keratin_Pearl,0.8519507656404024,TACCO
REACTOME_HEMOSTASIS,Tumor_Keratin_Pearl,0.11267726239802109,TACCO
REACTOME_IMMUNE_SYSTEM,Tumor_Keratin_Pearl,0.8462219384773695,TACCO
REACTOME_IMMUNOREGULATORY_INTERACTIONS_BETWEEN_A_LYMPHOID_AND_A_NON_LYMPHOID_CELL,Tumor_Keratin_Pearl,0.8519507656404024,TACCO
REACTOME_INITIAL_TRIGGERING_OF_COMPLEMENT,Tumor_Keratin_Pearl,0.8508780947250371,TACCO
REACTOME_INNATE_IMMUNE_SYSTEM,Tumor_Keratin_Pearl,0.8462219384773695,TACCO
REACTOME_INTRINSIC_PATHWAY_OF_FIBRIN_CLOT_FORMATION,Tumor_Keratin_Pearl,0.10981893648128012,TACCO
REACTOME_MEMBRANE_TRAFFICKING,Tumor_Keratin_Pearl,0.11090540073577593,TACCO
REACTOME_METABOLISM_OF_PROTEINS,Tumor_Keratin_Pearl,0.25765489920227747,TACCO
REACTOME_NEUTROPHIL_DEGRANULATION,Tumor_Keratin_Pearl,0.8519507656404024,TACCO
REACTOME_PEPTIDE_LIGAND_BINDING_RECEPTORS,Tumor_Keratin_Pearl,0.8519507656404024,TACCO
REACTOME_PLATELET_ACTIVATION_SIGNALING_AND_AGGREGATION,Tumor_Keratin_Pearl,0.11090540073577593,TACCO
REACTOME_POST_TRANSLATIONAL_PROTEIN_MODIFICATION,Tumor_Keratin_Pearl,0.25765489920227747,TACCO
REACTOME_REGULATION_OF_INSULIN_LIKE_GROWTH_FACTOR_IGF_TRANSPORT_AND_UPTAKE_BY_INSULIN_LIKE_GROWTH_FACTOR_BINDING_PROTEINS_IGFBPS,Tumor_Keratin_Pearl,0.47957305452376386,TACCO
REACTOME_RESPONSE_TO_ELEVATED_PLATELET_CYTOSOLIC_CA2,Tumor_Keratin_Pearl,0.11090540073577593,TACCO
REACTOME_SIGNALING_BY_GPCR,Tumor_Keratin_Pearl,0.8519507656404024,TACCO
REACTOME_TERMINAL_PATHWAY_OF_COMPLEMENT,Tumor_Keratin_Pearl,0.8428601756731019,TACCO
REACTOME_TRANSPORT_OF_GAMMA_CARBOXYLATED_PROTEIN_PRECURSORS_FROM_THE_ENDOPLASMIC_RETICULUM_TO_THE_GOLGI_APPARATUS,Tumor_Keratin_Pearl,0.10480156483953738,TACCO
REACTOME_TRANSPORT_TO_THE_GOLGI_AND_SUBSEQUENT_MODIFICATION,Tumor_Keratin_Pearl,0.11090540073577593,TACCO
REACTOME_VESICLE_MEDIATED_TRANSPORT,Tumor_Keratin_Pearl,0.11090540073577593,TACCO
REACTOME_ACTIVATION_OF_C3_AND_C5,Plasma_IgA,0.8664779371792176,TACCO
REACTOME_ADAPTIVE_IMMUNE_SYSTEM,Plasma_IgA,0.867390507231685,TACCO
REACTOME_ALTERNATIVE_COMPLEMENT_ACTIVATION,Plasma_IgA,0.867390507231685,TACCO
REACTOME_ASPARAGINE_N_LINKED_GLYCOSYLATION,Plasma_IgA,0.11565573973409309,TACCO
REACTOME_CARGO_CONCENTRATION_IN_THE_ER,Plasma_IgA,0.11565573973409309,TACCO
REACTOME_CLASS_A_1_RHODOPSIN_LIKE_RECEPTORS,Plasma_IgA,0.867390507231685,TACCO
REACTOME_COMMON_PATHWAY_OF_FIBRIN_CLOT_FORMATION,Plasma_IgA,0.11590690693947273,TACCO
REACTOME_COMPLEMENT_CASCADE,Plasma_IgA,0.8623006672504854,TACCO
REACTOME_COPII_MEDIATED_VESICLE_TRANSPORT,Plasma_IgA,0.11565573973409309,TACCO
REACTOME_ER_TO_GOLGI_ANTEROGRADE_TRANSPORT,Plasma_IgA,0.11565573973409309,TACCO
REACTOME_EXTRINSIC_PATHWAY_OF_FIBRIN_CLOT_FORMATION,Plasma_IgA,0.11588332400003344,TACCO
REACTOME_FORMATION_OF_FIBRIN_CLOT_CLOTTING_CASCADE,Plasma_IgA,0.11587179765545638,TACCO
REACTOME_GAMMA_CARBOXYLATION_HYPUSINYLATION_HYDROXYLATION_AND_ARYLSULFATASE_ACTIVATION,Plasma_IgA,0.11583615812115532,TACCO
REACTOME_GAMMA_CARBOXYLATION_OF_PROTEIN_PRECURSORS,Plasma_IgA,0.1159380501681931,TACCO
REACTOME_GAMMA_CARBOXYLATION_TRANSPORT_AND_AMINO_TERMINAL_CLEAVAGE_OF_PROTEINS,Plasma_IgA,0.1159380501681931,TACCO
REACTOME_GPCR_LIGAND_BINDING,Plasma_IgA,0.867390507231685,TACCO
REACTOME_G_ALPHA_I_SIGNALLING_EVENTS,Plasma_IgA,0.867390507231685,TACCO
REACTOME_HEMOSTASIS,Plasma_IgA,0.11587179765545638,TACCO
REACTOME_IMMUNE_SYSTEM,Plasma_IgA,0.8623006672504854,TACCO
REACTOME_IMMUNOREGULATORY_INTERACTIONS_BETWEEN_A_LYMPHOID_AND_A_NON_LYMPHOID_CELL,Plasma_IgA,0.867390507231685,TACCO
REACTOME_INITIAL_TRIGGERING_OF_COMPLEMENT,Plasma_IgA,0.8664779371792176,TACCO
REACTOME_INNATE_IMMUNE_SYSTEM,Plasma_IgA,0.8623006672504854,TACCO
REACTOME_INTRINSIC_PATHWAY_OF_FIBRIN_CLOT_FORMATION,Plasma_IgA,0.11592844244482074,TACCO
REACTOME_MEMBRANE_TRAFFICKING,Plasma_IgA,0.11565573973409309,TACCO
REACTOME_METABOLISM_OF_PROTEINS,Plasma_IgA,0.2672670190810151,TACCO
REACTOME_NEUTROPHIL_DEGRANULATION,Plasma_IgA,0.867390507231685,TACCO
REACTOME_PEPTIDE_LIGAND_BINDING_RECEPTORS,Plasma_IgA,0.867390507231685,TACCO
REACTOME_PLATELET_ACTIVATION_SIGNALING_AND_AGGREGATION,Plasma_IgA,0.11565573973409309,TACCO
REACTOME_POST_TRANSLATIONAL_PROTEIN_MODIFICATION,Plasma_IgA,0.2672670190810151,TACCO
REACTOME_REGULATION_OF_INSULIN_LIKE_GROWTH_FACTOR_IGF_TRANSPORT_AND_UPTAKE_BY_INSULIN_LIKE_GROWTH_FACTOR_BINDING_PROTEINS_IGFBPS,Plasma_IgA,0.49321130213993625,TACCO
REACTOME_RESPONSE_TO_ELEVATED_PLATELET_CYTOSOLIC_CA2,Plasma_IgA,0.11565573973409309,TACCO
REACTOME_SIGNALING_BY_GPCR,Plasma_IgA,0.867390507231685,TACCO
REACTOME_TERMINAL_PATHWAY_OF_COMPLEMENT,Plasma_IgA,0.8591842054236168,TACCO
REACTOME_TRANSPORT_OF_GAMMA_CARBOXYLATED_PROTEIN_PRECURSORS_FROM_THE_ENDOPLASMIC_RETICULUM_TO_THE_GOLGI_APPARATUS,Plasma_IgA,0.1159380501681931,TACCO
REACTOME_TRANSPORT_TO_THE_GOLGI_AND_SUBSEQUENT_MODIFICATION,Plasma_IgA,0.11565573973409309,TACCO
REACTOME_VESICLE_MEDIATED_TRANSPORT,Plasma_IgA,0.11565573973409309,TACCO
REACTOME_ACTIVATION_OF_C3_AND_C5,Germinal_Center_Plasma_IgM_B_cell,0.8634448591634609,TACCO
REACTOME_ADAPTIVE_IMMUNE_SYSTEM,Germinal_Center_Plasma_IgM_B_cell,0.8648154916811114,TACCO
REACTOME_ALTERNATIVE_COMPLEMENT_ACTIVATION,Germinal_Center_Plasma_IgM_B_cell,0.8648154916811114,TACCO
REACTOME_ASPARAGINE_N_LINKED_GLYCOSYLATION,Germinal_Center_Plasma_IgM_B_cell,0.11879516194405629,TACCO
REACTOME_CARGO_CONCENTRATION_IN_THE_ER,Germinal_Center_Plasma_IgM_B_cell,0.11879516194405629,TACCO
REACTOME_CLASS_A_1_RHODOPSIN_LIKE_RECEPTORS,Germinal_Center_Plasma_IgM_B_cell,0.8648154916811114,TACCO
REACTOME_COMMON_PATHWAY_OF_FIBRIN_CLOT_FORMATION,Germinal_Center_Plasma_IgM_B_cell,0.11784796939460455,TACCO
REACTOME_COMPLEMENT_CASCADE,Germinal_Center_Plasma_IgM_B_cell,0.8585410169681698,TACCO
REACTOME_COPII_MEDIATED_VESICLE_TRANSPORT,Germinal_Center_Plasma_IgM_B_cell,0.11879516194405629,TACCO
REACTOME_ER_TO_GOLGI_ANTEROGRADE_TRANSPORT,Germinal_Center_Plasma_IgM_B_cell,0.11879516194405629,TACCO
REACTOME_EXTRINSIC_PATHWAY_OF_FIBRIN_CLOT_FORMATION,Germinal_Center_Plasma_IgM_B_cell,0.11431884951878604,TACCO
REACTOME_FORMATION_OF_FIBRIN_CLOT_CLOTTING_CASCADE,Germinal_Center_Plasma_IgM_B_cell,0.11606065914267137,TACCO
REACTOME_GAMMA_CARBOXYLATION_HYPUSINYLATION_HYDROXYLATION_AND_ARYLSULFATASE_ACTIVATION,Germinal_Center_Plasma_IgM_B_cell,0.1159866532825517,TACCO
REACTOME_GAMMA_CARBOXYLATION_OF_PROTEIN_PRECURSORS,Germinal_Center_Plasma_IgM_B_cell,0.11431035872966697,TACCO
REACTOME_GAMMA_CARBOXYLATION_TRANSPORT_AND_AMINO_TERMINAL_CLEAVAGE_OF_PROTEINS,Germinal_Center_Plasma_IgM_B_cell,0.11431035872966697,TACCO
REACTOME_GPCR_LIGAND_BINDING,Germinal_Center_Plasma_IgM_B_cell,0.8648154916811114,TACCO
REACTOME_G_ALPHA_I_SIGNALLING_EVENTS,Germinal_Center_Plasma_IgM_B_cell,0.8648154916811114,TACCO
REACTOME_HEMOSTASIS,Germinal_Center_Plasma_IgM_B_cell,0.11606065914267137,TACCO
REACTOME_IMMUNE_SYSTEM,Germinal_Center_Plasma_IgM_B_cell,0.8585410169681698,TACCO
REACTOME_IMMUNOREGULATORY_INTERACTIONS_BETWEEN_A_LYMPHOID_AND_A_NON_LYMPHOID_CELL,Germinal_Center_Plasma_IgM_B_cell,0.8648154916811114,TACCO
REACTOME_INITIAL_TRIGGERING_OF_COMPLEMENT,Germinal_Center_Plasma_IgM_B_cell,0.8634448591634609,TACCO
REACTOME_INNATE_IMMUNE_SYSTEM,Germinal_Center_Plasma_IgM_B_cell,0.8585410169681698,TACCO
REACTOME_INTRINSIC_PATHWAY_OF_FIBRIN_CLOT_FORMATION,Germinal_Center_Plasma_IgM_B_cell,0.11576190613728225,TACCO
REACTOME_MEMBRANE_TRAFFICKING,Germinal_Center_Plasma_IgM_B_cell,0.11879516194405629,TACCO
REACTOME_METABOLISM_OF_PROTEINS,Germinal_Center_Plasma_IgM_B_cell,0.26747280214407343,TACCO
REACTOME_NEUTROPHIL_DEGRANULATION,Germinal_Center_Plasma_IgM_B_cell,0.8648154916811114,TACCO
REACTOME_PEPTIDE_LIGAND_BINDING_RECEPTORS,Germinal_Center_Plasma_IgM_B_cell,0.8648154916811114,TACCO
REACTOME_PLATELET_ACTIVATION_SIGNALING_AND_AGGREGATION,Germinal_Center_Plasma_IgM_B_cell,0.11879516194405629,TACCO
REACTOME_POST_TRANSLATIONAL_PROTEIN_MODIFICATION,Germinal_Center_Plasma_IgM_B_cell,0.26747280214407343,TACCO
REACTOME_REGULATION_OF_INSULIN_LIKE_GROWTH_FACTOR_IGF_TRANSPORT_AND_UPTAKE_BY_INSULIN_LIKE_GROWTH_FACTOR_BINDING_PROTEINS_IGFBPS,Germinal_Center_Plasma_IgM_B_cell,0.49319498247496674,TACCO
REACTOME_RESPONSE_TO_ELEVATED_PLATELET_CYTOSOLIC_CA2,Germinal_Center_Plasma_IgM_B_cell,0.11879516194405629,TACCO
REACTOME_SIGNALING_BY_GPCR,Germinal_Center_Plasma_IgM_B_cell,0.8648154916811114,TACCO
REACTOME_TERMINAL_PATHWAY_OF_COMPLEMENT,Germinal_Center_Plasma_IgM_B_cell,0.8549648837296785,TACCO
REACTOME_TRANSPORT_OF_GAMMA_CARBOXYLATED_PROTEIN_PRECURSORS_FROM_THE_ENDOPLASMIC_RETICULUM_TO_THE_GOLGI_APPARATUS,Germinal_Center_Plasma_IgM_B_cell,0.11431035872966697,TACCO
REACTOME_TRANSPORT_TO_THE_GOLGI_AND_SUBSEQUENT_MODIFICATION,Germinal_Center_Plasma_IgM_B_cell,0.11879516194405629,TACCO
REACTOME_VESICLE_MEDIATED_TRANSPORT,Germinal_Center_Plasma_IgM_B_cell,0.11879516194405629,TACCO
REACTOME_ACTIVATION_OF_C3_AND_C5,High_Endothelial_Venules,0.8642519590236343,TACCO
REACTOME_ADAPTIVE_IMMUNE_SYSTEM,High_Endothelial_Venules,0.8662198894593489,TACCO
REACTOME_ALTERNATIVE_COMPLEMENT_ACTIVATION,High_Endothelial_Venules,0.8662198894593489,TACCO
REACTOME_ASPARAGINE_N_LINKED_GLYCOSYLATION,High_Endothelial_Venules,0.12132673508862901,TACCO
REACTOME_CARGO_CONCENTRATION_IN_THE_ER,High_Endothelial_Venules,0.12132673508862901,TACCO
REACTOME_CLASS_A_1_RHODOPSIN_LIKE_RECEPTORS,High_Endothelial_Venules,0.8662198894593489,TACCO
REACTOME_COMMON_PATHWAY_OF_FIBRIN_CLOT_FORMATION,High_Endothelial_Venules,0.11908597749546392,TACCO
REACTOME_COMPLEMENT_CASCADE,High_Endothelial_Venules,0.861646407763101,TACCO
REACTOME_COPII_MEDIATED_VESICLE_TRANSPORT,High_Endothelial_Venules,0.12132673508862901,TACCO
REACTOME_ER_TO_GOLGI_ANTEROGRADE_TRANSPORT,High_Endothelial_Venules,0.12132673508862901,TACCO
REACTOME_EXTRINSIC_PATHWAY_OF_FIBRIN_CLOT_FORMATION,High_Endothelial_Venules,0.1163543125280321,TACCO
REACTOME_FORMATION_OF_FIBRIN_CLOT_CLOTTING_CASCADE,High_Endothelial_Venules,0.11922917535491641,TACCO
REACTOME_GAMMA_CARBOXYLATION_HYPUSINYLATION_HYDROXYLATION_AND_ARYLSULFATASE_ACTIVATION,High_Endothelial_Venules,0.1135585368235837,TACCO
REACTOME_GAMMA_CARBOXYLATION_OF_PROTEIN_PRECURSORS,High_Endothelial_Venules,0.11366020748163387,TACCO
REACTOME_GAMMA_CARBOXYLATION_TRANSPORT_AND_AMINO_TERMINAL_CLEAVAGE_OF_PROTEINS,High_Endothelial_Venules,0.11366020748163387,TACCO
REACTOME_GPCR_LIGAND_BINDING,High_Endothelial_Venules,0.8662198894593489,TACCO
REACTOME_G_ALPHA_I_SIGNALLING_EVENTS,High_Endothelial_Venules,0.8662198894593489,TACCO
REACTOME_HEMOSTASIS,High_Endothelial_Venules,0.11922917535491641,TACCO
REACTOME_IMMUNE_SYSTEM,High_Endothelial_Venules,0.861646407763101,TACCO
REACTOME_IMMUNOREGULATORY_INTERACTIONS_BETWEEN_A_LYMPHOID_AND_A_NON_LYMPHOID_CELL,High_Endothelial_Venules,0.8662198894593489,TACCO
REACTOME_INITIAL_TRIGGERING_OF_COMPLEMENT,High_Endothelial_Venules,0.8642519590236343,TACCO
REACTOME_INNATE_IMMUNE_SYSTEM,High_Endothelial_Venules,0.861646407763101,TACCO
REACTOME_INTRINSIC_PATHWAY_OF_FIBRIN_CLOT_FORMATION,High_Endothelial_Venules,0.1157262435276948,TACCO
REACTOME_MEMBRANE_TRAFFICKING,High_Endothelial_Venules,0.12132673508862901,TACCO
REACTOME_METABOLISM_OF_PROTEINS,High_Endothelial_Venules,0.2687588901536685,TACCO
REACTOME_NEUTROPHIL_DEGRANULATION,High_Endothelial_Venules,0.8662198894593489,TACCO
REACTOME_PEPTIDE_LIGAND_BINDING_RECEPTORS,High_Endothelial_Venules,0.8662198894593489,TACCO
REACTOME_PLATELET_ACTIVATION_SIGNALING_AND_AGGREGATION,High_Endothelial_Venules,0.12132673508862901,TACCO
REACTOME_POST_TRANSLATIONAL_PROTEIN_MODIFICATION,High_Endothelial_Venules,0.2687588901536685,TACCO
REACTOME_REGULATION_OF_INSULIN_LIKE_GROWTH_FACTOR_IGF_TRANSPORT_AND_UPTAKE_BY_INSULIN_LIKE_GROWTH_FACTOR_BINDING_PROTEINS_IGFBPS,High_Endothelial_Venules,0.49932828445756666,TACCO
REACTOME_RESPONSE_TO_ELEVATED_PLATELET_CYTOSOLIC_CA2,High_Endothelial_Venules,0.12132673508862901,TACCO
REACTOME_SIGNALING_BY_GPCR,High_Endothelial_Venules,0.8662198894593489,TACCO
REACTOME_TERMINAL_PATHWAY_OF_COMPLEMENT,High_Endothelial_Venules,0.8595006556848735,TACCO
REACTOME_TRANSPORT_OF_GAMMA_CARBOXYLATED_PROTEIN_PRECURSORS_FROM_THE_ENDOPLASMIC_RETICULUM_TO_THE_GOLGI_APPARATUS,High_Endothelial_Venules,0.11366020748163387,TACCO
REACTOME_TRANSPORT_TO_THE_GOLGI_AND_SUBSEQUENT_MODIFICATION,High_Endothelial_Venules,0.12132673508862901,TACCO
REACTOME_VESICLE_MEDIATED_TRANSPORT,High_Endothelial_Venules,0.12132673508862901,TACCO
REACTOME_ACTIVATION_OF_C3_AND_C5,T_cell,0.8664625696886686,TACCO
REACTOME_ADAPTIVE_IMMUNE_SYSTEM,T_cell,0.868721303147715,TACCO
REACTOME_ALTERNATIVE_COMPLEMENT_ACTIVATION,T_cell,0.868721303147715,TACCO
REACTOME_ASPARAGINE_N_LINKED_GLYCOSYLATION,T_cell,0.11546515656394696,TACCO
REACTOME_CARGO_CONCENTRATION_IN_THE_ER,T_cell,0.11546515656394696,TACCO
REACTOME_CLASS_A_1_RHODOPSIN_LIKE_RECEPTORS,T_cell,0.868721303147715,TACCO
REACTOME_COMMON_PATHWAY_OF_FIBRIN_CLOT_FORMATION,T_cell,0.11571440894602017,TACCO
REACTOME_COMPLEMENT_CASCADE,T_cell,0.8660528419285226,TACCO
REACTOME_COPII_MEDIATED_VESICLE_TRANSPORT,T_cell,0.11546515656394696,TACCO
REACTOME_ER_TO_GOLGI_ANTEROGRADE_TRANSPORT,T_cell,0.11546515656394696,TACCO
REACTOME_EXTRINSIC_PATHWAY_OF_FIBRIN_CLOT_FORMATION,T_cell,0.11569082600658098,TACCO
REACTOME_FORMATION_OF_FIBRIN_CLOT_CLOTTING_CASCADE,T_cell,0.11567982432939738,TACCO
REACTOME_GAMMA_CARBOXYLATION_HYPUSINYLATION_HYDROXYLATION_AND_ARYLSULFATASE_ACTIVATION,T_cell,0.11564366012770284,TACCO
REACTOME_GAMMA_CARBOXYLATION_OF_PROTEIN_PRECURSORS,T_cell,0.11574460474017853,TACCO
REACTOME_GAMMA_CARBOXYLATION_TRANSPORT_AND_AMINO_TERMINAL_CLEAVAGE_OF_PROTEINS,T_cell,0.11574460474017853,TACCO
REACTOME_GPCR_LIGAND_BINDING,T_cell,0.868721303147715,TACCO
REACTOME_G_ALPHA_I_SIGNALLING_EVENTS,T_cell,0.868721303147715,TACCO
REACTOME_HEMOSTASIS,T_cell,0.11567982432939738,TACCO
REACTOME_IMMUNE_SYSTEM,T_cell,0.8660528419285226,TACCO
REACTOME_IMMUNOREGULATORY_INTERACTIONS_BETWEEN_A_LYMPHOID_AND_A_NON_LYMPHOID_CELL,T_cell,0.868721303147715,TACCO
REACTOME_INITIAL_TRIGGERING_OF_COMPLEMENT,T_cell,0.8664625696886686,TACCO
REACTOME_INNATE_IMMUNE_SYSTEM,T_cell,0.8660528419285226,TACCO
REACTOME_INTRINSIC_PATHWAY_OF_FIBRIN_CLOT_FORMATION,T_cell,0.11573580052766197,TACCO
REACTOME_MEMBRANE_TRAFFICKING,T_cell,0.11546515656394696,TACCO
REACTOME_METABOLISM_OF_PROTEINS,T_cell,0.2676105075926732,TACCO
REACTOME_NEUTROPHIL_DEGRANULATION,T_cell,0.868721303147715,TACCO
REACTOME_PEPTIDE_LIGAND_BINDING_RECEPTORS,T_cell,0.868721303147715,TACCO
REACTOME_PLATELET_ACTIVATION_SIGNALING_AND_AGGREGATION,T_cell,0.11546515656394696,TACCO
REACTOME_POST_TRANSLATIONAL_PROTEIN_MODIFICATION,T_cell,0.2676105075926732,TACCO
REACTOME_REGULATION_OF_INSULIN_LIKE_GROWTH_FACTOR_IGF_TRANSPORT_AND_UPTAKE_BY_INSULIN_LIKE_GROWTH_FACTOR_BINDING_PROTEINS_IGFBPS,T_cell,0.4941225651583733,TACCO
REACTOME_RESPONSE_TO_ELEVATED_PLATELET_CYTOSOLIC_CA2,T_cell,0.11546515656394696,TACCO
REACTOME_SIGNALING_BY_GPCR,T_cell,0.868721303147715,TACCO
REACTOME_TERMINAL_PATHWAY_OF_COMPLEMENT,T_cell,0.8652799610083906,TACCO
REACTOME_TRANSPORT_OF_GAMMA_CARBOXYLATED_PROTEIN_PRECURSORS_FROM_THE_ENDOPLASMIC_RETICULUM_TO_THE_GOLGI_APPARATUS,T_cell,0.11574460474017853,TACCO
REACTOME_TRANSPORT_TO_THE_GOLGI_AND_SUBSEQUENT_MODIFICATION,T_cell,0.11546515656394696,TACCO
REACTOME_VESICLE_MEDIATED_TRANSPORT,T_cell,0.11546515656394696,TACCO
REACTOME_ACTIVATION_OF_C3_AND_C5,Plasma_IgG,0.8698487811128514,scCello_linearProbing
REACTOME_ADAPTIVE_IMMUNE_SYSTEM,Plasma_IgG,0.873970552533925,scCello_linearProbing
REACTOME_ALTERNATIVE_COMPLEMENT_ACTIVATION,Plasma_IgG,0.873970552533925,scCello_linearProbing
REACTOME_ASPARAGINE_N_LINKED_GLYCOSYLATION,Plasma_IgG,0.11923328049863653,scCello_linearProbing
REACTOME_CARGO_CONCENTRATION_IN_THE_ER,Plasma_IgG,0.11923328049863653,scCello_linearProbing
REACTOME_CLASS_A_1_RHODOPSIN_LIKE_RECEPTORS,Plasma_IgG,0.873970552533925,scCello_linearProbing
REACTOME_COMMON_PATHWAY_OF_FIBRIN_CLOT_FORMATION,Plasma_IgG,0.11808651425962069,scCello_linearProbing
REACTOME_COMPLEMENT_CASCADE,Plasma_IgG,0.8630272095149438,scCello_linearProbing
REACTOME_COPII_MEDIATED_VESICLE_TRANSPORT,Plasma_IgG,0.11923328049863653,scCello_linearProbing
REACTOME_ER_TO_GOLGI_ANTEROGRADE_TRANSPORT,Plasma_IgG,0.11923328049863653,scCello_linearProbing
REACTOME_EXTRINSIC_PATHWAY_OF_FIBRIN_CLOT_FORMATION,Plasma_IgG,0.1163598163610139,scCello_linearProbing
REACTOME_FORMATION_OF_FIBRIN_CLOT_CLOTTING_CASCADE,Plasma_IgG,0.11789434453431857,scCello_linearProbing
REACTOME_GAMMA_CARBOXYLATION_HYPUSINYLATION_HYDROXYLATION_AND_ARYLSULFATASE_ACTIVATION,Plasma_IgG,0.11663236698980652,scCello_linearProbing
REACTOME_GAMMA_CARBOXYLATION_OF_PROTEIN_PRECURSORS,Plasma_IgG,0.11444165974283882,scCello_linearProbing
REACTOME_GAMMA_CARBOXYLATION_TRANSPORT_AND_AMINO_TERMINAL_CLEAVAGE_OF_PROTEINS,Plasma_IgG,0.11444165974283882,scCello_linearProbing
REACTOME_GPCR_LIGAND_BINDING,Plasma_IgG,0.873970552533925,scCello_linearProbing
REACTOME_G_ALPHA_I_SIGNALLING_EVENTS,Plasma_IgG,0.873970552533925,scCello_linearProbing
REACTOME_HEMOSTASIS,Plasma_IgG,0.11789434453431857,scCello_linearProbing
REACTOME_IMMUNE_SYSTEM,Plasma_IgG,0.8630272095149438,scCello_linearProbing
REACTOME_IMMUNOREGULATORY_INTERACTIONS_BETWEEN_A_LYMPHOID_AND_A_NON_LYMPHOID_CELL,Plasma_IgG,0.873970552533925,scCello_linearProbing
REACTOME_INITIAL_TRIGGERING_OF_COMPLEMENT,Plasma_IgG,0.8698487811128514,scCello_linearProbing
REACTOME_INNATE_IMMUNE_SYSTEM,Plasma_IgG,0.8630272095149438,scCello_linearProbing
REACTOME_INTRINSIC_PATHWAY_OF_FIBRIN_CLOT_FORMATION,Plasma_IgG,0.11719757085706003,scCello_linearProbing
REACTOME_MEMBRANE_TRAFFICKING,Plasma_IgG,0.11923328049863653,scCello_linearProbing
REACTOME_METABOLISM_OF_PROTEINS,Plasma_IgG,0.2709948850821428,scCello_linearProbing
REACTOME_NEUTROPHIL_DEGRANULATION,Plasma_IgG,0.873970552533925,scCello_linearProbing
REACTOME_PEPTIDE_LIGAND_BINDING_RECEPTORS,Plasma_IgG,0.873970552533925,scCello_linearProbing
REACTOME_PLATELET_ACTIVATION_SIGNALING_AND_AGGREGATION,Plasma_IgG,0.11923328049863653,scCello_linearProbing
REACTOME_POST_TRANSLATIONAL_PROTEIN_MODIFICATION,Plasma_IgG,0.2709948850821428,scCello_linearProbing
REACTOME_REGULATION_OF_INSULIN_LIKE_GROWTH_FACTOR_IGF_TRANSPORT_AND_UPTAKE_BY_INSULIN_LIKE_GROWTH_FACTOR_BINDING_PROTEINS_IGFBPS,Plasma_IgG,0.4996166035914706,scCello_linearProbing
REACTOME_RESPONSE_TO_ELEVATED_PLATELET_CYTOSOLIC_CA2,Plasma_IgG,0.11923328049863653,scCello_linearProbing
REACTOME_SIGNALING_BY_GPCR,Plasma_IgG,0.873970552533925,scCello_linearProbing
REACTOME_TERMINAL_PATHWAY_OF_COMPLEMENT,Plasma_IgG,0.857900429652036,scCello_linearProbing
REACTOME_TRANSPORT_OF_GAMMA_CARBOXYLATED_PROTEIN_PRECURSORS_FROM_THE_ENDOPLASMIC_RETICULUM_TO_THE_GOLGI_APPARATUS,Plasma_IgG,0.11444165974283882,scCello_linearProbing
REACTOME_TRANSPORT_TO_THE_GOLGI_AND_SUBSEQUENT_MODIFICATION,Plasma_IgG,0.11923328049863653,scCello_linearProbing
REACTOME_VESICLE_MEDIATED_TRANSPORT,Plasma_IgG,0.11923328049863653,scCello_linearProbing
REACTOME_ACTIVATION_OF_C3_AND_C5,M1_macrophages,0.8670027505305947,scCello_linearProbing
REACTOME_ADAPTIVE_IMMUNE_SYSTEM,M1_macrophages,0.8711044297753175,scCello_linearProbing
REACTOME_ALTERNATIVE_COMPLEMENT_ACTIVATION,M1_macrophages,0.8711044297753175,scCello_linearProbing
REACTOME_ASPARAGINE_N_LINKED_GLYCOSYLATION,M1_macrophages,0.11778019104534779,scCello_linearProbing
REACTOME_CARGO_CONCENTRATION_IN_THE_ER,M1_macrophages,0.11778019104534779,scCello_linearProbing
REACTOME_CLASS_A_1_RHODOPSIN_LIKE_RECEPTORS,M1_macrophages,0.8711044297753175,scCello_linearProbing
REACTOME_COMMON_PATHWAY_OF_FIBRIN_CLOT_FORMATION,M1_macrophages,0.11675230166938738,scCello_linearProbing
REACTOME_COMPLEMENT_CASCADE,M1_macrophages,0.8604349988009542,scCello_linearProbing
REACTOME_COPII_MEDIATED_VESICLE_TRANSPORT,M1_macrophages,0.11778019104534779,scCello_linearProbing
REACTOME_ER_TO_GOLGI_ANTEROGRADE_TRANSPORT,M1_macrophages,0.11778019104534779,scCello_linearProbing
REACTOME_EXTRINSIC_PATHWAY_OF_FIBRIN_CLOT_FORMATION,M1_macrophages,0.11435203577463195,scCello_linearProbing
REACTOME_FORMATION_OF_FIBRIN_CLOT_CLOTTING_CASCADE,M1_macrophages,0.11591084338325244,scCello_linearProbing
REACTOME_GAMMA_CARBOXYLATION_HYPUSINYLATION_HYDROXYLATION_AND_ARYLSULFATASE_ACTIVATION,M1_macrophages,0.11476950392140345,scCello_linearProbing
REACTOME_GAMMA_CARBOXYLATION_OF_PROTEIN_PRECURSORS,M1_macrophages,0.11303982471477324,scCello_linearProbing
REACTOME_GAMMA_CARBOXYLATION_TRANSPORT_AND_AMINO_TERMINAL_CLEAVAGE_OF_PROTEINS,M1_macrophages,0.11303982471477324,scCello_linearProbing
REACTOME_GPCR_LIGAND_BINDING,M1_macrophages,0.8711044297753175,scCello_linearProbing
REACTOME_G_ALPHA_I_SIGNALLING_EVENTS,M1_macrophages,0.8711044297753175,scCello_linearProbing
REACTOME_HEMOSTASIS,M1_macrophages,0.11591084338325244,scCello_linearProbing
REACTOME_IMMUNE_SYSTEM,M1_macrophages,0.8604349988009542,scCello_linearProbing
REACTOME_IMMUNOREGULATORY_INTERACTIONS_BETWEEN_A_LYMPHOID_AND_A_NON_LYMPHOID_CELL,M1_macrophages,0.8711044297753175,scCello_linearProbing
REACTOME_INITIAL_TRIGGERING_OF_COMPLEMENT,M1_macrophages,0.8670027505305947,scCello_linearProbing
REACTOME_INNATE_IMMUNE_SYSTEM,M1_macrophages,0.8604349988009542,scCello_linearProbing
REACTOME_INTRINSIC_PATHWAY_OF_FIBRIN_CLOT_FORMATION,M1_macrophages,0.11505582882363732,scCello_linearProbing
REACTOME_MEMBRANE_TRAFFICKING,M1_macrophages,0.11778019104534779,scCello_linearProbing
REACTOME_METABOLISM_OF_PROTEINS,M1_macrophages,0.2691313157154547,scCello_linearProbing
REACTOME_NEUTROPHIL_DEGRANULATION,M1_macrophages,0.8711044297753175,scCello_linearProbing
REACTOME_PEPTIDE_LIGAND_BINDING_RECEPTORS,M1_macrophages,0.8711044297753175,scCello_linearProbing
REACTOME_PLATELET_ACTIVATION_SIGNALING_AND_AGGREGATION,M1_macrophages,0.11778019104534779,scCello_linearProbing
REACTOME_POST_TRANSLATIONAL_PROTEIN_MODIFICATION,M1_macrophages,0.2691313157154547,scCello_linearProbing
REACTOME_REGULATION_OF_INSULIN_LIKE_GROWTH_FACTOR_IGF_TRANSPORT_AND_UPTAKE_BY_INSULIN_LIKE_GROWTH_FACTOR_BINDING_PROTEINS_IGFBPS,M1_macrophages,0.49785009282281517,scCello_linearProbing
REACTOME_RESPONSE_TO_ELEVATED_PLATELET_CYTOSOLIC_CA2,M1_macrophages,0.11778019104534779,scCello_linearProbing
REACTOME_SIGNALING_BY_GPCR,M1_macrophages,0.8711044297753175,scCello_linearProbing
REACTOME_TERMINAL_PATHWAY_OF_COMPLEMENT,M1_macrophages,0.8555067057854087,scCello_linearProbing
REACTOME_TRANSPORT_OF_GAMMA_CARBOXYLATED_PROTEIN_PRECURSORS_FROM_THE_ENDOPLASMIC_RETICULUM_TO_THE_GOLGI_APPARATUS,M1_macrophages,0.11303982471477324,scCello_linearProbing
REACTOME_TRANSPORT_TO_THE_GOLGI_AND_SUBSEQUENT_MODIFICATION,M1_macrophages,0.11778019104534779,scCello_linearProbing
REACTOME_VESICLE_MEDIATED_TRANSPORT,M1_macrophages,0.11778019104534779,scCello_linearProbing
REACTOME_ACTIVATION_OF_C3_AND_C5,CAF,0.865632861222569,scCello_linearProbing
REACTOME_ADAPTIVE_IMMUNE_SYSTEM,CAF,0.8708295470584869,scCello_linearProbing
REACTOME_ALTERNATIVE_COMPLEMENT_ACTIVATION,CAF,0.8708295470584869,scCello_linearProbing
REACTOME_ASPARAGINE_N_LINKED_GLYCOSYLATION,CAF,0.11752965547084825,scCello_linearProbing
REACTOME_CARGO_CONCENTRATION_IN_THE_ER,CAF,0.11752965547084825,scCello_linearProbing
REACTOME_CLASS_A_1_RHODOPSIN_LIKE_RECEPTORS,CAF,0.8708295470584869,scCello_linearProbing
REACTOME_COMMON_PATHWAY_OF_FIBRIN_CLOT_FORMATION,CAF,0.11557719327595048,scCello_linearProbing
REACTOME_COMPLEMENT_CASCADE,CAF,0.8562291959390065,scCello_linearProbing
REACTOME_COPII_MEDIATED_VESICLE_TRANSPORT,CAF,0.11752965547084825,scCello_linearProbing
REACTOME_ER_TO_GOLGI_ANTEROGRADE_TRANSPORT,CAF,0.11752965547084825,scCello_linearProbing
REACTOME_EXTRINSIC_PATHWAY_OF_FIBRIN_CLOT_FORMATION,CAF,0.11551923101809758,scCello_linearProbing
REACTOME_FORMATION_OF_FIBRIN_CLOT_CLOTTING_CASCADE,CAF,0.11709014576990277,scCello_linearProbing
REACTOME_GAMMA_CARBOXYLATION_HYPUSINYLATION_HYDROXYLATION_AND_ARYLSULFATASE_ACTIVATION,CAF,0.11233656434446114,scCello_linearProbing
REACTOME_GAMMA_CARBOXYLATION_OF_PROTEIN_PRECURSORS,CAF,0.10941366333283495,scCello_linearProbing
REACTOME_GAMMA_CARBOXYLATION_TRANSPORT_AND_AMINO_TERMINAL_CLEAVAGE_OF_PROTEINS,CAF,0.10941366333283495,scCello_linearProbing
REACTOME_GPCR_LIGAND_BINDING,CAF,0.8708295470584869,scCello_linearProbing
REACTOME_G_ALPHA_I_SIGNALLING_EVENTS,CAF,0.8708295470584869,scCello_linearProbing
REACTOME_HEMOSTASIS,CAF,0.11709014576990277,scCello_linearProbing
REACTOME_IMMUNE_SYSTEM,CAF,0.8562291959390065,scCello_linearProbing
REACTOME_IMMUNOREGULATORY_INTERACTIONS_BETWEEN_A_LYMPHOID_AND_A_NON_LYMPHOID_CELL,CAF,0.8708295470584869,scCello_linearProbing
REACTOME_INITIAL_TRIGGERING_OF_COMPLEMENT,CAF,0.865632861222569,scCello_linearProbing
REACTOME_INNATE_IMMUNE_SYSTEM,CAF,0.8562291959390065,scCello_linearProbing
REACTOME_INTRINSIC_PATHWAY_OF_FIBRIN_CLOT_FORMATION,CAF,0.11400276879732749,scCello_linearProbing
REACTOME_MEMBRANE_TRAFFICKING,CAF,0.11752965547084825,scCello_linearProbing
REACTOME_METABOLISM_OF_PROTEINS,CAF,0.26829659144514906,scCello_linearProbing
REACTOME_NEUTROPHIL_DEGRANULATION,CAF,0.8708295470584869,scCello_linearProbing
REACTOME_PEPTIDE_LIGAND_BINDING_RECEPTORS,CAF,0.8708295470584869,scCello_linearProbing
REACTOME_PLATELET_ACTIVATION_SIGNALING_AND_AGGREGATION,CAF,0.11752965547084825,scCello_linearProbing
REACTOME_POST_TRANSLATIONAL_PROTEIN_MODIFICATION,CAF,0.26829659144514906,scCello_linearProbing
REACTOME_REGULATION_OF_INSULIN_LIKE_GROWTH_FACTOR_IGF_TRANSPORT_AND_UPTAKE_BY_INSULIN_LIKE_GROWTH_FACTOR_BINDING_PROTEINS_IGFBPS,CAF,0.49848767454008114,scCello_linearProbing
REACTOME_RESPONSE_TO_ELEVATED_PLATELET_CYTOSOLIC_CA2,CAF,0.11752965547084825,scCello_linearProbing
REACTOME_SIGNALING_BY_GPCR,CAF,0.8708295470584869,scCello_linearProbing
REACTOME_TERMINAL_PATHWAY_OF_COMPLEMENT,CAF,0.8493180669945204,scCello_linearProbing
REACTOME_TRANSPORT_OF_GAMMA_CARBOXYLATED_PROTEIN_PRECURSORS_FROM_THE_ENDOPLASMIC_RETICULUM_TO_THE_GOLGI_APPARATUS,CAF,0.10941366333283495,scCello_linearProbing
REACTOME_TRANSPORT_TO_THE_GOLGI_AND_SUBSEQUENT_MODIFICATION,CAF,0.11752965547084825,scCello_linearProbing
REACTOME_VESICLE_MEDIATED_TRANSPORT,CAF,0.11752965547084825,scCello_linearProbing
REACTOME_ACTIVATION_OF_C3_AND_C5,CAM,0.8574628406903492,scCello_linearProbing
REACTOME_ADAPTIVE_IMMUNE_SYSTEM,CAM,0.855630139028797,scCello_linearProbing
REACTOME_ALTERNATIVE_COMPLEMENT_ACTIVATION,CAM,0.855630139028797,scCello_linearProbing
REACTOME_ASPARAGINE_N_LINKED_GLYCOSYLATION,CAM,0.10876812796077645,scCello_linearProbing
REACTOME_CARGO_CONCENTRATION_IN_THE_ER,CAM,0.10876812796077645,scCello_linearProbing
REACTOME_CLASS_A_1_RHODOPSIN_LIKE_RECEPTORS,CAM,0.855630139028797,scCello_linearProbing
REACTOME_COMMON_PATHWAY_OF_FIBRIN_CLOT_FORMATION,CAM,0.1090172042045622,scCello_linearProbing
REACTOME_COMPLEMENT_CASCADE,CAM,0.8518673322030014,scCello_linearProbing
REACTOME_COPII_MEDIATED_VESICLE_TRANSPORT,CAM,0.10876812796077645,scCello_linearProbing
REACTOME_ER_TO_GOLGI_ANTEROGRADE_TRANSPORT,CAM,0.10876812796077645,scCello_linearProbing
REACTOME_EXTRINSIC_PATHWAY_OF_FIBRIN_CLOT_FORMATION,CAM,0.11031989778692172,scCello_linearProbing
REACTOME_FORMATION_OF_FIBRIN_CLOT_CLOTTING_CASCADE,CAM,0.11238523575564978,scCello_linearProbing
REACTOME_GAMMA_CARBOXYLATION_HYPUSINYLATION_HYDROXYLATION_AND_ARYLSULFATASE_ACTIVATION,CAM,0.10894654750710202,scCello_linearProbing
REACTOME_GAMMA_CARBOXYLATION_OF_PROTEIN_PRECURSORS,CAM,0.10904779721942584,scCello_linearProbing
REACTOME_GAMMA_CARBOXYLATION_TRANSPORT_AND_AMINO_TERMINAL_CLEAVAGE_OF_PROTEINS,CAM,0.10904779721942584,scCello_linearProbing
REACTOME_GPCR_LIGAND_BINDING,CAM,0.855630139028797,scCello_linearProbing
REACTOME_G_ALPHA_I_SIGNALLING_EVENTS,CAM,0.855630139028797,scCello_linearProbing
REACTOME_HEMOSTASIS,CAM,0.11238523575564978,scCello_linearProbing
REACTOME_IMMUNE_SYSTEM,CAM,0.8518673322030014,scCello_linearProbing
REACTOME_IMMUNOREGULATORY_INTERACTIONS_BETWEEN_A_LYMPHOID_AND_A_NON_LYMPHOID_CELL,CAM,0.855630139028797,scCello_linearProbing
REACTOME_INITIAL_TRIGGERING_OF_COMPLEMENT,CAM,0.8574628406903492,scCello_linearProbing
REACTOME_INNATE_IMMUNE_SYSTEM,CAM,0.8518673322030014,scCello_linearProbing
REACTOME_INTRINSIC_PATHWAY_OF_FIBRIN_CLOT_FORMATION,CAM,0.11305546136113041,scCello_linearProbing
REACTOME_MEMBRANE_TRAFFICKING,CAM,0.10876812796077645,scCello_linearProbing
REACTOME_METABOLISM_OF_PROTEINS,CAM,0.2589104791944035,scCello_linearProbing
REACTOME_NEUTROPHIL_DEGRANULATION,CAM,0.855630139028797,scCello_linearProbing
REACTOME_PEPTIDE_LIGAND_BINDING_RECEPTORS,CAM,0.855630139028797,scCello_linearProbing
REACTOME_PLATELET_ACTIVATION_SIGNALING_AND_AGGREGATION,CAM,0.10876812796077645,scCello_linearProbing
REACTOME_POST_TRANSLATIONAL_PROTEIN_MODIFICATION,CAM,0.2589104791944035,scCello_linearProbing
REACTOME_REGULATION_OF_INSULIN_LIKE_GROWTH_FACTOR_IGF_TRANSPORT_AND_UPTAKE_BY_INSULIN_LIKE_GROWTH_FACTOR_BINDING_PROTEINS_IGFBPS,CAM,0.4831577743376251,scCello_linearProbing
REACTOME_RESPONSE_TO_ELEVATED_PLATELET_CYTOSOLIC_CA2,CAM,0.10876812796077645,scCello_linearProbing
REACTOME_SIGNALING_BY_GPCR,CAM,0.855630139028797,scCello_linearProbing
REACTOME_TERMINAL_PATHWAY_OF_COMPLEMENT,CAM,0.8478284733665024,scCello_linearProbing
REACTOME_TRANSPORT_OF_GAMMA_CARBOXYLATED_PROTEIN_PRECURSORS_FROM_THE_ENDOPLASMIC_RETICULUM_TO_THE_GOLGI_APPARATUS,CAM,0.10904779721942584,scCello_linearProbing
REACTOME_TRANSPORT_TO_THE_GOLGI_AND_SUBSEQUENT_MODIFICATION,CAM,0.10876812796077645,scCello_linearProbing
REACTOME_VESICLE_MEDIATED_TRANSPORT,CAM,0.10876812796077645,scCello_linearProbing
REACTOME_ACTIVATION_OF_C3_AND_C5,Germinal_Center_Plasma_IgM_B_cell,0.8637430729776142,scCello_linearProbing
REACTOME_ADAPTIVE_IMMUNE_SYSTEM,Germinal_Center_Plasma_IgM_B_cell,0.8652335882610929,scCello_linearProbing
REACTOME_ALTERNATIVE_COMPLEMENT_ACTIVATION,Germinal_Center_Plasma_IgM_B_cell,0.8652335882610929,scCello_linearProbing
REACTOME_ASPARAGINE_N_LINKED_GLYCOSYLATION,Germinal_Center_Plasma_IgM_B_cell,0.11814339542761518,scCello_linearProbing
REACTOME_CARGO_CONCENTRATION_IN_THE_ER,Germinal_Center_Plasma_IgM_B_cell,0.11814339542761518,scCello_linearProbing
REACTOME_CLASS_A_1_RHODOPSIN_LIKE_RECEPTORS,Germinal_Center_Plasma_IgM_B_cell,0.8652335882610929,scCello_linearProbing
REACTOME_COMMON_PATHWAY_OF_FIBRIN_CLOT_FORMATION,Germinal_Center_Plasma_IgM_B_cell,0.11705508185211293,scCello_linearProbing
REACTOME_COMPLEMENT_CASCADE,Germinal_Center_Plasma_IgM_B_cell,0.8585480420922706,scCello_linearProbing
REACTOME_COPII_MEDIATED_VESICLE_TRANSPORT,Germinal_Center_Plasma_IgM_B_cell,0.11814339542761518,scCello_linearProbing
REACTOME_ER_TO_GOLGI_ANTEROGRADE_TRANSPORT,Germinal_Center_Plasma_IgM_B_cell,0.11814339542761518,scCello_linearProbing
REACTOME_EXTRINSIC_PATHWAY_OF_FIBRIN_CLOT_FORMATION,Germinal_Center_Plasma_IgM_B_cell,0.11376780843240933,scCello_linearProbing
REACTOME_FORMATION_OF_FIBRIN_CLOT_CLOTTING_CASCADE,Germinal_Center_Plasma_IgM_B_cell,0.11540830085433575,scCello_linearProbing
REACTOME_GAMMA_CARBOXYLATION_HYPUSINYLATION_HYDROXYLATION_AND_ARYLSULFATASE_ACTIVATION,Germinal_Center_Plasma_IgM_B_cell,0.11512116480369976,scCello_linearProbing
REACTOME_GAMMA_CARBOXYLATION_OF_PROTEIN_PRECURSORS,Germinal_Center_Plasma_IgM_B_cell,0.11366952579362101,scCello_linearProbing
REACTOME_GAMMA_CARBOXYLATION_TRANSPORT_AND_AMINO_TERMINAL_CLEAVAGE_OF_PROTEINS,Germinal_Center_Plasma_IgM_B_cell,0.11366952579362101,scCello_linearProbing
REACTOME_GPCR_LIGAND_BINDING,Germinal_Center_Plasma_IgM_B_cell,0.8652335882610929,scCello_linearProbing
REACTOME_G_ALPHA_I_SIGNALLING_EVENTS,Germinal_Center_Plasma_IgM_B_cell,0.8652335882610929,scCello_linearProbing
REACTOME_HEMOSTASIS,Germinal_Center_Plasma_IgM_B_cell,0.11540830085433575,scCello_linearProbing
REACTOME_IMMUNE_SYSTEM,Germinal_Center_Plasma_IgM_B_cell,0.8585480420922706,scCello_linearProbing
REACTOME_IMMUNOREGULATORY_INTERACTIONS_BETWEEN_A_LYMPHOID_AND_A_NON_LYMPHOID_CELL,Germinal_Center_Plasma_IgM_B_cell,0.8652335882610929,scCello_linearProbing
REACTOME_INITIAL_TRIGGERING_OF_COMPLEMENT,Germinal_Center_Plasma_IgM_B_cell,0.8637430729776142,scCello_linearProbing
REACTOME_INNATE_IMMUNE_SYSTEM,Germinal_Center_Plasma_IgM_B_cell,0.8585480420922706,scCello_linearProbing
REACTOME_INTRINSIC_PATHWAY_OF_FIBRIN_CLOT_FORMATION,Germinal_Center_Plasma_IgM_B_cell,0.11488797751386086,scCello_linearProbing
REACTOME_MEMBRANE_TRAFFICKING,Germinal_Center_Plasma_IgM_B_cell,0.11814339542761518,scCello_linearProbing
REACTOME_METABOLISM_OF_PROTEINS,Germinal_Center_Plasma_IgM_B_cell,0.26715911399318654,scCello_linearProbing
REACTOME_NEUTROPHIL_DEGRANULATION,Germinal_Center_Plasma_IgM_B_cell,0.8652335882610929,scCello_linearProbing
REACTOME_PEPTIDE_LIGAND_BINDING_RECEPTORS,Germinal_Center_Plasma_IgM_B_cell,0.8652335882610929,scCello_linearProbing
REACTOME_PLATELET_ACTIVATION_SIGNALING_AND_AGGREGATION,Germinal_Center_Plasma_IgM_B_cell,0.11814339542761518,scCello_linearProbing
REACTOME_POST_TRANSLATIONAL_PROTEIN_MODIFICATION,Germinal_Center_Plasma_IgM_B_cell,0.26715911399318654,scCello_linearProbing
REACTOME_REGULATION_OF_INSULIN_LIKE_GROWTH_FACTOR_IGF_TRANSPORT_AND_UPTAKE_BY_INSULIN_LIKE_GROWTH_FACTOR_BINDING_PROTEINS_IGFBPS,Germinal_Center_Plasma_IgM_B_cell,0.49357184430561996,scCello_linearProbing
REACTOME_RESPONSE_TO_ELEVATED_PLATELET_CYTOSOLIC_CA2,Germinal_Center_Plasma_IgM_B_cell,0.11814339542761518,scCello_linearProbing
REACTOME_SIGNALING_BY_GPCR,Germinal_Center_Plasma_IgM_B_cell,0.8652335882610929,scCello_linearProbing
REACTOME_TERMINAL_PATHWAY_OF_COMPLEMENT,Germinal_Center_Plasma_IgM_B_cell,0.854748966936777,scCello_linearProbing
REACTOME_TRANSPORT_OF_GAMMA_CARBOXYLATED_PROTEIN_PRECURSORS_FROM_THE_ENDOPLASMIC_RETICULUM_TO_THE_GOLGI_APPARATUS,Germinal_Center_Plasma_IgM_B_cell,0.11366952579362101,scCello_linearProbing
REACTOME_TRANSPORT_TO_THE_GOLGI_AND_SUBSEQUENT_MODIFICATION,Germinal_Center_Plasma_IgM_B_cell,0.11814339542761518,scCello_linearProbing
REACTOME_VESICLE_MEDIATED_TRANSPORT,Germinal_Center_Plasma_IgM_B_cell,0.11814339542761518,scCello_linearProbing
REACTOME_ACTIVATION_OF_C3_AND_C5,Fibroblasts,0.8875056715156583,scCello_linearProbing
REACTOME_ADAPTIVE_IMMUNE_SYSTEM,Fibroblasts,0.9022245397010487,scCello_linearProbing
REACTOME_ALTERNATIVE_COMPLEMENT_ACTIVATION,Fibroblasts,0.9022245397010487,scCello_linearProbing
REACTOME_ASPARAGINE_N_LINKED_GLYCOSYLATION,Fibroblasts,0.11491660006610592,scCello_linearProbing
REACTOME_CARGO_CONCENTRATION_IN_THE_ER,Fibroblasts,0.11491660006610592,scCello_linearProbing
REACTOME_CLASS_A_1_RHODOPSIN_LIKE_RECEPTORS,Fibroblasts,0.9022245397010487,scCello_linearProbing
REACTOME_COMMON_PATHWAY_OF_FIBRIN_CLOT_FORMATION,Fibroblasts,0.12812192919055304,scCello_linearProbing
REACTOME_COMPLEMENT_CASCADE,Fibroblasts,0.8689458364828846,scCello_linearProbing
REACTOME_COPII_MEDIATED_VESICLE_TRANSPORT,Fibroblasts,0.11491660006610592,scCello_linearProbing
REACTOME_ER_TO_GOLGI_ANTEROGRADE_TRANSPORT,Fibroblasts,0.11491660006610592,scCello_linearProbing
REACTOME_EXTRINSIC_PATHWAY_OF_FIBRIN_CLOT_FORMATION,Fibroblasts,0.12809840043495965,scCello_linearProbing
REACTOME_FORMATION_OF_FIBRIN_CLOT_CLOTTING_CASCADE,Fibroblasts,0.12180991333779242,scCello_linearProbing
REACTOME_GAMMA_CARBOXYLATION_HYPUSINYLATION_HYDROXYLATION_AND_ARYLSULFATASE_ACTIVATION,Fibroblasts,0.12805134292377268,scCello_linearProbing
REACTOME_GAMMA_CARBOXYLATION_OF_PROTEIN_PRECURSORS,Fibroblasts,0.13406589607662792,scCello_linearProbing
REACTOME_GAMMA_CARBOXYLATION_TRANSPORT_AND_AMINO_TERMINAL_CLEAVAGE_OF_PROTEINS,Fibroblasts,0.13406589607662792,scCello_linearProbing
REACTOME_GPCR_LIGAND_BINDING,Fibroblasts,0.9022245397010487,scCello_linearProbing
REACTOME_G_ALPHA_I_SIGNALLING_EVENTS,Fibroblasts,0.9022245397010487,scCello_linearProbing
REACTOME_HEMOSTASIS,Fibroblasts,0.12180991333779242,scCello_linearProbing
REACTOME_IMMUNE_SYSTEM,Fibroblasts,0.8689458364828846,scCello_linearProbing
REACTOME_IMMUNOREGULATORY_INTERACTIONS_BETWEEN_A_LYMPHOID_AND_A_NON_LYMPHOID_CELL,Fibroblasts,0.9022245397010487,scCello_linearProbing
REACTOME_INITIAL_TRIGGERING_OF_COMPLEMENT,Fibroblasts,0.8875056715156583,scCello_linearProbing
REACTOME_INNATE_IMMUNE_SYSTEM,Fibroblasts,0.8689458364828846,scCello_linearProbing
REACTOME_INTRINSIC_PATHWAY_OF_FIBRIN_CLOT_FORMATION,Fibroblasts,0.1250527345043768,scCello_linearProbing
REACTOME_MEMBRANE_TRAFFICKING,Fibroblasts,0.11491660006610592,scCello_linearProbing
REACTOME_METABOLISM_OF_PROTEINS,Fibroblasts,0.2870568574507584,scCello_linearProbing
REACTOME_NEUTROPHIL_DEGRANULATION,Fibroblasts,0.9022245397010487,scCello_linearProbing
REACTOME_PEPTIDE_LIGAND_BINDING_RECEPTORS,Fibroblasts,0.9022245397010487,scCello_linearProbing
REACTOME_PLATELET_ACTIVATION_SIGNALING_AND_AGGREGATION,Fibroblasts,0.11491660006610592,scCello_linearProbing
REACTOME_POST_TRANSLATIONAL_PROTEIN_MODIFICATION,Fibroblasts,0.2870568574507584,scCello_linearProbing
REACTOME_REGULATION_OF_INSULIN_LIKE_GROWTH_FACTOR_IGF_TRANSPORT_AND_UPTAKE_BY_INSULIN_LIKE_GROWTH_FACTOR_BINDING_PROTEINS_IGFBPS,Fibroblasts,0.5191691663782373,scCello_linearProbing
REACTOME_RESPONSE_TO_ELEVATED_PLATELET_CYTOSOLIC_CA2,Fibroblasts,0.11491660006610592,scCello_linearProbing
REACTOME_SIGNALING_BY_GPCR,Fibroblasts,0.9022245397010487,scCello_linearProbing
REACTOME_TERMINAL_PATHWAY_OF_COMPLEMENT,Fibroblasts,0.8554221482036014,scCello_linearProbing
REACTOME_TRANSPORT_OF_GAMMA_CARBOXYLATED_PROTEIN_PRECURSORS_FROM_THE_ENDOPLASMIC_RETICULUM_TO_THE_GOLGI_APPARATUS,Fibroblasts,0.13406589607662792,scCello_linearProbing
REACTOME_TRANSPORT_TO_THE_GOLGI_AND_SUBSEQUENT_MODIFICATION,Fibroblasts,0.11491660006610592,scCello_linearProbing
REACTOME_VESICLE_MEDIATED_TRANSPORT,Fibroblasts,0.11491660006610592,scCello_linearProbing
REACTOME_ACTIVATION_OF_C3_AND_C5,Tumor,0.8506279702942096,scCello_linearProbing
REACTOME_ADAPTIVE_IMMUNE_SYSTEM,Tumor,0.8492043483623162,scCello_linearProbing
REACTOME_ALTERNATIVE_COMPLEMENT_ACTIVATION,Tumor,0.8492043483623162,scCello_linearProbing
REACTOME_ASPARAGINE_N_LINKED_GLYCOSYLATION,Tumor,0.11005590065208516,scCello_linearProbing
REACTOME_CARGO_CONCENTRATION_IN_THE_ER,Tumor,0.11005590065208516,scCello_linearProbing
REACTOME_CLASS_A_1_RHODOPSIN_LIKE_RECEPTORS,Tumor,0.8492043483623162,scCello_linearProbing
REACTOME_COMMON_PATHWAY_OF_FIBRIN_CLOT_FORMATION,Tumor,0.10892012940088804,scCello_linearProbing
REACTOME_COMPLEMENT_CASCADE,Tumor,0.8462626196596074,scCello_linearProbing
REACTOME_COPII_MEDIATED_VESICLE_TRANSPORT,Tumor,0.11005590065208516,scCello_linearProbing
REACTOME_ER_TO_GOLGI_ANTEROGRADE_TRANSPORT,Tumor,0.11005590065208516,scCello_linearProbing
REACTOME_EXTRINSIC_PATHWAY_OF_FIBRIN_CLOT_FORMATION,Tumor,0.11185172786274172,scCello_linearProbing
REACTOME_FORMATION_OF_FIBRIN_CLOT_CLOTTING_CASCADE,Tumor,0.11426572386440875,scCello_linearProbing
REACTOME_GAMMA_CARBOXYLATION_HYPUSINYLATION_HYDROXYLATION_AND_ARYLSULFATASE_ACTIVATION,Tumor,0.1082019301663038,scCello_linearProbing
REACTOME_GAMMA_CARBOXYLATION_OF_PROTEIN_PRECURSORS,Tumor,0.10550785515219083,scCello_linearProbing
REACTOME_GAMMA_CARBOXYLATION_TRANSPORT_AND_AMINO_TERMINAL_CLEAVAGE_OF_PROTEINS,Tumor,0.10550785515219083,scCello_linearProbing
REACTOME_GPCR_LIGAND_BINDING,Tumor,0.8492043483623162,scCello_linearProbing
REACTOME_G_ALPHA_I_SIGNALLING_EVENTS,Tumor,0.8492043483623162,scCello_linearProbing
REACTOME_HEMOSTASIS,Tumor,0.11426572386440875,scCello_linearProbing
REACTOME_IMMUNE_SYSTEM,Tumor,0.8462626196596074,scCello_linearProbing
REACTOME_IMMUNOREGULATORY_INTERACTIONS_BETWEEN_A_LYMPHOID_AND_A_NON_LYMPHOID_CELL,Tumor,0.8492043483623162,scCello_linearProbing
REACTOME_INITIAL_TRIGGERING_OF_COMPLEMENT,Tumor,0.8506279702942096,scCello_linearProbing
REACTOME_INNATE_IMMUNE_SYSTEM,Tumor,0.8462626196596074,scCello_linearProbing
REACTOME_INTRINSIC_PATHWAY_OF_FIBRIN_CLOT_FORMATION,Tumor,0.11325707990920748,scCello_linearProbing
REACTOME_MEMBRANE_TRAFFICKING,Tumor,0.11005590065208516,scCello_linearProbing
REACTOME_METABOLISM_OF_PROTEINS,Tumor,0.25650352789434927,scCello_linearProbing
REACTOME_NEUTROPHIL_DEGRANULATION,Tumor,0.8492043483623162,scCello_linearProbing
REACTOME_PEPTIDE_LIGAND_BINDING_RECEPTORS,Tumor,0.8492043483623162,scCello_linearProbing
REACTOME_PLATELET_ACTIVATION_SIGNALING_AND_AGGREGATION,Tumor,0.11005590065208516,scCello_linearProbing
REACTOME_POST_TRANSLATIONAL_PROTEIN_MODIFICATION,Tumor,0.25650352789434927,scCello_linearProbing
REACTOME_REGULATION_OF_INSULIN_LIKE_GROWTH_FACTOR_IGF_TRANSPORT_AND_UPTAKE_BY_INSULIN_LIKE_GROWTH_FACTOR_BINDING_PROTEINS_IGFBPS,Tumor,0.4784731025667701,scCello_linearProbing
REACTOME_RESPONSE_TO_ELEVATED_PLATELET_CYTOSOLIC_CA2,Tumor,0.11005590065208516,scCello_linearProbing
REACTOME_SIGNALING_BY_GPCR,Tumor,0.8492043483623162,scCello_linearProbing
REACTOME_TERMINAL_PATHWAY_OF_COMPLEMENT,Tumor,0.8431462039728237,scCello_linearProbing
REACTOME_TRANSPORT_OF_GAMMA_CARBOXYLATED_PROTEIN_PRECURSORS_FROM_THE_ENDOPLASMIC_RETICULUM_TO_THE_GOLGI_APPARATUS,Tumor,0.10550785515219083,scCello_linearProbing
REACTOME_TRANSPORT_TO_THE_GOLGI_AND_SUBSEQUENT_MODIFICATION,Tumor,0.11005590065208516,scCello_linearProbing
REACTOME_VESICLE_MEDIATED_TRANSPORT,Tumor,0.11005590065208516,scCello_linearProbing
REACTOME_ACTIVATION_OF_C3_AND_C5,unknown,0.8660423777897683,scCello_linearProbing
REACTOME_ADAPTIVE_IMMUNE_SYSTEM,unknown,0.866075341185887,scCello_linearProbing
REACTOME_ALTERNATIVE_COMPLEMENT_ACTIVATION,unknown,0.866075341185887,scCello_linearProbing
REACTOME_ASPARAGINE_N_LINKED_GLYCOSYLATION,unknown,0.12231796849234683,scCello_linearProbing
REACTOME_CARGO_CONCENTRATION_IN_THE_ER,unknown,0.12231796849234683,scCello_linearProbing
REACTOME_CLASS_A_1_RHODOPSIN_LIKE_RECEPTORS,unknown,0.866075341185887,scCello_linearProbing
REACTOME_COMMON_PATHWAY_OF_FIBRIN_CLOT_FORMATION,unknown,0.1208743362620463,scCello_linearProbing
REACTOME_COMPLEMENT_CASCADE,unknown,0.8618743293944507,scCello_linearProbing
REACTOME_COPII_MEDIATED_VESICLE_TRANSPORT,unknown,0.12231796849234683,scCello_linearProbing
REACTOME_ER_TO_GOLGI_ANTEROGRADE_TRANSPORT,unknown,0.12231796849234683,scCello_linearProbing
REACTOME_EXTRINSIC_PATHWAY_OF_FIBRIN_CLOT_FORMATION,unknown,0.1171835687575997,scCello_linearProbing
REACTOME_FORMATION_OF_FIBRIN_CLOT_CLOTTING_CASCADE,unknown,0.11920524192721543,scCello_linearProbing
REACTOME_GAMMA_CARBOXYLATION_HYPUSINYLATION_HYDROXYLATION_AND_ARYLSULFATASE_ACTIVATION,unknown,0.1187393646932451,scCello_linearProbing
REACTOME_GAMMA_CARBOXYLATION_OF_PROTEIN_PRECURSORS,unknown,0.1168527615647727,scCello_linearProbing
REACTOME_GAMMA_CARBOXYLATION_TRANSPORT_AND_AMINO_TERMINAL_CLEAVAGE_OF_PROTEINS,unknown,0.1168527615647727,scCello_linearProbing
REACTOME_GPCR_LIGAND_BINDING,unknown,0.866075341185887,scCello_linearProbing
REACTOME_G_ALPHA_I_SIGNALLING_EVENTS,unknown,0.866075341185887,scCello_linearProbing
REACTOME_HEMOSTASIS,unknown,0.11920524192721543,scCello_linearProbing
REACTOME_IMMUNE_SYSTEM,unknown,0.8618743293944507,scCello_linearProbing
REACTOME_IMMUNOREGULATORY_INTERACTIONS_BETWEEN_A_LYMPHOID_AND_A_NON_LYMPHOID_CELL,unknown,0.866075341185887,scCello_linearProbing
REACTOME_INITIAL_TRIGGERING_OF_COMPLEMENT,unknown,0.8660423777897683,scCello_linearProbing
REACTOME_INNATE_IMMUNE_SYSTEM,unknown,0.8618743293944507,scCello_linearProbing
REACTOME_INTRINSIC_PATHWAY_OF_FIBRIN_CLOT_FORMATION,unknown,0.11861444466800215,scCello_linearProbing
REACTOME_MEMBRANE_TRAFFICKING,unknown,0.12231796849234683,scCello_linearProbing
REACTOME_METABOLISM_OF_PROTEINS,unknown,0.2697568081879317,scCello_linearProbing
REACTOME_NEUTROPHIL_DEGRANULATION,unknown,0.866075341185887,scCello_linearProbing
REACTOME_PEPTIDE_LIGAND_BINDING_RECEPTORS,unknown,0.866075341185887,scCello_linearProbing
REACTOME_PLATELET_ACTIVATION_SIGNALING_AND_AGGREGATION,unknown,0.12231796849234683,scCello_linearProbing
REACTOME_POST_TRANSLATIONAL_PROTEIN_MODIFICATION,unknown,0.2697568081879317,scCello_linearProbing
REACTOME_REGULATION_OF_INSULIN_LIKE_GROWTH_FACTOR_IGF_TRANSPORT_AND_UPTAKE_BY_INSULIN_LIKE_GROWTH_FACTOR_BINDING_PROTEINS_IGFBPS,unknown,0.4951687058955634,scCello_linearProbing
REACTOME_RESPONSE_TO_ELEVATED_PLATELET_CYTOSOLIC_CA2,unknown,0.12231796849234683,scCello_linearProbing
REACTOME_SIGNALING_BY_GPCR,unknown,0.866075341185887,scCello_linearProbing
REACTOME_TERMINAL_PATHWAY_OF_COMPLEMENT,unknown,0.8588248430840926,scCello_linearProbing
REACTOME_TRANSPORT_OF_GAMMA_CARBOXYLATED_PROTEIN_PRECURSORS_FROM_THE_ENDOPLASMIC_RETICULUM_TO_THE_GOLGI_APPARATUS,unknown,0.1168527615647727,scCello_linearProbing
REACTOME_TRANSPORT_TO_THE_GOLGI_AND_SUBSEQUENT_MODIFICATION,unknown,0.12231796849234683,scCello_linearProbing
REACTOME_VESICLE_MEDIATED_TRANSPORT,unknown,0.12231796849234683,scCello_linearProbing
REACTOME_ACTIVATION_OF_C3_AND_C5,Tumor_Keratin_Pearl,0.85266605215044,scCello_linearProbing
REACTOME_ADAPTIVE_IMMUNE_SYSTEM,Tumor_Keratin_Pearl,0.853716706940756,scCello_linearProbing
REACTOME_ALTERNATIVE_COMPLEMENT_ACTIVATION,Tumor_Keratin_Pearl,0.853716706940756,scCello_linearProbing
REACTOME_ASPARAGINE_N_LINKED_GLYCOSYLATION,Tumor_Keratin_Pearl,0.11122143305583967,scCello_linearProbing
REACTOME_CARGO_CONCENTRATION_IN_THE_ER,Tumor_Keratin_Pearl,0.11122143305583967,scCello_linearProbing
REACTOME_CLASS_A_1_RHODOPSIN_LIKE_RECEPTORS,Tumor_Keratin_Pearl,0.853716706940756,scCello_linearProbing
REACTOME_COMMON_PATHWAY_OF_FIBRIN_CLOT_FORMATION,Tumor_Keratin_Pearl,0.10980353421458199,scCello_linearProbing
REACTOME_COMPLEMENT_CASCADE,Tumor_Keratin_Pearl,0.8481535503857799,scCello_linearProbing
REACTOME_COPII_MEDIATED_VESICLE_TRANSPORT,Tumor_Keratin_Pearl,0.11122143305583967,scCello_linearProbing
REACTOME_ER_TO_GOLGI_ANTEROGRADE_TRANSPORT,Tumor_Keratin_Pearl,0.11122143305583967,scCello_linearProbing
REACTOME_EXTRINSIC_PATHWAY_OF_FIBRIN_CLOT_FORMATION,Tumor_Keratin_Pearl,0.11527293443765643,scCello_linearProbing
REACTOME_FORMATION_OF_FIBRIN_CLOT_CLOTTING_CASCADE,Tumor_Keratin_Pearl,0.1127138810971088,scCello_linearProbing
REACTOME_GAMMA_CARBOXYLATION_HYPUSINYLATION_HYDROXYLATION_AND_ARYLSULFATASE_ACTIVATION,Tumor_Keratin_Pearl,0.10973319835212446,scCello_linearProbing
REACTOME_GAMMA_CARBOXYLATION_OF_PROTEIN_PRECURSORS,Tumor_Keratin_Pearl,0.1061870564589438,scCello_linearProbing
REACTOME_GAMMA_CARBOXYLATION_TRANSPORT_AND_AMINO_TERMINAL_CLEAVAGE_OF_PROTEINS,Tumor_Keratin_Pearl,0.1061870564589438,scCello_linearProbing
REACTOME_GPCR_LIGAND_BINDING,Tumor_Keratin_Pearl,0.853716706940756,scCello_linearProbing
REACTOME_G_ALPHA_I_SIGNALLING_EVENTS,Tumor_Keratin_Pearl,0.853716706940756,scCello_linearProbing
REACTOME_HEMOSTASIS,Tumor_Keratin_Pearl,0.1127138810971088,scCello_linearProbing
REACTOME_IMMUNE_SYSTEM,Tumor_Keratin_Pearl,0.8481535503857799,scCello_linearProbing
REACTOME_IMMUNOREGULATORY_INTERACTIONS_BETWEEN_A_LYMPHOID_AND_A_NON_LYMPHOID_CELL,Tumor_Keratin_Pearl,0.853716706940756,scCello_linearProbing
REACTOME_INITIAL_TRIGGERING_OF_COMPLEMENT,Tumor_Keratin_Pearl,0.85266605215044,scCello_linearProbing
REACTOME_INNATE_IMMUNE_SYSTEM,Tumor_Keratin_Pearl,0.8481535503857799,scCello_linearProbing
REACTOME_INTRINSIC_PATHWAY_OF_FIBRIN_CLOT_FORMATION,Tumor_Keratin_Pearl,0.10895532797896004,scCello_linearProbing
REACTOME_MEMBRANE_TRAFFICKING,Tumor_Keratin_Pearl,0.11122143305583967,scCello_linearProbing
REACTOME_METABOLISM_OF_PROTEINS,Tumor_Keratin_Pearl,0.2586749697994263,scCello_linearProbing
REACTOME_NEUTROPHIL_DEGRANULATION,Tumor_Keratin_Pearl,0.853716706940756,scCello_linearProbing
REACTOME_PEPTIDE_LIGAND_BINDING_RECEPTORS,Tumor_Keratin_Pearl,0.853716706940756,scCello_linearProbing
REACTOME_PLATELET_ACTIVATION_SIGNALING_AND_AGGREGATION,Tumor_Keratin_Pearl,0.11122143305583967,scCello_linearProbing
REACTOME_POST_TRANSLATIONAL_PROTEIN_MODIFICATION,Tumor_Keratin_Pearl,0.2586749697994263,scCello_linearProbing
REACTOME_REGULATION_OF_INSULIN_LIKE_GROWTH_FACTOR_IGF_TRANSPORT_AND_UPTAKE_BY_INSULIN_LIKE_GROWTH_FACTOR_BINDING_PROTEINS_IGFBPS,Tumor_Keratin_Pearl,0.4811454458375349,scCello_linearProbing
REACTOME_RESPONSE_TO_ELEVATED_PLATELET_CYTOSOLIC_CA2,Tumor_Keratin_Pearl,0.11122143305583967,scCello_linearProbing
REACTOME_SIGNALING_BY_GPCR,Tumor_Keratin_Pearl,0.853716706940756,scCello_linearProbing
REACTOME_TERMINAL_PATHWAY_OF_COMPLEMENT,Tumor_Keratin_Pearl,0.844883575158541,scCello_linearProbing
REACTOME_TRANSPORT_OF_GAMMA_CARBOXYLATED_PROTEIN_PRECURSORS_FROM_THE_ENDOPLASMIC_RETICULUM_TO_THE_GOLGI_APPARATUS,Tumor_Keratin_Pearl,0.1061870564589438,scCello_linearProbing
REACTOME_TRANSPORT_TO_THE_GOLGI_AND_SUBSEQUENT_MODIFICATION,Tumor_Keratin_Pearl,0.11122143305583967,scCello_linearProbing
REACTOME_VESICLE_MEDIATED_TRANSPORT,Tumor_Keratin_Pearl,0.11122143305583967,scCello_linearProbing
REACTOME_ACTIVATION_OF_C3_AND_C5,High_Endothelial_Venules,0.8629644571434416,scCello_linearProbing
REACTOME_ADAPTIVE_IMMUNE_SYSTEM,High_Endothelial_Venules,0.8666087812318486,scCello_linearProbing
REACTOME_ALTERNATIVE_COMPLEMENT_ACTIVATION,High_Endothelial_Venules,0.8666087812318486,scCello_linearProbing
REACTOME_ASPARAGINE_N_LINKED_GLYCOSYLATION,High_Endothelial_Venules,0.11345720942770626,scCello_linearProbing
REACTOME_CARGO_CONCENTRATION_IN_THE_ER,High_Endothelial_Venules,0.11345720942770626,scCello_linearProbing
REACTOME_CLASS_A_1_RHODOPSIN_LIKE_RECEPTORS,High_Endothelial_Venules,0.8666087812318486,scCello_linearProbing
REACTOME_COMMON_PATHWAY_OF_FIBRIN_CLOT_FORMATION,High_Endothelial_Venules,0.11262244021980443,scCello_linearProbing
REACTOME_COMPLEMENT_CASCADE,High_Endothelial_Venules,0.8588813399946815,scCello_linearProbing
REACTOME_COPII_MEDIATED_VESICLE_TRANSPORT,High_Endothelial_Venules,0.11345720942770626,scCello_linearProbing
REACTOME_ER_TO_GOLGI_ANTEROGRADE_TRANSPORT,High_Endothelial_Venules,0.11345720942770626,scCello_linearProbing
REACTOME_EXTRINSIC_PATHWAY_OF_FIBRIN_CLOT_FORMATION,High_Endothelial_Venules,0.11139727004325302,scCello_linearProbing
REACTOME_FORMATION_OF_FIBRIN_CLOT_CLOTTING_CASCADE,High_Endothelial_Venules,0.11237239517406936,scCello_linearProbing
REACTOME_GAMMA_CARBOXYLATION_HYPUSINYLATION_HYDROXYLATION_AND_ARYLSULFATASE_ACTIVATION,High_Endothelial_Venules,0.11114375785140858,scCello_linearProbing
REACTOME_GAMMA_CARBOXYLATION_OF_PROTEIN_PRECURSORS,High_Endothelial_Venules,0.10992811328976726,scCello_linearProbing
REACTOME_GAMMA_CARBOXYLATION_TRANSPORT_AND_AMINO_TERMINAL_CLEAVAGE_OF_PROTEINS,High_Endothelial_Venules,0.10992811328976726,scCello_linearProbing
REACTOME_GPCR_LIGAND_BINDING,High_Endothelial_Venules,0.8666087812318486,scCello_linearProbing
REACTOME_G_ALPHA_I_SIGNALLING_EVENTS,High_Endothelial_Venules,0.8666087812318486,scCello_linearProbing
REACTOME_HEMOSTASIS,High_Endothelial_Venules,0.11237239517406936,scCello_linearProbing
REACTOME_IMMUNE_SYSTEM,High_Endothelial_Venules,0.8588813399946815,scCello_linearProbing
REACTOME_IMMUNOREGULATORY_INTERACTIONS_BETWEEN_A_LYMPHOID_AND_A_NON_LYMPHOID_CELL,High_Endothelial_Venules,0.8666087812318486,scCello_linearProbing
REACTOME_INITIAL_TRIGGERING_OF_COMPLEMENT,High_Endothelial_Venules,0.8629644571434416,scCello_linearProbing
REACTOME_INNATE_IMMUNE_SYSTEM,High_Endothelial_Venules,0.8588813399946815,scCello_linearProbing
REACTOME_INTRINSIC_PATHWAY_OF_FIBRIN_CLOT_FORMATION,High_Endothelial_Venules,0.11146462024253867,scCello_linearProbing
REACTOME_MEMBRANE_TRAFFICKING,High_Endothelial_Venules,0.11345720942770626,scCello_linearProbing
REACTOME_METABOLISM_OF_PROTEINS,High_Endothelial_Venules,0.26498050446209875,scCello_linearProbing
REACTOME_NEUTROPHIL_DEGRANULATION,High_Endothelial_Venules,0.8666087812318486,scCello_linearProbing
REACTOME_PEPTIDE_LIGAND_BINDING_RECEPTORS,High_Endothelial_Venules,0.8666087812318486,scCello_linearProbing
REACTOME_PLATELET_ACTIVATION_SIGNALING_AND_AGGREGATION,High_Endothelial_Venules,0.11345720942770626,scCello_linearProbing
REACTOME_POST_TRANSLATIONAL_PROTEIN_MODIFICATION,High_Endothelial_Venules,0.26498050446209875,scCello_linearProbing
REACTOME_REGULATION_OF_INSULIN_LIKE_GROWTH_FACTOR_IGF_TRANSPORT_AND_UPTAKE_BY_INSULIN_LIKE_GROWTH_FACTOR_BINDING_PROTEINS_IGFBPS,High_Endothelial_Venules,0.49321909205404985,scCello_linearProbing
REACTOME_RESPONSE_TO_ELEVATED_PLATELET_CYTOSOLIC_CA2,High_Endothelial_Venules,0.11345720942770626,scCello_linearProbing
REACTOME_SIGNALING_BY_GPCR,High_Endothelial_Venules,0.8666087812318486,scCello_linearProbing
REACTOME_TERMINAL_PATHWAY_OF_COMPLEMENT,High_Endothelial_Venules,0.8555835423445669,scCello_linearProbing
REACTOME_TRANSPORT_OF_GAMMA_CARBOXYLATED_PROTEIN_PRECURSORS_FROM_THE_ENDOPLASMIC_RETICULUM_TO_THE_GOLGI_APPARATUS,High_Endothelial_Venules,0.10992811328976726,scCello_linearProbing
REACTOME_TRANSPORT_TO_THE_GOLGI_AND_SUBSEQUENT_MODIFICATION,High_Endothelial_Venules,0.11345720942770626,scCello_linearProbing
REACTOME_VESICLE_MEDIATED_TRANSPORT,High_Endothelial_Venules,0.11345720942770626,scCello_linearProbing
REACTOME_ACTIVATION_OF_C3_AND_C5,Plasma_IgA,0.8647920057221727,scCello_linearProbing
REACTOME_ADAPTIVE_IMMUNE_SYSTEM,Plasma_IgA,0.86597374925183,scCello_linearProbing
REACTOME_ALTERNATIVE_COMPLEMENT_ACTIVATION,Plasma_IgA,0.86597374925183,scCello_linearProbing
REACTOME_ASPARAGINE_N_LINKED_GLYCOSYLATION,Plasma_IgA,0.12063220305025169,scCello_linearProbing
REACTOME_CARGO_CONCENTRATION_IN_THE_ER,Plasma_IgA,0.12063220305025169,scCello_linearProbing
REACTOME_CLASS_A_1_RHODOPSIN_LIKE_RECEPTORS,Plasma_IgA,0.86597374925183,scCello_linearProbing
REACTOME_COMMON_PATHWAY_OF_FIBRIN_CLOT_FORMATION,Plasma_IgA,0.11885142704677985,scCello_linearProbing
REACTOME_COMPLEMENT_CASCADE,Plasma_IgA,0.8603242703212963,scCello_linearProbing
REACTOME_COPII_MEDIATED_VESICLE_TRANSPORT,Plasma_IgA,0.12063220305025169,scCello_linearProbing
REACTOME_ER_TO_GOLGI_ANTEROGRADE_TRANSPORT,Plasma_IgA,0.12063220305025169,scCello_linearProbing
REACTOME_EXTRINSIC_PATHWAY_OF_FIBRIN_CLOT_FORMATION,Plasma_IgA,0.11437787996086406,scCello_linearProbing
REACTOME_FORMATION_OF_FIBRIN_CLOT_CLOTTING_CASCADE,Plasma_IgA,0.1166601024757117,scCello_linearProbing
REACTOME_GAMMA_CARBOXYLATION_HYPUSINYLATION_HYDROXYLATION_AND_ARYLSULFATASE_ACTIVATION,Plasma_IgA,0.11599938277240886,scCello_linearProbing
REACTOME_GAMMA_CARBOXYLATION_OF_PROTEIN_PRECURSORS,Plasma_IgA,0.11443266878403817,scCello_linearProbing
REACTOME_GAMMA_CARBOXYLATION_TRANSPORT_AND_AMINO_TERMINAL_CLEAVAGE_OF_PROTEINS,Plasma_IgA,0.11443266878403817,scCello_linearProbing
REACTOME_GPCR_LIGAND_BINDING,Plasma_IgA,0.86597374925183,scCello_linearProbing
REACTOME_G_ALPHA_I_SIGNALLING_EVENTS,Plasma_IgA,0.86597374925183,scCello_linearProbing
REACTOME_HEMOSTASIS,Plasma_IgA,0.1166601024757117,scCello_linearProbing
REACTOME_IMMUNE_SYSTEM,Plasma_IgA,0.8603242703212963,scCello_linearProbing
REACTOME_IMMUNOREGULATORY_INTERACTIONS_BETWEEN_A_LYMPHOID_AND_A_NON_LYMPHOID_CELL,Plasma_IgA,0.86597374925183,scCello_linearProbing
REACTOME_INITIAL_TRIGGERING_OF_COMPLEMENT,Plasma_IgA,0.8647920057221727,scCello_linearProbing
REACTOME_INNATE_IMMUNE_SYSTEM,Plasma_IgA,0.8603242703212963,scCello_linearProbing
REACTOME_INTRINSIC_PATHWAY_OF_FIBRIN_CLOT_FORMATION,Plasma_IgA,0.11569350316323461,scCello_linearProbing
REACTOME_MEMBRANE_TRAFFICKING,Plasma_IgA,0.12063220305025169,scCello_linearProbing
REACTOME_METABOLISM_OF_PROTEINS,Plasma_IgA,0.2685115109995695,scCello_linearProbing
REACTOME_NEUTROPHIL_DEGRANULATION,Plasma_IgA,0.86597374925183,scCello_linearProbing
REACTOME_PEPTIDE_LIGAND_BINDING_RECEPTORS,Plasma_IgA,0.86597374925183,scCello_linearProbing
REACTOME_PLATELET_ACTIVATION_SIGNALING_AND_AGGREGATION,Plasma_IgA,0.12063220305025169,scCello_linearProbing
REACTOME_POST_TRANSLATIONAL_PROTEIN_MODIFICATION,Plasma_IgA,0.2685115109995695,scCello_linearProbing
REACTOME_REGULATION_OF_INSULIN_LIKE_GROWTH_FACTOR_IGF_TRANSPORT_AND_UPTAKE_BY_INSULIN_LIKE_GROWTH_FACTOR_BINDING_PROTEINS_IGFBPS,Plasma_IgA,0.49563612838157023,scCello_linearProbing
REACTOME_RESPONSE_TO_ELEVATED_PLATELET_CYTOSOLIC_CA2,Plasma_IgA,0.12063220305025169,scCello_linearProbing
REACTOME_SIGNALING_BY_GPCR,Plasma_IgA,0.86597374925183,scCello_linearProbing
REACTOME_TERMINAL_PATHWAY_OF_COMPLEMENT,Plasma_IgA,0.8570057399194855,scCello_linearProbing
REACTOME_TRANSPORT_OF_GAMMA_CARBOXYLATED_PROTEIN_PRECURSORS_FROM_THE_ENDOPLASMIC_RETICULUM_TO_THE_GOLGI_APPARATUS,Plasma_IgA,0.11443266878403817,scCello_linearProbing
REACTOME_TRANSPORT_TO_THE_GOLGI_AND_SUBSEQUENT_MODIFICATION,Plasma_IgA,0.12063220305025169,scCello_linearProbing
REACTOME_VESICLE_MEDIATED_TRANSPORT,Plasma_IgA,0.12063220305025169,scCello_linearProbing
REACTOME_ACTIVATION_OF_C3_AND_C5,T_cell,0.8646751882719349,scCello_linearProbing
REACTOME_ADAPTIVE_IMMUNE_SYSTEM,T_cell,0.8645919324979351,scCello_linearProbing
REACTOME_ALTERNATIVE_COMPLEMENT_ACTIVATION,T_cell,0.8645919324979351,scCello_linearProbing
REACTOME_ASPARAGINE_N_LINKED_GLYCOSYLATION,T_cell,0.12160862510756332,scCello_linearProbing
REACTOME_CARGO_CONCENTRATION_IN_THE_ER,T_cell,0.12160862510756332,scCello_linearProbing
REACTOME_CLASS_A_1_RHODOPSIN_LIKE_RECEPTORS,T_cell,0.8645919324979351,scCello_linearProbing
REACTOME_COMMON_PATHWAY_OF_FIBRIN_CLOT_FORMATION,T_cell,0.12041973559447455,scCello_linearProbing
REACTOME_COMPLEMENT_CASCADE,T_cell,0.8612597184390457,scCello_linearProbing
REACTOME_COPII_MEDIATED_VESICLE_TRANSPORT,T_cell,0.12160862510756332,scCello_linearProbing
REACTOME_ER_TO_GOLGI_ANTEROGRADE_TRANSPORT,T_cell,0.12160862510756332,scCello_linearProbing
REACTOME_EXTRINSIC_PATHWAY_OF_FIBRIN_CLOT_FORMATION,T_cell,0.11623673505578987,scCello_linearProbing
REACTOME_FORMATION_OF_FIBRIN_CLOT_CLOTTING_CASCADE,T_cell,0.1183957716803308,scCello_linearProbing
REACTOME_GAMMA_CARBOXYLATION_HYPUSINYLATION_HYDROXYLATION_AND_ARYLSULFATASE_ACTIVATION,T_cell,0.11767544576001467,scCello_linearProbing
REACTOME_GAMMA_CARBOXYLATION_OF_PROTEIN_PRECURSORS,T_cell,0.1162656556289563,scCello_linearProbing
REACTOME_GAMMA_CARBOXYLATION_TRANSPORT_AND_AMINO_TERMINAL_CLEAVAGE_OF_PROTEINS,T_cell,0.1162656556289563,scCello_linearProbing
REACTOME_GPCR_LIGAND_BINDING,T_cell,0.8645919324979351,scCello_linearProbing
REACTOME_G_ALPHA_I_SIGNALLING_EVENTS,T_cell,0.8645919324979351,scCello_linearProbing
REACTOME_HEMOSTASIS,T_cell,0.1183957716803308,scCello_linearProbing
REACTOME_IMMUNE_SYSTEM,T_cell,0.8612597184390457,scCello_linearProbing
REACTOME_IMMUNOREGULATORY_INTERACTIONS_BETWEEN_A_LYMPHOID_AND_A_NON_LYMPHOID_CELL,T_cell,0.8645919324979351,scCello_linearProbing
REACTOME_INITIAL_TRIGGERING_OF_COMPLEMENT,T_cell,0.8646751882719349,scCello_linearProbing
REACTOME_INNATE_IMMUNE_SYSTEM,T_cell,0.8612597184390457,scCello_linearProbing
REACTOME_INTRINSIC_PATHWAY_OF_FIBRIN_CLOT_FORMATION,T_cell,0.1176517309458952,scCello_linearProbing
REACTOME_MEMBRANE_TRAFFICKING,T_cell,0.12160862510756332,scCello_linearProbing
REACTOME_METABOLISM_OF_PROTEINS,T_cell,0.26895544416990463,scCello_linearProbing
REACTOME_NEUTROPHIL_DEGRANULATION,T_cell,0.8645919324979351,scCello_linearProbing
REACTOME_PEPTIDE_LIGAND_BINDING_RECEPTORS,T_cell,0.8645919324979351,scCello_linearProbing
REACTOME_PLATELET_ACTIVATION_SIGNALING_AND_AGGREGATION,T_cell,0.12160862510756332,scCello_linearProbing
REACTOME_POST_TRANSLATIONAL_PROTEIN_MODIFICATION,T_cell,0.26895544416990463,scCello_linearProbing
REACTOME_REGULATION_OF_INSULIN_LIKE_GROWTH_FACTOR_IGF_TRANSPORT_AND_UPTAKE_BY_INSULIN_LIKE_GROWTH_FACTOR_BINDING_PROTEINS_IGFBPS,T_cell,0.49466998011288743,scCello_linearProbing
REACTOME_RESPONSE_TO_ELEVATED_PLATELET_CYTOSOLIC_CA2,T_cell,0.12160862510756332,scCello_linearProbing
REACTOME_SIGNALING_BY_GPCR,T_cell,0.8645919324979351,scCello_linearProbing
REACTOME_TERMINAL_PATHWAY_OF_COMPLEMENT,T_cell,0.8586726425508031,scCello_linearProbing
REACTOME_TRANSPORT_OF_GAMMA_CARBOXYLATED_PROTEIN_PRECURSORS_FROM_THE_ENDOPLASMIC_RETICULUM_TO_THE_GOLGI_APPARATUS,T_cell,0.1162656556289563,scCello_linearProbing
REACTOME_TRANSPORT_TO_THE_GOLGI_AND_SUBSEQUENT_MODIFICATION,T_cell,0.12160862510756332,scCello_linearProbing
REACTOME_VESICLE_MEDIATED_TRANSPORT,T_cell,0.12160862510756332,scCello_linearProbing
REACTOME_ACTIVATION_OF_C3_AND_C5,Cortex_CCL21,0.8663424060982502,scCello_linearProbing
REACTOME_ADAPTIVE_IMMUNE_SYSTEM,Cortex_CCL21,0.8647973732019563,scCello_linearProbing
REACTOME_ALTERNATIVE_COMPLEMENT_ACTIVATION,Cortex_CCL21,0.8647973732019563,scCello_linearProbing
REACTOME_ASPARAGINE_N_LINKED_GLYCOSYLATION,Cortex_CCL21,0.11943166991771532,scCello_linearProbing
REACTOME_CARGO_CONCENTRATION_IN_THE_ER,Cortex_CCL21,0.11943166991771532,scCello_linearProbing
REACTOME_CLASS_A_1_RHODOPSIN_LIKE_RECEPTORS,Cortex_CCL21,0.8647973732019563,scCello_linearProbing
REACTOME_COMMON_PATHWAY_OF_FIBRIN_CLOT_FORMATION,Cortex_CCL21,0.11968341765362733,scCello_linearProbing
REACTOME_COMPLEMENT_CASCADE,Cortex_CCL21,0.869109257865366,scCello_linearProbing
REACTOME_COPII_MEDIATED_VESICLE_TRANSPORT,Cortex_CCL21,0.11943166991771532,scCello_linearProbing
REACTOME_ER_TO_GOLGI_ANTEROGRADE_TRANSPORT,Cortex_CCL21,0.11943166991771532,scCello_linearProbing
REACTOME_EXTRINSIC_PATHWAY_OF_FIBRIN_CLOT_FORMATION,Cortex_CCL21,0.119659834714188,scCello_linearProbing
REACTOME_FORMATION_OF_FIBRIN_CLOT_CLOTTING_CASCADE,Cortex_CCL21,0.11964865488340999,scCello_linearProbing
REACTOME_GAMMA_CARBOXYLATION_HYPUSINYLATION_HYDROXYLATION_AND_ARYLSULFATASE_ACTIVATION,Cortex_CCL21,0.11961266883530951,scCello_linearProbing
REACTOME_GAMMA_CARBOXYLATION_OF_PROTEIN_PRECURSORS,Cortex_CCL21,0.11971465541263333,scCello_linearProbing
REACTOME_GAMMA_CARBOXYLATION_TRANSPORT_AND_AMINO_TERMINAL_CLEAVAGE_OF_PROTEINS,Cortex_CCL21,0.11971465541263333,scCello_linearProbing
REACTOME_GPCR_LIGAND_BINDING,Cortex_CCL21,0.8647973732019563,scCello_linearProbing
REACTOME_G_ALPHA_I_SIGNALLING_EVENTS,Cortex_CCL21,0.8647973732019563,scCello_linearProbing
REACTOME_HEMOSTASIS,Cortex_CCL21,0.11964865488340999,scCello_linearProbing
REACTOME_IMMUNE_SYSTEM,Cortex_CCL21,0.869109257865366,scCello_linearProbing
REACTOME_IMMUNOREGULATORY_INTERACTIONS_BETWEEN_A_LYMPHOID_AND_A_NON_LYMPHOID_CELL,Cortex_CCL21,0.8647973732019563,scCello_linearProbing
REACTOME_INITIAL_TRIGGERING_OF_COMPLEMENT,Cortex_CCL21,0.8663424060982502,scCello_linearProbing
REACTOME_INNATE_IMMUNE_SYSTEM,Cortex_CCL21,0.869109257865366,scCello_linearProbing
REACTOME_INTRINSIC_PATHWAY_OF_FIBRIN_CLOT_FORMATION,Cortex_CCL21,0.11970524118305732,scCello_linearProbing
REACTOME_MEMBRANE_TRAFFICKING,Cortex_CCL21,0.11943166991771532,scCello_linearProbing
REACTOME_METABOLISM_OF_PROTEINS,Cortex_CCL21,0.2686518292762617,scCello_linearProbing
REACTOME_NEUTROPHIL_DEGRANULATION,Cortex_CCL21,0.8647973732019563,scCello_linearProbing
REACTOME_PEPTIDE_LIGAND_BINDING_RECEPTORS,Cortex_CCL21,0.8647973732019563,scCello_linearProbing
REACTOME_PLATELET_ACTIVATION_SIGNALING_AND_AGGREGATION,Cortex_CCL21,0.11943166991771532,scCello_linearProbing
REACTOME_POST_TRANSLATIONAL_PROTEIN_MODIFICATION,Cortex_CCL21,0.2686518292762617,scCello_linearProbing
REACTOME_REGULATION_OF_INSULIN_LIKE_GROWTH_FACTOR_IGF_TRANSPORT_AND_UPTAKE_BY_INSULIN_LIKE_GROWTH_FACTOR_BINDING_PROTEINS_IGFBPS,Cortex_CCL21,0.4921471488493951,scCello_linearProbing
REACTOME_RESPONSE_TO_ELEVATED_PLATELET_CYTOSOLIC_CA2,Cortex_CCL21,0.11943166991771532,scCello_linearProbing
REACTOME_SIGNALING_BY_GPCR,Cortex_CCL21,0.8647973732019563,scCello_linearProbing
REACTOME_TERMINAL_PATHWAY_OF_COMPLEMENT,Cortex_CCL21,0.8706119012230381,scCello_linearProbing
REACTOME_TRANSPORT_OF_GAMMA_CARBOXYLATED_PROTEIN_PRECURSORS_FROM_THE_ENDOPLASMIC_RETICULUM_TO_THE_GOLGI_APPARATUS,Cortex_CCL21,0.11971465541263333,scCello_linearProbing
REACTOME_TRANSPORT_TO_THE_GOLGI_AND_SUBSEQUENT_MODIFICATION,Cortex_CCL21,0.11943166991771532,scCello_linearProbing
REACTOME_VESICLE_MEDIATED_TRANSPORT,Cortex_CCL21,0.11943166991771532,scCello_linearProbing
REACTOME_ACTIVATION_OF_C3_AND_C5,Macrophages,0.857835154657276,scCello_linearProbing
REACTOME_ADAPTIVE_IMMUNE_SYSTEM,Macrophages,0.85628452037492,scCello_linearProbing
REACTOME_ALTERNATIVE_COMPLEMENT_ACTIVATION,Macrophages,0.85628452037492,scCello_linearProbing
REACTOME_ASPARAGINE_N_LINKED_GLYCOSYLATION,Macrophages,0.112239121921881,scCello_linearProbing
REACTOME_CARGO_CONCENTRATION_IN_THE_ER,Macrophages,0.112239121921881,scCello_linearProbing
REACTOME_CLASS_A_1_RHODOPSIN_LIKE_RECEPTORS,Macrophages,0.85628452037492,scCello_linearProbing
REACTOME_COMMON_PATHWAY_OF_FIBRIN_CLOT_FORMATION,Macrophages,0.11249062112469,scCello_linearProbing
REACTOME_COMPLEMENT_CASCADE,Macrophages,0.854464230033632,scCello_linearProbing
REACTOME_COPII_MEDIATED_VESICLE_TRANSPORT,Macrophages,0.112239121921881,scCello_linearProbing
REACTOME_ER_TO_GOLGI_ANTEROGRADE_TRANSPORT,Macrophages,0.112239121921881,scCello_linearProbing
REACTOME_EXTRINSIC_PATHWAY_OF_FIBRIN_CLOT_FORMATION,Macrophages,0.112467038185251,scCello_linearProbing
REACTOME_FORMATION_OF_FIBRIN_CLOT_CLOTTING_CASCADE,Macrophages,0.112455112652099,scCello_linearProbing
REACTOME_GAMMA_CARBOXYLATION_HYPUSINYLATION_HYDROXYLATION_AND_ARYLSULFATASE_ACTIVATION,Macrophages,0.112419872306373,scCello_linearProbing
REACTOME_GAMMA_CARBOXYLATION_OF_PROTEIN_PRECURSORS,Macrophages,0.112522107416799,scCello_linearProbing
REACTOME_GAMMA_CARBOXYLATION_TRANSPORT_AND_AMINO_TERMINAL_CLEAVAGE_OF_PROTEINS,Macrophages,0.112522107416799,scCello_linearProbing
REACTOME_GPCR_LIGAND_BINDING,Macrophages,0.85628452037492,scCello_linearProbing
REACTOME_G_ALPHA_I_SIGNALLING_EVENTS,Macrophages,0.85628452037492,scCello_linearProbing
REACTOME_HEMOSTASIS,Macrophages,0.112455112652099,scCello_linearProbing
REACTOME_IMMUNE_SYSTEM,Macrophages,0.854464230033632,scCello_linearProbing
REACTOME_IMMUNOREGULATORY_INTERACTIONS_BETWEEN_A_LYMPHOID_AND_A_NON_LYMPHOID_CELL,Macrophages,0.85628452037492,scCello_linearProbing
REACTOME_INITIAL_TRIGGERING_OF_COMPLEMENT,Macrophages,0.857835154657276,scCello_linearProbing
REACTOME_INNATE_IMMUNE_SYSTEM,Macrophages,0.854464230033632,scCello_linearProbing
REACTOME_INTRINSIC_PATHWAY_OF_FIBRIN_CLOT_FORMATION,Macrophages,0.112512196103841,scCello_linearProbing
REACTOME_MEMBRANE_TRAFFICKING,Macrophages,0.112239121921881,scCello_linearProbing
REACTOME_METABOLISM_OF_PROTEINS,Macrophages,0.261194388453054,scCello_linearProbing
REACTOME_NEUTROPHIL_DEGRANULATION,Macrophages,0.85628452037492,scCello_linearProbing
REACTOME_PEPTIDE_LIGAND_BINDING_RECEPTORS,Macrophages,0.85628452037492,scCello_linearProbing
REACTOME_PLATELET_ACTIVATION_SIGNALING_AND_AGGREGATION,Macrophages,0.112239121921881,scCello_linearProbing
REACTOME_POST_TRANSLATIONAL_PROTEIN_MODIFICATION,Macrophages,0.261194388453054,scCello_linearProbing
REACTOME_REGULATION_OF_INSULIN_LIKE_GROWTH_FACTOR_IGF_TRANSPORT_AND_UPTAKE_BY_INSULIN_LIKE_GROWTH_FACTOR_BINDING_PROTEINS_IGFBPS,Macrophages,0.484294301365418,scCello_linearProbing
REACTOME_RESPONSE_TO_ELEVATED_PLATELET_CYTOSOLIC_CA2,Macrophages,0.112239121921881,scCello_linearProbing
REACTOME_SIGNALING_BY_GPCR,Macrophages,0.85628452037492,scCello_linearProbing
REACTOME_TERMINAL_PATHWAY_OF_COMPLEMENT,Macrophages,0.852098767814947,scCello_linearProbing
REACTOME_TRANSPORT_OF_GAMMA_CARBOXYLATED_PROTEIN_PRECURSORS_FROM_THE_ENDOPLASMIC_RETICULUM_TO_THE_GOLGI_APPARATUS,Macrophages,0.112522107416799,scCello_linearProbing
REACTOME_TRANSPORT_TO_THE_GOLGI_AND_SUBSEQUENT_MODIFICATION,Macrophages,0.112239121921881,scCello_linearProbing
REACTOME_VESICLE_MEDIATED_TRANSPORT,Macrophages,0.112239121921881,scCello_linearProbing
REACTOME_ACTIVATION_OF_C3_AND_C5,M1_macrophages,0.8686155923323379,DestVI
REACTOME_ADAPTIVE_IMMUNE_SYSTEM,M1_macrophages,0.8735280065632597,DestVI
REACTOME_ALTERNATIVE_COMPLEMENT_ACTIVATION,M1_macrophages,0.8735280065632597,DestVI
REACTOME_ASPARAGINE_N_LINKED_GLYCOSYLATION,M1_macrophages,0.11817349881385528,DestVI
REACTOME_CARGO_CONCENTRATION_IN_THE_ER,M1_macrophages,0.11817349881385528,DestVI
REACTOME_CLASS_A_1_RHODOPSIN_LIKE_RECEPTORS,M1_macrophages,0.8735280065632597,DestVI
REACTOME_COMMON_PATHWAY_OF_FIBRIN_CLOT_FORMATION,M1_macrophages,0.11695589548333156,DestVI
REACTOME_COMPLEMENT_CASCADE,M1_macrophages,0.8617480398901001,DestVI
REACTOME_COPII_MEDIATED_VESICLE_TRANSPORT,M1_macrophages,0.11817349881385528,DestVI
REACTOME_ER_TO_GOLGI_ANTEROGRADE_TRANSPORT,M1_macrophages,0.11817349881385528,DestVI
REACTOME_EXTRINSIC_PATHWAY_OF_FIBRIN_CLOT_FORMATION,M1_macrophages,0.11491188714864636,DestVI
REACTOME_FORMATION_OF_FIBRIN_CLOT_CLOTTING_CASCADE,M1_macrophages,0.11632784028835542,DestVI
REACTOME_GAMMA_CARBOXYLATION_HYPUSINYLATION_HYDROXYLATION_AND_ARYLSULFATASE_ACTIVATION,M1_macrophages,0.11511262763108057,DestVI
REACTOME_GAMMA_CARBOXYLATION_OF_PROTEIN_PRECURSORS,M1_macrophages,0.11343090147329817,DestVI
REACTOME_GAMMA_CARBOXYLATION_TRANSPORT_AND_AMINO_TERMINAL_CLEAVAGE_OF_PROTEINS,M1_macrophages,0.11343090147329817,DestVI
REACTOME_GPCR_LIGAND_BINDING,M1_macrophages,0.8735280065632597,DestVI
REACTOME_G_ALPHA_I_SIGNALLING_EVENTS,M1_macrophages,0.8735280065632597,DestVI
REACTOME_HEMOSTASIS,M1_macrophages,0.11632784028835542,DestVI
REACTOME_IMMUNE_SYSTEM,M1_macrophages,0.8617480398901001,DestVI
REACTOME_IMMUNOREGULATORY_INTERACTIONS_BETWEEN_A_LYMPHOID_AND_A_NON_LYMPHOID_CELL,M1_macrophages,0.8735280065632597,DestVI
REACTOME_INITIAL_TRIGGERING_OF_COMPLEMENT,M1_macrophages,0.8686155923323379,DestVI
REACTOME_INNATE_IMMUNE_SYSTEM,M1_macrophages,0.8617480398901001,DestVI
REACTOME_INTRINSIC_PATHWAY_OF_FIBRIN_CLOT_FORMATION,M1_macrophages,0.11534751774543602,DestVI
REACTOME_MEMBRANE_TRAFFICKING,M1_macrophages,0.11817349881385528,DestVI
REACTOME_METABOLISM_OF_PROTEINS,M1_macrophages,0.2701295773678675,DestVI
REACTOME_NEUTROPHIL_DEGRANULATION,M1_macrophages,0.8735280065632597,DestVI
REACTOME_PEPTIDE_LIGAND_BINDING_RECEPTORS,M1_macrophages,0.8735280065632597,DestVI
REACTOME_PLATELET_ACTIVATION_SIGNALING_AND_AGGREGATION,M1_macrophages,0.11817349881385528,DestVI
REACTOME_POST_TRANSLATIONAL_PROTEIN_MODIFICATION,M1_macrophages,0.2701295773678675,DestVI
REACTOME_REGULATION_OF_INSULIN_LIKE_GROWTH_FACTOR_IGF_TRANSPORT_AND_UPTAKE_BY_INSULIN_LIKE_GROWTH_FACTOR_BINDING_PROTEINS_IGFBPS,M1_macrophages,0.49961091082701703,DestVI
REACTOME_RESPONSE_TO_ELEVATED_PLATELET_CYTOSOLIC_CA2,M1_macrophages,0.11817349881385528,DestVI
REACTOME_SIGNALING_BY_GPCR,M1_macrophages,0.8735280065632597,DestVI
REACTOME_TERMINAL_PATHWAY_OF_COMPLEMENT,M1_macrophages,0.8566083067880051,DestVI
REACTOME_TRANSPORT_OF_GAMMA_CARBOXYLATED_PROTEIN_PRECURSORS_FROM_THE_ENDOPLASMIC_RETICULUM_TO_THE_GOLGI_APPARATUS,M1_macrophages,0.11343090147329817,DestVI
REACTOME_TRANSPORT_TO_THE_GOLGI_AND_SUBSEQUENT_MODIFICATION,M1_macrophages,0.11817349881385528,DestVI
REACTOME_VESICLE_MEDIATED_TRANSPORT,M1_macrophages,0.11817349881385528,DestVI
REACTOME_ACTIVATION_OF_C3_AND_C5,Plasma_IgG,0.8681957670152907,DestVI
REACTOME_ADAPTIVE_IMMUNE_SYSTEM,Plasma_IgG,0.8714884272770724,DestVI
REACTOME_ALTERNATIVE_COMPLEMENT_ACTIVATION,Plasma_IgG,0.8714884272770724,DestVI
REACTOME_ASPARAGINE_N_LINKED_GLYCOSYLATION,Plasma_IgG,0.1190961843097755,DestVI
REACTOME_CARGO_CONCENTRATION_IN_THE_ER,Plasma_IgG,0.1190961843097755,DestVI
REACTOME_CLASS_A_1_RHODOPSIN_LIKE_RECEPTORS,Plasma_IgG,0.8714884272770724,DestVI
REACTOME_COMMON_PATHWAY_OF_FIBRIN_CLOT_FORMATION,Plasma_IgG,0.11805690294511036,DestVI
REACTOME_COMPLEMENT_CASCADE,Plasma_IgG,0.8613452543340959,DestVI
REACTOME_COPII_MEDIATED_VESICLE_TRANSPORT,Plasma_IgG,0.1190961843097755,DestVI
REACTOME_ER_TO_GOLGI_ANTEROGRADE_TRANSPORT,Plasma_IgG,0.1190961843097755,DestVI
REACTOME_EXTRINSIC_PATHWAY_OF_FIBRIN_CLOT_FORMATION,Plasma_IgG,0.1162030858299736,DestVI
REACTOME_FORMATION_OF_FIBRIN_CLOT_CLOTTING_CASCADE,Plasma_IgG,0.11770849072340768,DestVI
REACTOME_GAMMA_CARBOXYLATION_HYPUSINYLATION_HYDROXYLATION_AND_ARYLSULFATASE_ACTIVATION,Plasma_IgG,0.11627343538857322,DestVI
REACTOME_GAMMA_CARBOXYLATION_OF_PROTEIN_PRECURSORS,Plasma_IgG,0.11405616900162635,DestVI
REACTOME_GAMMA_CARBOXYLATION_TRANSPORT_AND_AMINO_TERMINAL_CLEAVAGE_OF_PROTEINS,Plasma_IgG,0.11405616900162635,DestVI
REACTOME_GPCR_LIGAND_BINDING,Plasma_IgG,0.8714884272770724,DestVI
REACTOME_G_ALPHA_I_SIGNALLING_EVENTS,Plasma_IgG,0.8714884272770724,DestVI
REACTOME_HEMOSTASIS,Plasma_IgG,0.11770849072340768,DestVI
REACTOME_IMMUNE_SYSTEM,Plasma_IgG,0.8613452543340959,DestVI
REACTOME_IMMUNOREGULATORY_INTERACTIONS_BETWEEN_A_LYMPHOID_AND_A_NON_LYMPHOID_CELL,Plasma_IgG,0.8714884272770724,DestVI
REACTOME_INITIAL_TRIGGERING_OF_COMPLEMENT,Plasma_IgG,0.8681957670152907,DestVI
REACTOME_INNATE_IMMUNE_SYSTEM,Plasma_IgG,0.8613452543340959,DestVI
REACTOME_INTRINSIC_PATHWAY_OF_FIBRIN_CLOT_FORMATION,Plasma_IgG,0.11679639729901765,DestVI
REACTOME_MEMBRANE_TRAFFICKING,Plasma_IgG,0.1190961843097755,DestVI
REACTOME_METABOLISM_OF_PROTEINS,Plasma_IgG,0.2700666597972373,DestVI
REACTOME_NEUTROPHIL_DEGRANULATION,Plasma_IgG,0.8714884272770724,DestVI
REACTOME_PEPTIDE_LIGAND_BINDING_RECEPTORS,Plasma_IgG,0.8714884272770724,DestVI
REACTOME_PLATELET_ACTIVATION_SIGNALING_AND_AGGREGATION,Plasma_IgG,0.1190961843097755,DestVI
REACTOME_POST_TRANSLATIONAL_PROTEIN_MODIFICATION,Plasma_IgG,0.2700666597972373,DestVI
REACTOME_REGULATION_OF_INSULIN_LIKE_GROWTH_FACTOR_IGF_TRANSPORT_AND_UPTAKE_BY_INSULIN_LIKE_GROWTH_FACTOR_BINDING_PROTEINS_IGFBPS,Plasma_IgG,0.4980443072944397,DestVI
REACTOME_RESPONSE_TO_ELEVATED_PLATELET_CYTOSOLIC_CA2,Plasma_IgG,0.1190961843097755,DestVI
REACTOME_SIGNALING_BY_GPCR,Plasma_IgG,0.8714884272770724,DestVI
REACTOME_TERMINAL_PATHWAY_OF_COMPLEMENT,Plasma_IgG,0.8562276236825708,DestVI
REACTOME_TRANSPORT_OF_GAMMA_CARBOXYLATED_PROTEIN_PRECURSORS_FROM_THE_ENDOPLASMIC_RETICULUM_TO_THE_GOLGI_APPARATUS,Plasma_IgG,0.11405616900162635,DestVI
REACTOME_TRANSPORT_TO_THE_GOLGI_AND_SUBSEQUENT_MODIFICATION,Plasma_IgG,0.1190961843097755,DestVI
REACTOME_VESICLE_MEDIATED_TRANSPORT,Plasma_IgG,0.1190961843097755,DestVI
REACTOME_ACTIVATION_OF_C3_AND_C5,unknown,0.865129115616308,DestVI
REACTOME_ADAPTIVE_IMMUNE_SYSTEM,unknown,0.8656738746563744,DestVI
REACTOME_ALTERNATIVE_COMPLEMENT_ACTIVATION,unknown,0.8656738746563744,DestVI
REACTOME_ASPARAGINE_N_LINKED_GLYCOSYLATION,unknown,0.12061671445380545,DestVI
REACTOME_CARGO_CONCENTRATION_IN_THE_ER,unknown,0.12061671445380545,DestVI
REACTOME_CLASS_A_1_RHODOPSIN_LIKE_RECEPTORS,unknown,0.8656738746563744,DestVI
REACTOME_COMMON_PATHWAY_OF_FIBRIN_CLOT_FORMATION,unknown,0.11932504786538967,DestVI
REACTOME_COMPLEMENT_CASCADE,unknown,0.8610569446177295,DestVI
REACTOME_COPII_MEDIATED_VESICLE_TRANSPORT,unknown,0.12061671445380545,DestVI
REACTOME_ER_TO_GOLGI_ANTEROGRADE_TRANSPORT,unknown,0.12061671445380545,DestVI
REACTOME_EXTRINSIC_PATHWAY_OF_FIBRIN_CLOT_FORMATION,unknown,0.1158918598901534,DestVI
REACTOME_FORMATION_OF_FIBRIN_CLOT_CLOTTING_CASCADE,unknown,0.11786126476876392,DestVI
REACTOME_GAMMA_CARBOXYLATION_HYPUSINYLATION_HYDROXYLATION_AND_ARYLSULFATASE_ACTIVATION,unknown,0.11689639101420063,DestVI
REACTOME_GAMMA_CARBOXYLATION_OF_PROTEIN_PRECURSORS,unknown,0.11544513429516232,DestVI
REACTOME_GAMMA_CARBOXYLATION_TRANSPORT_AND_AMINO_TERMINAL_CLEAVAGE_OF_PROTEINS,unknown,0.11544513429516232,DestVI
REACTOME_GPCR_LIGAND_BINDING,unknown,0.8656738746563744,DestVI
REACTOME_G_ALPHA_I_SIGNALLING_EVENTS,unknown,0.8656738746563744,DestVI
REACTOME_HEMOSTASIS,unknown,0.11786126476876392,DestVI
REACTOME_IMMUNE_SYSTEM,unknown,0.8610569446177295,DestVI
REACTOME_IMMUNOREGULATORY_INTERACTIONS_BETWEEN_A_LYMPHOID_AND_A_NON_LYMPHOID_CELL,unknown,0.8656738746563744,DestVI
REACTOME_INITIAL_TRIGGERING_OF_COMPLEMENT,unknown,0.865129115616308,DestVI
REACTOME_INNATE_IMMUNE_SYSTEM,unknown,0.8610569446177295,DestVI
REACTOME_INTRINSIC_PATHWAY_OF_FIBRIN_CLOT_FORMATION,unknown,0.11702827970806702,DestVI
REACTOME_MEMBRANE_TRAFFICKING,unknown,0.12061671445380545,DestVI
REACTOME_METABOLISM_OF_PROTEINS,unknown,0.2686801378214519,DestVI
REACTOME_NEUTROPHIL_DEGRANULATION,unknown,0.8656738746563744,DestVI
REACTOME_PEPTIDE_LIGAND_BINDING_RECEPTORS,unknown,0.8656738746563744,DestVI
REACTOME_PLATELET_ACTIVATION_SIGNALING_AND_AGGREGATION,unknown,0.12061671445380545,DestVI
REACTOME_POST_TRANSLATIONAL_PROTEIN_MODIFICATION,unknown,0.2686801378214519,DestVI
REACTOME_REGULATION_OF_INSULIN_LIKE_GROWTH_FACTOR_IGF_TRANSPORT_AND_UPTAKE_BY_INSULIN_LIKE_GROWTH_FACTOR_BINDING_PROTEINS_IGFBPS,unknown,0.49494869662373575,DestVI
REACTOME_RESPONSE_TO_ELEVATED_PLATELET_CYTOSOLIC_CA2,unknown,0.12061671445380545,DestVI
REACTOME_SIGNALING_BY_GPCR,unknown,0.8656738746563744,DestVI
REACTOME_TERMINAL_PATHWAY_OF_COMPLEMENT,unknown,0.8580117987658401,DestVI
REACTOME_TRANSPORT_OF_GAMMA_CARBOXYLATED_PROTEIN_PRECURSORS_FROM_THE_ENDOPLASMIC_RETICULUM_TO_THE_GOLGI_APPARATUS,unknown,0.11544513429516232,DestVI
REACTOME_TRANSPORT_TO_THE_GOLGI_AND_SUBSEQUENT_MODIFICATION,unknown,0.12061671445380545,DestVI
REACTOME_VESICLE_MEDIATED_TRANSPORT,unknown,0.12061671445380545,DestVI
REACTOME_ACTIVATION_OF_C3_AND_C5,Tumor,0.8509279192009623,DestVI
REACTOME_ADAPTIVE_IMMUNE_SYSTEM,Tumor,0.849510018238109,DestVI
REACTOME_ALTERNATIVE_COMPLEMENT_ACTIVATION,Tumor,0.849510018238109,DestVI
REACTOME_ASPARAGINE_N_LINKED_GLYCOSYLATION,Tumor,0.11025233321571168,DestVI
REACTOME_CARGO_CONCENTRATION_IN_THE_ER,Tumor,0.11025233321571168,DestVI
REACTOME_CLASS_A_1_RHODOPSIN_LIKE_RECEPTORS,Tumor,0.849510018238109,DestVI
REACTOME_COMMON_PATHWAY_OF_FIBRIN_CLOT_FORMATION,Tumor,0.1090153207856752,DestVI
REACTOME_COMPLEMENT_CASCADE,Tumor,0.8466466246918616,DestVI
REACTOME_COPII_MEDIATED_VESICLE_TRANSPORT,Tumor,0.11025233321571168,DestVI
REACTOME_ER_TO_GOLGI_ANTEROGRADE_TRANSPORT,Tumor,0.11025233321571168,DestVI
REACTOME_EXTRINSIC_PATHWAY_OF_FIBRIN_CLOT_FORMATION,Tumor,0.11202044979668535,DestVI
REACTOME_FORMATION_OF_FIBRIN_CLOT_CLOTTING_CASCADE,Tumor,0.11433074704521565,DestVI
REACTOME_GAMMA_CARBOXYLATION_HYPUSINYLATION_HYDROXYLATION_AND_ARYLSULFATASE_ACTIVATION,Tumor,0.10828409812905983,DestVI
REACTOME_GAMMA_CARBOXYLATION_OF_PROTEIN_PRECURSORS,Tumor,0.10556466227651289,DestVI
REACTOME_GAMMA_CARBOXYLATION_TRANSPORT_AND_AMINO_TERMINAL_CLEAVAGE_OF_PROTEINS,Tumor,0.10556466227651289,DestVI
REACTOME_GPCR_LIGAND_BINDING,Tumor,0.849510018238109,DestVI
REACTOME_G_ALPHA_I_SIGNALLING_EVENTS,Tumor,0.849510018238109,DestVI
REACTOME_HEMOSTASIS,Tumor,0.11433074704521565,DestVI
REACTOME_IMMUNE_SYSTEM,Tumor,0.8466466246918616,DestVI
REACTOME_IMMUNOREGULATORY_INTERACTIONS_BETWEEN_A_LYMPHOID_AND_A_NON_LYMPHOID_CELL,Tumor,0.849510018238109,DestVI
REACTOME_INITIAL_TRIGGERING_OF_COMPLEMENT,Tumor,0.8509279192009623,DestVI
REACTOME_INNATE_IMMUNE_SYSTEM,Tumor,0.8466466246918616,DestVI
REACTOME_INTRINSIC_PATHWAY_OF_FIBRIN_CLOT_FORMATION,Tumor,0.1131938942250371,DestVI
REACTOME_MEMBRANE_TRAFFICKING,Tumor,0.11025233321571168,DestVI
REACTOME_METABOLISM_OF_PROTEINS,Tumor,0.2566717702745773,DestVI
REACTOME_NEUTROPHIL_DEGRANULATION,Tumor,0.849510018238109,DestVI
REACTOME_PEPTIDE_LIGAND_BINDING_RECEPTORS,Tumor,0.849510018238109,DestVI
REACTOME_PLATELET_ACTIVATION_SIGNALING_AND_AGGREGATION,Tumor,0.11025233321571168,DestVI
REACTOME_POST_TRANSLATIONAL_PROTEIN_MODIFICATION,Tumor,0.2566717702745773,DestVI
REACTOME_REGULATION_OF_INSULIN_LIKE_GROWTH_FACTOR_IGF_TRANSPORT_AND_UPTAKE_BY_INSULIN_LIKE_GROWTH_FACTOR_BINDING_PROTEINS_IGFBPS,Tumor,0.4787601964879948,DestVI
REACTOME_RESPONSE_TO_ELEVATED_PLATELET_CYTOSOLIC_CA2,Tumor,0.11025233321571168,DestVI
REACTOME_SIGNALING_BY_GPCR,Tumor,0.849510018238109,DestVI
REACTOME_TERMINAL_PATHWAY_OF_COMPLEMENT,Tumor,0.8435819956486293,DestVI
REACTOME_TRANSPORT_OF_GAMMA_CARBOXYLATED_PROTEIN_PRECURSORS_FROM_THE_ENDOPLASMIC_RETICULUM_TO_THE_GOLGI_APPARATUS,Tumor,0.10556466227651289,DestVI
REACTOME_TRANSPORT_TO_THE_GOLGI_AND_SUBSEQUENT_MODIFICATION,Tumor,0.11025233321571168,DestVI
REACTOME_VESICLE_MEDIATED_TRANSPORT,Tumor,0.11025233321571168,DestVI
REACTOME_ACTIVATION_OF_C3_AND_C5,Germinal_Center_Plasma_IgM_B_cell,0.8639208994974944,DestVI
REACTOME_ADAPTIVE_IMMUNE_SYSTEM,Germinal_Center_Plasma_IgM_B_cell,0.8656166663169504,DestVI
REACTOME_ALTERNATIVE_COMPLEMENT_ACTIVATION,Germinal_Center_Plasma_IgM_B_cell,0.8656166663169504,DestVI
REACTOME_ASPARAGINE_N_LINKED_GLYCOSYLATION,Germinal_Center_Plasma_IgM_B_cell,0.1191448498147771,DestVI
REACTOME_CARGO_CONCENTRATION_IN_THE_ER,Germinal_Center_Plasma_IgM_B_cell,0.1191448498147771,DestVI
REACTOME_CLASS_A_1_RHODOPSIN_LIKE_RECEPTORS,Germinal_Center_Plasma_IgM_B_cell,0.8656166663169504,DestVI
REACTOME_COMMON_PATHWAY_OF_FIBRIN_CLOT_FORMATION,Germinal_Center_Plasma_IgM_B_cell,0.11778181914182496,DestVI
REACTOME_COMPLEMENT_CASCADE,Germinal_Center_Plasma_IgM_B_cell,0.8586782016051934,DestVI
REACTOME_COPII_MEDIATED_VESICLE_TRANSPORT,Germinal_Center_Plasma_IgM_B_cell,0.1191448498147771,DestVI
REACTOME_ER_TO_GOLGI_ANTEROGRADE_TRANSPORT,Germinal_Center_Plasma_IgM_B_cell,0.1191448498147771,DestVI
REACTOME_EXTRINSIC_PATHWAY_OF_FIBRIN_CLOT_FORMATION,Germinal_Center_Plasma_IgM_B_cell,0.11387836149724527,DestVI
REACTOME_FORMATION_OF_FIBRIN_CLOT_CLOTTING_CASCADE,Germinal_Center_Plasma_IgM_B_cell,0.11603416176331807,DestVI
REACTOME_GAMMA_CARBOXYLATION_HYPUSINYLATION_HYDROXYLATION_AND_ARYLSULFATASE_ACTIVATION,Germinal_Center_Plasma_IgM_B_cell,0.11628346678228281,DestVI
REACTOME_GAMMA_CARBOXYLATION_OF_PROTEIN_PRECURSORS,Germinal_Center_Plasma_IgM_B_cell,0.11392393918224551,DestVI
REACTOME_GAMMA_CARBOXYLATION_TRANSPORT_AND_AMINO_TERMINAL_CLEAVAGE_OF_PROTEINS,Germinal_Center_Plasma_IgM_B_cell,0.11392393918224551,DestVI
REACTOME_GPCR_LIGAND_BINDING,Germinal_Center_Plasma_IgM_B_cell,0.8656166663169504,DestVI
REACTOME_G_ALPHA_I_SIGNALLING_EVENTS,Germinal_Center_Plasma_IgM_B_cell,0.8656166663169504,DestVI
REACTOME_HEMOSTASIS,Germinal_Center_Plasma_IgM_B_cell,0.11603416176331807,DestVI
REACTOME_IMMUNE_SYSTEM,Germinal_Center_Plasma_IgM_B_cell,0.8586782016051934,DestVI
REACTOME_IMMUNOREGULATORY_INTERACTIONS_BETWEEN_A_LYMPHOID_AND_A_NON_LYMPHOID_CELL,Germinal_Center_Plasma_IgM_B_cell,0.8656166663169504,DestVI
REACTOME_INITIAL_TRIGGERING_OF_COMPLEMENT,Germinal_Center_Plasma_IgM_B_cell,0.8639208994974944,DestVI
REACTOME_INNATE_IMMUNE_SYSTEM,Germinal_Center_Plasma_IgM_B_cell,0.8586782016051934,DestVI
REACTOME_INTRINSIC_PATHWAY_OF_FIBRIN_CLOT_FORMATION,Germinal_Center_Plasma_IgM_B_cell,0.11610634460039294,DestVI
REACTOME_MEMBRANE_TRAFFICKING,Germinal_Center_Plasma_IgM_B_cell,0.1191448498147771,DestVI
REACTOME_METABOLISM_OF_PROTEINS,Germinal_Center_Plasma_IgM_B_cell,0.2677307192583435,DestVI
REACTOME_NEUTROPHIL_DEGRANULATION,Germinal_Center_Plasma_IgM_B_cell,0.8656166663169504,DestVI
REACTOME_PEPTIDE_LIGAND_BINDING_RECEPTORS,Germinal_Center_Plasma_IgM_B_cell,0.8656166663169504,DestVI
REACTOME_PLATELET_ACTIVATION_SIGNALING_AND_AGGREGATION,Germinal_Center_Plasma_IgM_B_cell,0.1191448498147771,DestVI
REACTOME_POST_TRANSLATIONAL_PROTEIN_MODIFICATION,Germinal_Center_Plasma_IgM_B_cell,0.2677307192583435,DestVI
REACTOME_REGULATION_OF_INSULIN_LIKE_GROWTH_FACTOR_IGF_TRANSPORT_AND_UPTAKE_BY_INSULIN_LIKE_GROWTH_FACTOR_BINDING_PROTEINS_IGFBPS,Germinal_Center_Plasma_IgM_B_cell,0.49333133659868517,DestVI
REACTOME_RESPONSE_TO_ELEVATED_PLATELET_CYTOSOLIC_CA2,Germinal_Center_Plasma_IgM_B_cell,0.1191448498147771,DestVI
REACTOME_SIGNALING_BY_GPCR,Germinal_Center_Plasma_IgM_B_cell,0.8656166663169504,DestVI
REACTOME_TERMINAL_PATHWAY_OF_COMPLEMENT,Germinal_Center_Plasma_IgM_B_cell,0.8548662120455377,DestVI
REACTOME_TRANSPORT_OF_GAMMA_CARBOXYLATED_PROTEIN_PRECURSORS_FROM_THE_ENDOPLASMIC_RETICULUM_TO_THE_GOLGI_APPARATUS,Germinal_Center_Plasma_IgM_B_cell,0.11392393918224551,DestVI
REACTOME_TRANSPORT_TO_THE_GOLGI_AND_SUBSEQUENT_MODIFICATION,Germinal_Center_Plasma_IgM_B_cell,0.1191448498147771,DestVI
REACTOME_VESICLE_MEDIATED_TRANSPORT,Germinal_Center_Plasma_IgM_B_cell,0.1191448498147771,DestVI
REACTOME_ACTIVATION_OF_C3_AND_C5,CAM,0.8582487315886521,DestVI
REACTOME_ADAPTIVE_IMMUNE_SYSTEM,CAM,0.8536203039970849,DestVI
REACTOME_ALTERNATIVE_COMPLEMENT_ACTIVATION,CAM,0.8536203039970849,DestVI
REACTOME_ASPARAGINE_N_LINKED_GLYCOSYLATION,CAM,0.1075811806755294,DestVI
REACTOME_CARGO_CONCENTRATION_IN_THE_ER,CAM,0.1075811806755294,DestVI
REACTOME_CLASS_A_1_RHODOPSIN_LIKE_RECEPTORS,CAM,0.8536203039970849,DestVI
REACTOME_COMMON_PATHWAY_OF_FIBRIN_CLOT_FORMATION,CAM,0.10783031785232375,DestVI
REACTOME_COMPLEMENT_CASCADE,CAM,0.8511531539346293,DestVI
REACTOME_COPII_MEDIATED_VESICLE_TRANSPORT,CAM,0.1075811806755294,DestVI
REACTOME_ER_TO_GOLGI_ANTEROGRADE_TRANSPORT,CAM,0.1075811806755294,DestVI
REACTOME_EXTRINSIC_PATHWAY_OF_FIBRIN_CLOT_FORMATION,CAM,0.11007008962382483,DestVI
REACTOME_FORMATION_OF_FIBRIN_CLOT_CLOTTING_CASCADE,CAM,0.11129009238090994,DestVI
REACTOME_GAMMA_CARBOXYLATION_HYPUSINYLATION_HYDROXYLATION_AND_ARYLSULFATASE_ACTIVATION,CAM,0.10775956903400631,DestVI
REACTOME_GAMMA_CARBOXYLATION_OF_PROTEIN_PRECURSORS,CAM,0.10786086467300682,DestVI
REACTOME_GAMMA_CARBOXYLATION_TRANSPORT_AND_AMINO_TERMINAL_CLEAVAGE_OF_PROTEINS,CAM,0.10786086467300682,DestVI
REACTOME_GPCR_LIGAND_BINDING,CAM,0.8536203039970849,DestVI
REACTOME_G_ALPHA_I_SIGNALLING_EVENTS,CAM,0.8536203039970849,DestVI
REACTOME_HEMOSTASIS,CAM,0.11129009238090994,DestVI
REACTOME_IMMUNE_SYSTEM,CAM,0.8511531539346293,DestVI
REACTOME_IMMUNOREGULATORY_INTERACTIONS_BETWEEN_A_LYMPHOID_AND_A_NON_LYMPHOID_CELL,CAM,0.8536203039970849,DestVI
REACTOME_INITIAL_TRIGGERING_OF_COMPLEMENT,CAM,0.8582487315886521,DestVI
REACTOME_INNATE_IMMUNE_SYSTEM,CAM,0.8511531539346293,DestVI
REACTOME_INTRINSIC_PATHWAY_OF_FIBRIN_CLOT_FORMATION,CAM,0.11129047089487791,DestVI
REACTOME_MEMBRANE_TRAFFICKING,CAM,0.1075811806755294,DestVI
REACTOME_METABOLISM_OF_PROTEINS,CAM,0.2574711804465051,DestVI
REACTOME_NEUTROPHIL_DEGRANULATION,CAM,0.8536203039970849,DestVI
REACTOME_PEPTIDE_LIGAND_BINDING_RECEPTORS,CAM,0.8536203039970849,DestVI
REACTOME_PLATELET_ACTIVATION_SIGNALING_AND_AGGREGATION,CAM,0.1075811806755294,DestVI
REACTOME_POST_TRANSLATIONAL_PROTEIN_MODIFICATION,CAM,0.2574711804465051,DestVI
REACTOME_REGULATION_OF_INSULIN_LIKE_GROWTH_FACTOR_IGF_TRANSPORT_AND_UPTAKE_BY_INSULIN_LIKE_GROWTH_FACTOR_BINDING_PROTEINS_IGFBPS,CAM,0.481429453499072,DestVI
REACTOME_RESPONSE_TO_ELEVATED_PLATELET_CYTOSOLIC_CA2,CAM,0.1075811806755294,DestVI
REACTOME_SIGNALING_BY_GPCR,CAM,0.8536203039970849,DestVI
REACTOME_TERMINAL_PATHWAY_OF_COMPLEMENT,CAM,0.8460118539261098,DestVI
REACTOME_TRANSPORT_OF_GAMMA_CARBOXYLATED_PROTEIN_PRECURSORS_FROM_THE_ENDOPLASMIC_RETICULUM_TO_THE_GOLGI_APPARATUS,CAM,0.10786086467300682,DestVI
REACTOME_TRANSPORT_TO_THE_GOLGI_AND_SUBSEQUENT_MODIFICATION,CAM,0.1075811806755294,DestVI
REACTOME_VESICLE_MEDIATED_TRANSPORT,CAM,0.1075811806755294,DestVI
REACTOME_ACTIVATION_OF_C3_AND_C5,Tumor_Keratin_Pearl,0.851553371450297,DestVI
REACTOME_ADAPTIVE_IMMUNE_SYSTEM,Tumor_Keratin_Pearl,0.8538247753903473,DestVI
REACTOME_ALTERNATIVE_COMPLEMENT_ACTIVATION,Tumor_Keratin_Pearl,0.8538247753903473,DestVI
REACTOME_ASPARAGINE_N_LINKED_GLYCOSYLATION,Tumor_Keratin_Pearl,0.10991939936672897,DestVI
REACTOME_CARGO_CONCENTRATION_IN_THE_ER,Tumor_Keratin_Pearl,0.10991939936672897,DestVI
REACTOME_CLASS_A_1_RHODOPSIN_LIKE_RECEPTORS,Tumor_Keratin_Pearl,0.8538247753903473,DestVI
REACTOME_COMMON_PATHWAY_OF_FIBRIN_CLOT_FORMATION,Tumor_Keratin_Pearl,0.1082986797383696,DestVI
REACTOME_COMPLEMENT_CASCADE,Tumor_Keratin_Pearl,0.8460448572149344,DestVI
REACTOME_COPII_MEDIATED_VESICLE_TRANSPORT,Tumor_Keratin_Pearl,0.10991939936672897,DestVI
REACTOME_ER_TO_GOLGI_ANTEROGRADE_TRANSPORT,Tumor_Keratin_Pearl,0.10991939936672897,DestVI
REACTOME_EXTRINSIC_PATHWAY_OF_FIBRIN_CLOT_FORMATION,Tumor_Keratin_Pearl,0.1144441612061483,DestVI
REACTOME_FORMATION_OF_FIBRIN_CLOT_CLOTTING_CASCADE,Tumor_Keratin_Pearl,0.11475658972338314,DestVI
REACTOME_GAMMA_CARBOXYLATION_HYPUSINYLATION_HYDROXYLATION_AND_ARYLSULFATASE_ACTIVATION,Tumor_Keratin_Pearl,0.10822853685807339,DestVI
REACTOME_GAMMA_CARBOXYLATION_OF_PROTEIN_PRECURSORS,Tumor_Keratin_Pearl,0.10424006526553,DestVI
REACTOME_GAMMA_CARBOXYLATION_TRANSPORT_AND_AMINO_TERMINAL_CLEAVAGE_OF_PROTEINS,Tumor_Keratin_Pearl,0.10424006526553,DestVI
REACTOME_GPCR_LIGAND_BINDING,Tumor_Keratin_Pearl,0.8538247753903473,DestVI
REACTOME_G_ALPHA_I_SIGNALLING_EVENTS,Tumor_Keratin_Pearl,0.8538247753903473,DestVI
REACTOME_HEMOSTASIS,Tumor_Keratin_Pearl,0.11475658972338314,DestVI
REACTOME_IMMUNE_SYSTEM,Tumor_Keratin_Pearl,0.8460448572149344,DestVI
REACTOME_IMMUNOREGULATORY_INTERACTIONS_BETWEEN_A_LYMPHOID_AND_A_NON_LYMPHOID_CELL,Tumor_Keratin_Pearl,0.8538247753903473,DestVI
REACTOME_INITIAL_TRIGGERING_OF_COMPLEMENT,Tumor_Keratin_Pearl,0.851553371450297,DestVI
REACTOME_INNATE_IMMUNE_SYSTEM,Tumor_Keratin_Pearl,0.8460448572149344,DestVI
REACTOME_INTRINSIC_PATHWAY_OF_FIBRIN_CLOT_FORMATION,Tumor_Keratin_Pearl,0.1120493316292997,DestVI
REACTOME_MEMBRANE_TRAFFICKING,Tumor_Keratin_Pearl,0.10991939936672897,DestVI
REACTOME_METABOLISM_OF_PROTEINS,Tumor_Keratin_Pearl,0.25783322940385006,DestVI
REACTOME_NEUTROPHIL_DEGRANULATION,Tumor_Keratin_Pearl,0.8538247753903473,DestVI
REACTOME_PEPTIDE_LIGAND_BINDING_RECEPTORS,Tumor_Keratin_Pearl,0.8538247753903473,DestVI
REACTOME_PLATELET_ACTIVATION_SIGNALING_AND_AGGREGATION,Tumor_Keratin_Pearl,0.10991939936672897,DestVI
REACTOME_POST_TRANSLATIONAL_PROTEIN_MODIFICATION,Tumor_Keratin_Pearl,0.25783322940385006,DestVI
REACTOME_REGULATION_OF_INSULIN_LIKE_GROWTH_FACTOR_IGF_TRANSPORT_AND_UPTAKE_BY_INSULIN_LIKE_GROWTH_FACTOR_BINDING_PROTEINS_IGFBPS,Tumor_Keratin_Pearl,0.48086239497129774,DestVI
REACTOME_RESPONSE_TO_ELEVATED_PLATELET_CYTOSOLIC_CA2,Tumor_Keratin_Pearl,0.10991939936672897,DestVI
REACTOME_SIGNALING_BY_GPCR,Tumor_Keratin_Pearl,0.8538247753903473,DestVI
REACTOME_TERMINAL_PATHWAY_OF_COMPLEMENT,Tumor_Keratin_Pearl,0.8420603908150142,DestVI
REACTOME_TRANSPORT_OF_GAMMA_CARBOXYLATED_PROTEIN_PRECURSORS_FROM_THE_ENDOPLASMIC_RETICULUM_TO_THE_GOLGI_APPARATUS,Tumor_Keratin_Pearl,0.10424006526553,DestVI
REACTOME_TRANSPORT_TO_THE_GOLGI_AND_SUBSEQUENT_MODIFICATION,Tumor_Keratin_Pearl,0.10991939936672897,DestVI
REACTOME_VESICLE_MEDIATED_TRANSPORT,Tumor_Keratin_Pearl,0.10991939936672897,DestVI
REACTOME_ACTIVATION_OF_C3_AND_C5,T_cell,0.8629706018025278,DestVI
REACTOME_ADAPTIVE_IMMUNE_SYSTEM,T_cell,0.8652783013673044,DestVI
REACTOME_ALTERNATIVE_COMPLEMENT_ACTIVATION,T_cell,0.8652783013673044,DestVI
REACTOME_ASPARAGINE_N_LINKED_GLYCOSYLATION,T_cell,0.11554731330266609,DestVI
REACTOME_CARGO_CONCENTRATION_IN_THE_ER,T_cell,0.11554731330266609,DestVI
REACTOME_CLASS_A_1_RHODOPSIN_LIKE_RECEPTORS,T_cell,0.8652783013673044,DestVI
REACTOME_COMMON_PATHWAY_OF_FIBRIN_CLOT_FORMATION,T_cell,0.1159023912921379,DestVI
REACTOME_COMPLEMENT_CASCADE,T_cell,0.8589557932364452,DestVI
REACTOME_COPII_MEDIATED_VESICLE_TRANSPORT,T_cell,0.11554731330266609,DestVI
REACTOME_ER_TO_GOLGI_ANTEROGRADE_TRANSPORT,T_cell,0.11554731330266609,DestVI
REACTOME_EXTRINSIC_PATHWAY_OF_FIBRIN_CLOT_FORMATION,T_cell,0.1158899666210076,DestVI
REACTOME_FORMATION_OF_FIBRIN_CLOT_CLOTTING_CASCADE,T_cell,0.11598048548822305,DestVI
REACTOME_GAMMA_CARBOXYLATION_HYPUSINYLATION_HYDROXYLATION_AND_ARYLSULFATASE_ACTIVATION,T_cell,0.11583192144392973,DestVI
REACTOME_GAMMA_CARBOXYLATION_OF_PROTEIN_PRECURSORS,T_cell,0.11413567213107709,DestVI
REACTOME_GAMMA_CARBOXYLATION_TRANSPORT_AND_AMINO_TERMINAL_CLEAVAGE_OF_PROTEINS,T_cell,0.11413567213107709,DestVI
REACTOME_GPCR_LIGAND_BINDING,T_cell,0.8652783013673044,DestVI
REACTOME_G_ALPHA_I_SIGNALLING_EVENTS,T_cell,0.8652783013673044,DestVI
REACTOME_HEMOSTASIS,T_cell,0.11598048548822305,DestVI
REACTOME_IMMUNE_SYSTEM,T_cell,0.8589557932364452,DestVI
REACTOME_IMMUNOREGULATORY_INTERACTIONS_BETWEEN_A_LYMPHOID_AND_A_NON_LYMPHOID_CELL,T_cell,0.8652783013673044,DestVI
REACTOME_INITIAL_TRIGGERING_OF_COMPLEMENT,T_cell,0.8629706018025278,DestVI
REACTOME_INNATE_IMMUNE_SYSTEM,T_cell,0.8589557932364452,DestVI
REACTOME_INTRINSIC_PATHWAY_OF_FIBRIN_CLOT_FORMATION,T_cell,0.11597767453309409,DestVI
REACTOME_MEMBRANE_TRAFFICKING,T_cell,0.11554731330266609,DestVI
REACTOME_METABOLISM_OF_PROTEINS,T_cell,0.26649623873966005,DestVI
REACTOME_NEUTROPHIL_DEGRANULATION,T_cell,0.8652783013673044,DestVI
REACTOME_PEPTIDE_LIGAND_BINDING_RECEPTORS,T_cell,0.8652783013673044,DestVI
REACTOME_PLATELET_ACTIVATION_SIGNALING_AND_AGGREGATION,T_cell,0.11554731330266609,DestVI
REACTOME_POST_TRANSLATIONAL_PROTEIN_MODIFICATION,T_cell,0.26649623873966005,DestVI
REACTOME_REGULATION_OF_INSULIN_LIKE_GROWTH_FACTOR_IGF_TRANSPORT_AND_UPTAKE_BY_INSULIN_LIKE_GROWTH_FACTOR_BINDING_PROTEINS_IGFBPS,T_cell,0.4909367728318654,DestVI
REACTOME_RESPONSE_TO_ELEVATED_PLATELET_CYTOSOLIC_CA2,T_cell,0.11554731330266609,DestVI
REACTOME_SIGNALING_BY_GPCR,T_cell,0.8652783013673044,DestVI
REACTOME_TERMINAL_PATHWAY_OF_COMPLEMENT,T_cell,0.8558699350570353,DestVI
REACTOME_TRANSPORT_OF_GAMMA_CARBOXYLATED_PROTEIN_PRECURSORS_FROM_THE_ENDOPLASMIC_RETICULUM_TO_THE_GOLGI_APPARATUS,T_cell,0.11413567213107709,DestVI
REACTOME_TRANSPORT_TO_THE_GOLGI_AND_SUBSEQUENT_MODIFICATION,T_cell,0.11554731330266609,DestVI
REACTOME_VESICLE_MEDIATED_TRANSPORT,T_cell,0.11554731330266609,DestVI
REACTOME_ACTIVATION_OF_C3_AND_C5,Plasma_IgG,0.8690606694144226,scGPT reference mapping
REACTOME_ADAPTIVE_IMMUNE_SYSTEM,Plasma_IgG,0.8726431632084384,scGPT reference mapping
REACTOME_ALTERNATIVE_COMPLEMENT_ACTIVATION,Plasma_IgG,0.8726431632084384,scGPT reference mapping
REACTOME_ASPARAGINE_N_LINKED_GLYCOSYLATION,Plasma_IgG,0.1188948363489255,scGPT reference mapping
REACTOME_CARGO_CONCENTRATION_IN_THE_ER,Plasma_IgG,0.1188948363489255,scGPT reference mapping
REACTOME_CLASS_A_1_RHODOPSIN_LIKE_RECEPTORS,Plasma_IgG,0.8726431632084384,scGPT reference mapping
REACTOME_COMMON_PATHWAY_OF_FIBRIN_CLOT_FORMATION,Plasma_IgG,0.11790983380751431,scGPT reference mapping
REACTOME_COMPLEMENT_CASCADE,Plasma_IgG,0.8623544556114887,scGPT reference mapping
REACTOME_COPII_MEDIATED_VESICLE_TRANSPORT,Plasma_IgG,0.1188948363489255,scGPT reference mapping
REACTOME_ER_TO_GOLGI_ANTEROGRADE_TRANSPORT,Plasma_IgG,0.1188948363489255,scGPT reference mapping
REACTOME_EXTRINSIC_PATHWAY_OF_FIBRIN_CLOT_FORMATION,Plasma_IgG,0.11648950248932938,scGPT reference mapping
REACTOME_FORMATION_OF_FIBRIN_CLOT_CLOTTING_CASCADE,Plasma_IgG,0.11777031568237102,scGPT reference mapping
REACTOME_GAMMA_CARBOXYLATION_HYPUSINYLATION_HYDROXYLATION_AND_ARYLSULFATASE_ACTIVATION,Plasma_IgG,0.11626952098840122,scGPT reference mapping
REACTOME_GAMMA_CARBOXYLATION_OF_PROTEIN_PRECURSORS,Plasma_IgG,0.11444246270735092,scGPT reference mapping
REACTOME_GAMMA_CARBOXYLATION_TRANSPORT_AND_AMINO_TERMINAL_CLEAVAGE_OF_PROTEINS,Plasma_IgG,0.11444246270735092,scGPT reference mapping
REACTOME_GPCR_LIGAND_BINDING,Plasma_IgG,0.8726431632084384,scGPT reference mapping
REACTOME_G_ALPHA_I_SIGNALLING_EVENTS,Plasma_IgG,0.8726431632084384,scGPT reference mapping
REACTOME_HEMOSTASIS,Plasma_IgG,0.11777031568237102,scGPT reference mapping
REACTOME_IMMUNE_SYSTEM,Plasma_IgG,0.8623544556114887,scGPT reference mapping
REACTOME_IMMUNOREGULATORY_INTERACTIONS_BETWEEN_A_LYMPHOID_AND_A_NON_LYMPHOID_CELL,Plasma_IgG,0.8726431632084384,scGPT reference mapping
REACTOME_INITIAL_TRIGGERING_OF_COMPLEMENT,Plasma_IgG,0.8690606694144226,scGPT reference mapping
REACTOME_INNATE_IMMUNE_SYSTEM,Plasma_IgG,0.8623544556114887,scGPT reference mapping
REACTOME_INTRINSIC_PATHWAY_OF_FIBRIN_CLOT_FORMATION,Plasma_IgG,0.11680866598101515,scGPT reference mapping
REACTOME_MEMBRANE_TRAFFICKING,Plasma_IgG,0.1188948363489255,scGPT reference mapping
REACTOME_METABOLISM_OF_PROTEINS,Plasma_IgG,0.2704071406112205,scGPT reference mapping
REACTOME_NEUTROPHIL_DEGRANULATION,Plasma_IgG,0.8726431632084384,scGPT reference mapping
REACTOME_PEPTIDE_LIGAND_BINDING_RECEPTORS,Plasma_IgG,0.8726431632084384,scGPT reference mapping
REACTOME_PLATELET_ACTIVATION_SIGNALING_AND_AGGREGATION,Plasma_IgG,0.1188948363489255,scGPT reference mapping
REACTOME_POST_TRANSLATIONAL_PROTEIN_MODIFICATION,Plasma_IgG,0.2704071406112205,scGPT reference mapping
REACTOME_REGULATION_OF_INSULIN_LIKE_GROWTH_FACTOR_IGF_TRANSPORT_AND_UPTAKE_BY_INSULIN_LIKE_GROWTH_FACTOR_BINDING_PROTEINS_IGFBPS,Plasma_IgG,0.4988619800229657,scGPT reference mapping
REACTOME_RESPONSE_TO_ELEVATED_PLATELET_CYTOSOLIC_CA2,Plasma_IgG,0.1188948363489255,scGPT reference mapping
REACTOME_SIGNALING_BY_GPCR,Plasma_IgG,0.8726431632084384,scGPT reference mapping
REACTOME_TERMINAL_PATHWAY_OF_COMPLEMENT,Plasma_IgG,0.8573365509906475,scGPT reference mapping
REACTOME_TRANSPORT_OF_GAMMA_CARBOXYLATED_PROTEIN_PRECURSORS_FROM_THE_ENDOPLASMIC_RETICULUM_TO_THE_GOLGI_APPARATUS,Plasma_IgG,0.11444246270735092,scGPT reference mapping
REACTOME_TRANSPORT_TO_THE_GOLGI_AND_SUBSEQUENT_MODIFICATION,Plasma_IgG,0.1188948363489255,scGPT reference mapping
REACTOME_VESICLE_MEDIATED_TRANSPORT,Plasma_IgG,0.1188948363489255,scGPT reference mapping
REACTOME_ACTIVATION_OF_C3_AND_C5,M1_macrophages,0.8674836776131388,scGPT reference mapping
REACTOME_ADAPTIVE_IMMUNE_SYSTEM,M1_macrophages,0.8713252205009148,scGPT reference mapping
REACTOME_ALTERNATIVE_COMPLEMENT_ACTIVATION,M1_macrophages,0.8713252205009148,scGPT reference mapping
REACTOME_ASPARAGINE_N_LINKED_GLYCOSYLATION,M1_macrophages,0.11912107689608367,scGPT reference mapping
REACTOME_CARGO_CONCENTRATION_IN_THE_ER,M1_macrophages,0.11912107689608367,scGPT reference mapping
REACTOME_CLASS_A_1_RHODOPSIN_LIKE_RECEPTORS,M1_macrophages,0.8713252205009148,scGPT reference mapping
REACTOME_COMMON_PATHWAY_OF_FIBRIN_CLOT_FORMATION,M1_macrophages,0.11775880793382987,scGPT reference mapping
REACTOME_COMPLEMENT_CASCADE,M1_macrophages,0.8611388912003545,scGPT reference mapping
REACTOME_COPII_MEDIATED_VESICLE_TRANSPORT,M1_macrophages,0.11912107689608367,scGPT reference mapping
REACTOME_ER_TO_GOLGI_ANTEROGRADE_TRANSPORT,M1_macrophages,0.11912107689608367,scGPT reference mapping
REACTOME_EXTRINSIC_PATHWAY_OF_FIBRIN_CLOT_FORMATION,M1_macrophages,0.11466238951609908,scGPT reference mapping
REACTOME_FORMATION_OF_FIBRIN_CLOT_CLOTTING_CASCADE,M1_macrophages,0.11657337455006736,scGPT reference mapping
REACTOME_GAMMA_CARBOXYLATION_HYPUSINYLATION_HYDROXYLATION_AND_ARYLSULFATASE_ACTIVATION,M1_macrophages,0.11598487966343998,scGPT reference mapping
REACTOME_GAMMA_CARBOXYLATION_OF_PROTEIN_PRECURSORS,M1_macrophages,0.113534661330265,scGPT reference mapping
REACTOME_GAMMA_CARBOXYLATION_TRANSPORT_AND_AMINO_TERMINAL_CLEAVAGE_OF_PROTEINS,M1_macrophages,0.113534661330265,scGPT reference mapping
REACTOME_GPCR_LIGAND_BINDING,M1_macrophages,0.8713252205009148,scGPT reference mapping
REACTOME_G_ALPHA_I_SIGNALLING_EVENTS,M1_macrophages,0.8713252205009148,scGPT reference mapping
REACTOME_HEMOSTASIS,M1_macrophages,0.11657337455006736,scGPT reference mapping
REACTOME_IMMUNE_SYSTEM,M1_macrophages,0.8611388912003545,scGPT reference mapping
REACTOME_IMMUNOREGULATORY_INTERACTIONS_BETWEEN_A_LYMPHOID_AND_A_NON_LYMPHOID_CELL,M1_macrophages,0.8713252205009148,scGPT reference mapping
REACTOME_INITIAL_TRIGGERING_OF_COMPLEMENT,M1_macrophages,0.8674836776131388,scGPT reference mapping
REACTOME_INNATE_IMMUNE_SYSTEM,M1_macrophages,0.8611388912003545,scGPT reference mapping
REACTOME_INTRINSIC_PATHWAY_OF_FIBRIN_CLOT_FORMATION,M1_macrophages,0.11605417157367762,scGPT reference mapping
REACTOME_MEMBRANE_TRAFFICKING,M1_macrophages,0.11912107689608367,scGPT reference mapping
REACTOME_METABOLISM_OF_PROTEINS,M1_macrophages,0.2698029968460734,scGPT reference mapping
REACTOME_NEUTROPHIL_DEGRANULATION,M1_macrophages,0.8713252205009148,scGPT reference mapping
REACTOME_PEPTIDE_LIGAND_BINDING_RECEPTORS,M1_macrophages,0.8713252205009148,scGPT reference mapping
REACTOME_PLATELET_ACTIVATION_SIGNALING_AND_AGGREGATION,M1_macrophages,0.11912107689608367,scGPT reference mapping
REACTOME_POST_TRANSLATIONAL_PROTEIN_MODIFICATION,M1_macrophages,0.2698029968460734,scGPT reference mapping
REACTOME_REGULATION_OF_INSULIN_LIKE_GROWTH_FACTOR_IGF_TRANSPORT_AND_UPTAKE_BY_INSULIN_LIKE_GROWTH_FACTOR_BINDING_PROTEINS_IGFBPS,M1_macrophages,0.4978472448817365,scGPT reference mapping
REACTOME_RESPONSE_TO_ELEVATED_PLATELET_CYTOSOLIC_CA2,M1_macrophages,0.11912107689608367,scGPT reference mapping
REACTOME_SIGNALING_BY_GPCR,M1_macrophages,0.8713252205009148,scGPT reference mapping
REACTOME_TERMINAL_PATHWAY_OF_COMPLEMENT,M1_macrophages,0.8563737865048229,scGPT reference mapping
REACTOME_TRANSPORT_OF_GAMMA_CARBOXYLATED_PROTEIN_PRECURSORS_FROM_THE_ENDOPLASMIC_RETICULUM_TO_THE_GOLGI_APPARATUS,M1_macrophages,0.113534661330265,scGPT reference mapping
REACTOME_TRANSPORT_TO_THE_GOLGI_AND_SUBSEQUENT_MODIFICATION,M1_macrophages,0.11912107689608367,scGPT reference mapping
REACTOME_VESICLE_MEDIATED_TRANSPORT,M1_macrophages,0.11912107689608367,scGPT reference mapping
REACTOME_ACTIVATION_OF_C3_AND_C5,CAF,0.8640528997138546,scGPT reference mapping
REACTOME_ADAPTIVE_IMMUNE_SYSTEM,CAF,0.8679687906782009,scGPT reference mapping
REACTOME_ALTERNATIVE_COMPLEMENT_ACTIVATION,CAF,0.8679687906782009,scGPT reference mapping
REACTOME_ASPARAGINE_N_LINKED_GLYCOSYLATION,CAF,0.11519002957552282,scGPT reference mapping
REACTOME_CARGO_CONCENTRATION_IN_THE_ER,CAF,0.11519002957552282,scGPT reference mapping
REACTOME_CLASS_A_1_RHODOPSIN_LIKE_RECEPTORS,CAF,0.8679687906782009,scGPT reference mapping
REACTOME_COMMON_PATHWAY_OF_FIBRIN_CLOT_FORMATION,CAF,0.11340529988302518,scGPT reference mapping
REACTOME_COMPLEMENT_CASCADE,CAF,0.8550715268565672,scGPT reference mapping
REACTOME_COPII_MEDIATED_VESICLE_TRANSPORT,CAF,0.11519002957552282,scGPT reference mapping
REACTOME_ER_TO_GOLGI_ANTEROGRADE_TRANSPORT,CAF,0.11519002957552282,scGPT reference mapping
REACTOME_EXTRINSIC_PATHWAY_OF_FIBRIN_CLOT_FORMATION,CAF,0.1131142188696512,scGPT reference mapping
REACTOME_FORMATION_OF_FIBRIN_CLOT_CLOTTING_CASCADE,CAF,0.11529109517838468,scGPT reference mapping
REACTOME_GAMMA_CARBOXYLATION_HYPUSINYLATION_HYDROXYLATION_AND_ARYLSULFATASE_ACTIVATION,CAF,0.11106943881983075,scGPT reference mapping
REACTOME_GAMMA_CARBOXYLATION_OF_PROTEIN_PRECURSORS,CAF,0.10819767320068069,scGPT reference mapping
REACTOME_GAMMA_CARBOXYLATION_TRANSPORT_AND_AMINO_TERMINAL_CLEAVAGE_OF_PROTEINS,CAF,0.10819767320068069,scGPT reference mapping
REACTOME_GPCR_LIGAND_BINDING,CAF,0.8679687906782009,scGPT reference mapping
REACTOME_G_ALPHA_I_SIGNALLING_EVENTS,CAF,0.8679687906782009,scGPT reference mapping
REACTOME_HEMOSTASIS,CAF,0.11529109517838468,scGPT reference mapping
REACTOME_IMMUNE_SYSTEM,CAF,0.8550715268565672,scGPT reference mapping
REACTOME_IMMUNOREGULATORY_INTERACTIONS_BETWEEN_A_LYMPHOID_AND_A_NON_LYMPHOID_CELL,CAF,0.8679687906782009,scGPT reference mapping
REACTOME_INITIAL_TRIGGERING_OF_COMPLEMENT,CAF,0.8640528997138546,scGPT reference mapping
REACTOME_INNATE_IMMUNE_SYSTEM,CAF,0.8550715268565672,scGPT reference mapping
REACTOME_INTRINSIC_PATHWAY_OF_FIBRIN_CLOT_FORMATION,CAF,0.11340082681026678,scGPT reference mapping
REACTOME_MEMBRANE_TRAFFICKING,CAF,0.11519002957552282,scGPT reference mapping
REACTOME_METABOLISM_OF_PROTEINS,CAF,0.2659742153202679,scGPT reference mapping
REACTOME_NEUTROPHIL_DEGRANULATION,CAF,0.8679687906782009,scGPT reference mapping
REACTOME_PEPTIDE_LIGAND_BINDING_RECEPTORS,CAF,0.8679687906782009,scGPT reference mapping
REACTOME_PLATELET_ACTIVATION_SIGNALING_AND_AGGREGATION,CAF,0.11519002957552282,scGPT reference mapping
REACTOME_POST_TRANSLATIONAL_PROTEIN_MODIFICATION,CAF,0.2659742153202679,scGPT reference mapping
REACTOME_REGULATION_OF_INSULIN_LIKE_GROWTH_FACTOR_IGF_TRANSPORT_AND_UPTAKE_BY_INSULIN_LIKE_GROWTH_FACTOR_BINDING_PROTEINS_IGFBPS,CAF,0.49500364167295463,scGPT reference mapping
REACTOME_RESPONSE_TO_ELEVATED_PLATELET_CYTOSOLIC_CA2,CAF,0.11519002957552282,scGPT reference mapping
REACTOME_SIGNALING_BY_GPCR,CAF,0.8679687906782009,scGPT reference mapping
REACTOME_TERMINAL_PATHWAY_OF_COMPLEMENT,CAF,0.8484508290315312,scGPT reference mapping
REACTOME_TRANSPORT_OF_GAMMA_CARBOXYLATED_PROTEIN_PRECURSORS_FROM_THE_ENDOPLASMIC_RETICULUM_TO_THE_GOLGI_APPARATUS,CAF,0.10819767320068069,scGPT reference mapping
REACTOME_TRANSPORT_TO_THE_GOLGI_AND_SUBSEQUENT_MODIFICATION,CAF,0.11519002957552282,scGPT reference mapping
REACTOME_VESICLE_MEDIATED_TRANSPORT,CAF,0.11519002957552282,scGPT reference mapping
REACTOME_ACTIVATION_OF_C3_AND_C5,Fibroblasts,0.8756264900140689,scGPT reference mapping
REACTOME_ADAPTIVE_IMMUNE_SYSTEM,Fibroblasts,0.8874311430704661,scGPT reference mapping
REACTOME_ALTERNATIVE_COMPLEMENT_ACTIVATION,Fibroblasts,0.8874311430704661,scGPT reference mapping
REACTOME_ASPARAGINE_N_LINKED_GLYCOSYLATION,Fibroblasts,0.1139177404258269,scGPT reference mapping
REACTOME_CARGO_CONCENTRATION_IN_THE_ER,Fibroblasts,0.1139177404258269,scGPT reference mapping
REACTOME_CLASS_A_1_RHODOPSIN_LIKE_RECEPTORS,Fibroblasts,0.8874311430704661,scGPT reference mapping
REACTOME_COMMON_PATHWAY_OF_FIBRIN_CLOT_FORMATION,Fibroblasts,0.1141678683629826,scGPT reference mapping
REACTOME_COMPLEMENT_CASCADE,Fibroblasts,0.8653493606471911,scGPT reference mapping
REACTOME_COPII_MEDIATED_VESICLE_TRANSPORT,Fibroblasts,0.1139177404258269,scGPT reference mapping
REACTOME_ER_TO_GOLGI_ANTEROGRADE_TRANSPORT,Fibroblasts,0.1139177404258269,scGPT reference mapping
REACTOME_EXTRINSIC_PATHWAY_OF_FIBRIN_CLOT_FORMATION,Fibroblasts,0.12431984719259197,scGPT reference mapping
REACTOME_FORMATION_OF_FIBRIN_CLOT_CLOTTING_CASCADE,Fibroblasts,0.11937750439690374,scGPT reference mapping
REACTOME_GAMMA_CARBOXYLATION_HYPUSINYLATION_HYDROXYLATION_AND_ARYLSULFATASE_ACTIVATION,Fibroblasts,0.11409711954466531,scGPT reference mapping
REACTOME_GAMMA_CARBOXYLATION_OF_PROTEIN_PRECURSORS,Fibroblasts,0.11419858209123793,scGPT reference mapping
REACTOME_GAMMA_CARBOXYLATION_TRANSPORT_AND_AMINO_TERMINAL_CLEAVAGE_OF_PROTEINS,Fibroblasts,0.11419858209123793,scGPT reference mapping
REACTOME_GPCR_LIGAND_BINDING,Fibroblasts,0.8874311430704661,scGPT reference mapping
REACTOME_G_ALPHA_I_SIGNALLING_EVENTS,Fibroblasts,0.8874311430704661,scGPT reference mapping
REACTOME_HEMOSTASIS,Fibroblasts,0.11937750439690374,scGPT reference mapping
REACTOME_IMMUNE_SYSTEM,Fibroblasts,0.8653493606471911,scGPT reference mapping
REACTOME_IMMUNOREGULATORY_INTERACTIONS_BETWEEN_A_LYMPHOID_AND_A_NON_LYMPHOID_CELL,Fibroblasts,0.8874311430704661,scGPT reference mapping
REACTOME_INITIAL_TRIGGERING_OF_COMPLEMENT,Fibroblasts,0.8756264900140689,scGPT reference mapping
REACTOME_INNATE_IMMUNE_SYSTEM,Fibroblasts,0.8653493606471911,scGPT reference mapping
REACTOME_INTRINSIC_PATHWAY_OF_FIBRIN_CLOT_FORMATION,Fibroblasts,0.11418878664093406,scGPT reference mapping
REACTOME_MEMBRANE_TRAFFICKING,Fibroblasts,0.1139177404258269,scGPT reference mapping
REACTOME_METABOLISM_OF_PROTEINS,Fibroblasts,0.2735969074131852,scGPT reference mapping
REACTOME_NEUTROPHIL_DEGRANULATION,Fibroblasts,0.8874311430704661,scGPT reference mapping
REACTOME_PEPTIDE_LIGAND_BINDING_RECEPTORS,Fibroblasts,0.8874311430704661,scGPT reference mapping
REACTOME_PLATELET_ACTIVATION_SIGNALING_AND_AGGREGATION,Fibroblasts,0.1139177404258269,scGPT reference mapping
REACTOME_POST_TRANSLATIONAL_PROTEIN_MODIFICATION,Fibroblasts,0.2735969074131852,scGPT reference mapping
REACTOME_REGULATION_OF_INSULIN_LIKE_GROWTH_FACTOR_IGF_TRANSPORT_AND_UPTAKE_BY_INSULIN_LIKE_GROWTH_FACTOR_BINDING_PROTEINS_IGFBPS,Fibroblasts,0.5078613473175908,scGPT reference mapping
REACTOME_RESPONSE_TO_ELEVATED_PLATELET_CYTOSOLIC_CA2,Fibroblasts,0.1139177404258269,scGPT reference mapping
REACTOME_SIGNALING_BY_GPCR,Fibroblasts,0.8874311430704661,scGPT reference mapping
REACTOME_TERMINAL_PATHWAY_OF_COMPLEMENT,Fibroblasts,0.8576773149798183,scGPT reference mapping
REACTOME_TRANSPORT_OF_GAMMA_CARBOXYLATED_PROTEIN_PRECURSORS_FROM_THE_ENDOPLASMIC_RETICULUM_TO_THE_GOLGI_APPARATUS,Fibroblasts,0.11419858209123793,scGPT reference mapping
REACTOME_TRANSPORT_TO_THE_GOLGI_AND_SUBSEQUENT_MODIFICATION,Fibroblasts,0.1139177404258269,scGPT reference mapping
REACTOME_VESICLE_MEDIATED_TRANSPORT,Fibroblasts,0.1139177404258269,scGPT reference mapping
REACTOME_ACTIVATION_OF_C3_AND_C5,High_Endothelial_Venules,0.8627581842313742,scGPT reference mapping
REACTOME_ADAPTIVE_IMMUNE_SYSTEM,High_Endothelial_Venules,0.865669967569866,scGPT reference mapping
REACTOME_ALTERNATIVE_COMPLEMENT_ACTIVATION,High_Endothelial_Venules,0.865669967569866,scGPT reference mapping
REACTOME_ASPARAGINE_N_LINKED_GLYCOSYLATION,High_Endothelial_Venules,0.11921088048058145,scGPT reference mapping
REACTOME_CARGO_CONCENTRATION_IN_THE_ER,High_Endothelial_Venules,0.11921088048058145,scGPT reference mapping
REACTOME_CLASS_A_1_RHODOPSIN_LIKE_RECEPTORS,High_Endothelial_Venules,0.865669967569866,scGPT reference mapping
REACTOME_COMMON_PATHWAY_OF_FIBRIN_CLOT_FORMATION,High_Endothelial_Venules,0.11709168364824517,scGPT reference mapping
REACTOME_COMPLEMENT_CASCADE,High_Endothelial_Venules,0.8579185527919986,scGPT reference mapping
REACTOME_COPII_MEDIATED_VESICLE_TRANSPORT,High_Endothelial_Venules,0.11921088048058145,scGPT reference mapping
REACTOME_ER_TO_GOLGI_ANTEROGRADE_TRANSPORT,High_Endothelial_Venules,0.11921088048058145,scGPT reference mapping
REACTOME_EXTRINSIC_PATHWAY_OF_FIBRIN_CLOT_FORMATION,High_Endothelial_Venules,0.11238568002411833,scGPT reference mapping
REACTOME_FORMATION_OF_FIBRIN_CLOT_CLOTTING_CASCADE,High_Endothelial_Venules,0.11516700650423242,scGPT reference mapping
REACTOME_GAMMA_CARBOXYLATION_HYPUSINYLATION_HYDROXYLATION_AND_ARYLSULFATASE_ACTIVATION,High_Endothelial_Venules,0.11397513789319683,scGPT reference mapping
REACTOME_GAMMA_CARBOXYLATION_OF_PROTEIN_PRECURSORS,High_Endothelial_Venules,0.11119242906023738,scGPT reference mapping
REACTOME_GAMMA_CARBOXYLATION_TRANSPORT_AND_AMINO_TERMINAL_CLEAVAGE_OF_PROTEINS,High_Endothelial_Venules,0.11119242906023738,scGPT reference mapping
REACTOME_GPCR_LIGAND_BINDING,High_Endothelial_Venules,0.865669967569866,scGPT reference mapping
REACTOME_G_ALPHA_I_SIGNALLING_EVENTS,High_Endothelial_Venules,0.865669967569866,scGPT reference mapping
REACTOME_HEMOSTASIS,High_Endothelial_Venules,0.11516700650423242,scGPT reference mapping
REACTOME_IMMUNE_SYSTEM,High_Endothelial_Venules,0.8579185527919986,scGPT reference mapping
REACTOME_IMMUNOREGULATORY_INTERACTIONS_BETWEEN_A_LYMPHOID_AND_A_NON_LYMPHOID_CELL,High_Endothelial_Venules,0.865669967569866,scGPT reference mapping
REACTOME_INITIAL_TRIGGERING_OF_COMPLEMENT,High_Endothelial_Venules,0.8627581842313742,scGPT reference mapping
REACTOME_INNATE_IMMUNE_SYSTEM,High_Endothelial_Venules,0.8579185527919986,scGPT reference mapping
REACTOME_INTRINSIC_PATHWAY_OF_FIBRIN_CLOT_FORMATION,High_Endothelial_Venules,0.11401613420721789,scGPT reference mapping
REACTOME_MEMBRANE_TRAFFICKING,High_Endothelial_Venules,0.11921088048058145,scGPT reference mapping
REACTOME_METABOLISM_OF_PROTEINS,High_Endothelial_Venules,0.2673145405099421,scGPT reference mapping
REACTOME_NEUTROPHIL_DEGRANULATION,High_Endothelial_Venules,0.865669967569866,scGPT reference mapping
REACTOME_PEPTIDE_LIGAND_BINDING_RECEPTORS,High_Endothelial_Venules,0.865669967569866,scGPT reference mapping
REACTOME_PLATELET_ACTIVATION_SIGNALING_AND_AGGREGATION,High_Endothelial_Venules,0.11921088048058145,scGPT reference mapping
REACTOME_POST_TRANSLATIONAL_PROTEIN_MODIFICATION,High_Endothelial_Venules,0.2673145405099421,scGPT reference mapping
REACTOME_REGULATION_OF_INSULIN_LIKE_GROWTH_FACTOR_IGF_TRANSPORT_AND_UPTAKE_BY_INSULIN_LIKE_GROWTH_FACTOR_BINDING_PROTEINS_IGFBPS,High_Endothelial_Venules,0.49499652528261784,scGPT reference mapping
REACTOME_RESPONSE_TO_ELEVATED_PLATELET_CYTOSOLIC_CA2,High_Endothelial_Venules,0.11921088048058145,scGPT reference mapping
REACTOME_SIGNALING_BY_GPCR,High_Endothelial_Venules,0.865669967569866,scGPT reference mapping
REACTOME_TERMINAL_PATHWAY_OF_COMPLEMENT,High_Endothelial_Venules,0.8542240543441473,scGPT reference mapping
REACTOME_TRANSPORT_OF_GAMMA_CARBOXYLATED_PROTEIN_PRECURSORS_FROM_THE_ENDOPLASMIC_RETICULUM_TO_THE_GOLGI_APPARATUS,High_Endothelial_Venules,0.11119242906023738,scGPT reference mapping
REACTOME_TRANSPORT_TO_THE_GOLGI_AND_SUBSEQUENT_MODIFICATION,High_Endothelial_Venules,0.11921088048058145,scGPT reference mapping
REACTOME_VESICLE_MEDIATED_TRANSPORT,High_Endothelial_Venules,0.11921088048058145,scGPT reference mapping
REACTOME_ACTIVATION_OF_C3_AND_C5,unknown,0.8661314219424369,scGPT reference mapping
REACTOME_ADAPTIVE_IMMUNE_SYSTEM,unknown,0.8666084229410633,scGPT reference mapping
REACTOME_ALTERNATIVE_COMPLEMENT_ACTIVATION,unknown,0.8666084229410633,scGPT reference mapping
REACTOME_ASPARAGINE_N_LINKED_GLYCOSYLATION,unknown,0.1216666114657221,scGPT reference mapping
REACTOME_CARGO_CONCENTRATION_IN_THE_ER,unknown,0.1216666114657221,scGPT reference mapping
REACTOME_CLASS_A_1_RHODOPSIN_LIKE_RECEPTORS,unknown,0.8666084229410633,scGPT reference mapping
REACTOME_COMMON_PATHWAY_OF_FIBRIN_CLOT_FORMATION,unknown,0.12032229509198097,scGPT reference mapping
REACTOME_COMPLEMENT_CASCADE,unknown,0.8621762742009191,scGPT reference mapping
REACTOME_COPII_MEDIATED_VESICLE_TRANSPORT,unknown,0.1216666114657221,scGPT reference mapping
REACTOME_ER_TO_GOLGI_ANTEROGRADE_TRANSPORT,unknown,0.1216666114657221,scGPT reference mapping
REACTOME_EXTRINSIC_PATHWAY_OF_FIBRIN_CLOT_FORMATION,unknown,0.11677762965434187,scGPT reference mapping
REACTOME_FORMATION_OF_FIBRIN_CLOT_CLOTTING_CASCADE,unknown,0.11885936988052558,scGPT reference mapping
REACTOME_GAMMA_CARBOXYLATION_HYPUSINYLATION_HYDROXYLATION_AND_ARYLSULFATASE_ACTIVATION,unknown,0.11783158522222745,scGPT reference mapping
REACTOME_GAMMA_CARBOXYLATION_OF_PROTEIN_PRECURSORS,unknown,0.11660580850313239,scGPT reference mapping
REACTOME_GAMMA_CARBOXYLATION_TRANSPORT_AND_AMINO_TERMINAL_CLEAVAGE_OF_PROTEINS,unknown,0.11660580850313239,scGPT reference mapping
REACTOME_GPCR_LIGAND_BINDING,unknown,0.8666084229410633,scGPT reference mapping
REACTOME_G_ALPHA_I_SIGNALLING_EVENTS,unknown,0.8666084229410633,scGPT reference mapping
REACTOME_HEMOSTASIS,unknown,0.11885936988052558,scGPT reference mapping
REACTOME_IMMUNE_SYSTEM,unknown,0.8621762742009191,scGPT reference mapping
REACTOME_IMMUNOREGULATORY_INTERACTIONS_BETWEEN_A_LYMPHOID_AND_A_NON_LYMPHOID_CELL,unknown,0.8666084229410633,scGPT reference mapping
REACTOME_INITIAL_TRIGGERING_OF_COMPLEMENT,unknown,0.8661314219424369,scGPT reference mapping
REACTOME_INNATE_IMMUNE_SYSTEM,unknown,0.8621762742009191,scGPT reference mapping
REACTOME_INTRINSIC_PATHWAY_OF_FIBRIN_CLOT_FORMATION,unknown,0.11805861451257353,scGPT reference mapping
REACTOME_MEMBRANE_TRAFFICKING,unknown,0.1216666114657221,scGPT reference mapping
REACTOME_METABOLISM_OF_PROTEINS,unknown,0.2696222497339238,scGPT reference mapping
REACTOME_NEUTROPHIL_DEGRANULATION,unknown,0.8666084229410633,scGPT reference mapping
REACTOME_PEPTIDE_LIGAND_BINDING_RECEPTORS,unknown,0.8666084229410633,scGPT reference mapping
REACTOME_PLATELET_ACTIVATION_SIGNALING_AND_AGGREGATION,unknown,0.1216666114657221,scGPT reference mapping
REACTOME_POST_TRANSLATIONAL_PROTEIN_MODIFICATION,unknown,0.2696222497339238,scGPT reference mapping
REACTOME_REGULATION_OF_INSULIN_LIKE_GROWTH_FACTOR_IGF_TRANSPORT_AND_UPTAKE_BY_INSULIN_LIKE_GROWTH_FACTOR_BINDING_PROTEINS_IGFBPS,unknown,0.49600293023791103,scGPT reference mapping
REACTOME_RESPONSE_TO_ELEVATED_PLATELET_CYTOSOLIC_CA2,unknown,0.1216666114657221,scGPT reference mapping
REACTOME_SIGNALING_BY_GPCR,unknown,0.8666084229410633,scGPT reference mapping
REACTOME_TERMINAL_PATHWAY_OF_COMPLEMENT,unknown,0.8592419274590666,scGPT reference mapping
REACTOME_TRANSPORT_OF_GAMMA_CARBOXYLATED_PROTEIN_PRECURSORS_FROM_THE_ENDOPLASMIC_RETICULUM_TO_THE_GOLGI_APPARATUS,unknown,0.11660580850313239,scGPT reference mapping
REACTOME_TRANSPORT_TO_THE_GOLGI_AND_SUBSEQUENT_MODIFICATION,unknown,0.1216666114657221,scGPT reference mapping
REACTOME_VESICLE_MEDIATED_TRANSPORT,unknown,0.1216666114657221,scGPT reference mapping
REACTOME_ACTIVATION_OF_C3_AND_C5,Plasma_IgA,0.8655258854678034,scGPT reference mapping
REACTOME_ADAPTIVE_IMMUNE_SYSTEM,Plasma_IgA,0.8667100297678658,scGPT reference mapping
REACTOME_ALTERNATIVE_COMPLEMENT_ACTIVATION,Plasma_IgA,0.8667100297678658,scGPT reference mapping
REACTOME_ASPARAGINE_N_LINKED_GLYCOSYLATION,Plasma_IgA,0.11740331111250714,scGPT reference mapping
REACTOME_CARGO_CONCENTRATION_IN_THE_ER,Plasma_IgA,0.11740331111250714,scGPT reference mapping
REACTOME_CLASS_A_1_RHODOPSIN_LIKE_RECEPTORS,Plasma_IgA,0.8667100297678658,scGPT reference mapping
REACTOME_COMMON_PATHWAY_OF_FIBRIN_CLOT_FORMATION,Plasma_IgA,0.11692709204600409,scGPT reference mapping
REACTOME_COMPLEMENT_CASCADE,Plasma_IgA,0.8604629185008298,scGPT reference mapping
REACTOME_COPII_MEDIATED_VESICLE_TRANSPORT,Plasma_IgA,0.11740331111250714,scGPT reference mapping
REACTOME_ER_TO_GOLGI_ANTEROGRADE_TRANSPORT,Plasma_IgA,0.11740331111250714,scGPT reference mapping
REACTOME_EXTRINSIC_PATHWAY_OF_FIBRIN_CLOT_FORMATION,Plasma_IgA,0.12169433475660672,scGPT reference mapping
REACTOME_FORMATION_OF_FIBRIN_CLOT_CLOTTING_CASCADE,Plasma_IgA,0.11941065470232867,scGPT reference mapping
REACTOME_GAMMA_CARBOXYLATION_HYPUSINYLATION_HYDROXYLATION_AND_ARYLSULFATASE_ACTIVATION,Plasma_IgA,0.11685669188068394,scGPT reference mapping
REACTOME_GAMMA_CARBOXYLATION_OF_PROTEIN_PRECURSORS,Plasma_IgA,0.11536604458255148,scGPT reference mapping
REACTOME_GAMMA_CARBOXYLATION_TRANSPORT_AND_AMINO_TERMINAL_CLEAVAGE_OF_PROTEINS,Plasma_IgA,0.11536604458255148,scGPT reference mapping
REACTOME_GPCR_LIGAND_BINDING,Plasma_IgA,0.8667100297678658,scGPT reference mapping
REACTOME_G_ALPHA_I_SIGNALLING_EVENTS,Plasma_IgA,0.8667100297678658,scGPT reference mapping
REACTOME_HEMOSTASIS,Plasma_IgA,0.11941065470232867,scGPT reference mapping
REACTOME_IMMUNE_SYSTEM,Plasma_IgA,0.8604629185008298,scGPT reference mapping
REACTOME_IMMUNOREGULATORY_INTERACTIONS_BETWEEN_A_LYMPHOID_AND_A_NON_LYMPHOID_CELL,Plasma_IgA,0.8667100297678658,scGPT reference mapping
REACTOME_INITIAL_TRIGGERING_OF_COMPLEMENT,Plasma_IgA,0.8655258854678034,scGPT reference mapping
REACTOME_INNATE_IMMUNE_SYSTEM,Plasma_IgA,0.8604629185008298,scGPT reference mapping
REACTOME_INTRINSIC_PATHWAY_OF_FIBRIN_CLOT_FORMATION,Plasma_IgA,0.1165687901482108,scGPT reference mapping
REACTOME_MEMBRANE_TRAFFICKING,Plasma_IgA,0.11740331111250714,scGPT reference mapping
REACTOME_METABOLISM_OF_PROTEINS,Plasma_IgA,0.267598292675255,scGPT reference mapping
REACTOME_NEUTROPHIL_DEGRANULATION,Plasma_IgA,0.8667100297678658,scGPT reference mapping
REACTOME_PEPTIDE_LIGAND_BINDING_RECEPTORS,Plasma_IgA,0.8667100297678658,scGPT reference mapping
REACTOME_PLATELET_ACTIVATION_SIGNALING_AND_AGGREGATION,Plasma_IgA,0.11740331111250714,scGPT reference mapping
REACTOME_POST_TRANSLATIONAL_PROTEIN_MODIFICATION,Plasma_IgA,0.267598292675255,scGPT reference mapping
REACTOME_REGULATION_OF_INSULIN_LIKE_GROWTH_FACTOR_IGF_TRANSPORT_AND_UPTAKE_BY_INSULIN_LIKE_GROWTH_FACTOR_BINDING_PROTEINS_IGFBPS,Plasma_IgA,0.49260815046482,scGPT reference mapping
REACTOME_RESPONSE_TO_ELEVATED_PLATELET_CYTOSOLIC_CA2,Plasma_IgA,0.11740331111250714,scGPT reference mapping
REACTOME_SIGNALING_BY_GPCR,Plasma_IgA,0.8667100297678658,scGPT reference mapping
REACTOME_TERMINAL_PATHWAY_OF_COMPLEMENT,Plasma_IgA,0.856781809393663,scGPT reference mapping
REACTOME_TRANSPORT_OF_GAMMA_CARBOXYLATED_PROTEIN_PRECURSORS_FROM_THE_ENDOPLASMIC_RETICULUM_TO_THE_GOLGI_APPARATUS,Plasma_IgA,0.11536604458255148,scGPT reference mapping
REACTOME_TRANSPORT_TO_THE_GOLGI_AND_SUBSEQUENT_MODIFICATION,Plasma_IgA,0.11740331111250714,scGPT reference mapping
REACTOME_VESICLE_MEDIATED_TRANSPORT,Plasma_IgA,0.11740331111250714,scGPT reference mapping
REACTOME_ACTIVATION_OF_C3_AND_C5,Tumor,0.8507836939542402,scGPT reference mapping
REACTOME_ADAPTIVE_IMMUNE_SYSTEM,Tumor,0.8493868209690187,scGPT reference mapping
REACTOME_ALTERNATIVE_COMPLEMENT_ACTIVATION,Tumor,0.8493868209690187,scGPT reference mapping
REACTOME_ASPARAGINE_N_LINKED_GLYCOSYLATION,Tumor,0.11017343883982957,scGPT reference mapping
REACTOME_CARGO_CONCENTRATION_IN_THE_ER,Tumor,0.11017343883982957,scGPT reference mapping
REACTOME_CLASS_A_1_RHODOPSIN_LIKE_RECEPTORS,Tumor,0.8493868209690187,scGPT reference mapping
REACTOME_COMMON_PATHWAY_OF_FIBRIN_CLOT_FORMATION,Tumor,0.1089600202354842,scGPT reference mapping
REACTOME_COMPLEMENT_CASCADE,Tumor,0.8465028593524491,scGPT reference mapping
REACTOME_COPII_MEDIATED_VESICLE_TRANSPORT,Tumor,0.11017343883982957,scGPT reference mapping
REACTOME_ER_TO_GOLGI_ANTEROGRADE_TRANSPORT,Tumor,0.11017343883982957,scGPT reference mapping
REACTOME_EXTRINSIC_PATHWAY_OF_FIBRIN_CLOT_FORMATION,Tumor,0.11204403085658377,scGPT reference mapping
REACTOME_FORMATION_OF_FIBRIN_CLOT_CLOTTING_CASCADE,Tumor,0.11432314047771676,scGPT reference mapping
REACTOME_GAMMA_CARBOXYLATION_HYPUSINYLATION_HYDROXYLATION_AND_ARYLSULFATASE_ACTIVATION,Tumor,0.10831316679544035,scGPT reference mapping
REACTOME_GAMMA_CARBOXYLATION_OF_PROTEIN_PRECURSORS,Tumor,0.10555520333810828,scGPT reference mapping
REACTOME_GAMMA_CARBOXYLATION_TRANSPORT_AND_AMINO_TERMINAL_CLEAVAGE_OF_PROTEINS,Tumor,0.10555520333810828,scGPT reference mapping
REACTOME_GPCR_LIGAND_BINDING,Tumor,0.8493868209690187,scGPT reference mapping
REACTOME_G_ALPHA_I_SIGNALLING_EVENTS,Tumor,0.8493868209690187,scGPT reference mapping
REACTOME_HEMOSTASIS,Tumor,0.11432314047771676,scGPT reference mapping
REACTOME_IMMUNE_SYSTEM,Tumor,0.8465028593524491,scGPT reference mapping
REACTOME_IMMUNOREGULATORY_INTERACTIONS_BETWEEN_A_LYMPHOID_AND_A_NON_LYMPHOID_CELL,Tumor,0.8493868209690187,scGPT reference mapping
REACTOME_INITIAL_TRIGGERING_OF_COMPLEMENT,Tumor,0.8507836939542402,scGPT reference mapping
REACTOME_INNATE_IMMUNE_SYSTEM,Tumor,0.8465028593524491,scGPT reference mapping
REACTOME_INTRINSIC_PATHWAY_OF_FIBRIN_CLOT_FORMATION,Tumor,0.11322761838140395,scGPT reference mapping
REACTOME_MEMBRANE_TRAFFICKING,Tumor,0.11017343883982957,scGPT reference mapping
REACTOME_METABOLISM_OF_PROTEINS,Tumor,0.2565944551144269,scGPT reference mapping
REACTOME_NEUTROPHIL_DEGRANULATION,Tumor,0.8493868209690187,scGPT reference mapping
REACTOME_PEPTIDE_LIGAND_BINDING_RECEPTORS,Tumor,0.8493868209690187,scGPT reference mapping
REACTOME_PLATELET_ACTIVATION_SIGNALING_AND_AGGREGATION,Tumor,0.11017343883982957,scGPT reference mapping
REACTOME_POST_TRANSLATIONAL_PROTEIN_MODIFICATION,Tumor,0.2565944551144269,scGPT reference mapping
REACTOME_REGULATION_OF_INSULIN_LIKE_GROWTH_FACTOR_IGF_TRANSPORT_AND_UPTAKE_BY_INSULIN_LIKE_GROWTH_FACTOR_BINDING_PROTEINS_IGFBPS,Tumor,0.4785507090438617,scGPT reference mapping
REACTOME_RESPONSE_TO_ELEVATED_PLATELET_CYTOSOLIC_CA2,Tumor,0.11017343883982957,scGPT reference mapping
REACTOME_SIGNALING_BY_GPCR,Tumor,0.8493868209690187,scGPT reference mapping
REACTOME_TERMINAL_PATHWAY_OF_COMPLEMENT,Tumor,0.8434446502278511,scGPT reference mapping
REACTOME_TRANSPORT_OF_GAMMA_CARBOXYLATED_PROTEIN_PRECURSORS_FROM_THE_ENDOPLASMIC_RETICULUM_TO_THE_GOLGI_APPARATUS,Tumor,0.10555520333810828,scGPT reference mapping
REACTOME_TRANSPORT_TO_THE_GOLGI_AND_SUBSEQUENT_MODIFICATION,Tumor,0.11017343883982957,scGPT reference mapping
REACTOME_VESICLE_MEDIATED_TRANSPORT,Tumor,0.11017343883982957,scGPT reference mapping
REACTOME_ACTIVATION_OF_C3_AND_C5,Germinal_Center_Plasma_IgM_B_cell,0.8644249637682584,scGPT reference mapping
REACTOME_ADAPTIVE_IMMUNE_SYSTEM,Germinal_Center_Plasma_IgM_B_cell,0.8656426183122062,scGPT reference mapping
REACTOME_ALTERNATIVE_COMPLEMENT_ACTIVATION,Germinal_Center_Plasma_IgM_B_cell,0.8656426183122062,scGPT reference mapping
REACTOME_ASPARAGINE_N_LINKED_GLYCOSYLATION,Germinal_Center_Plasma_IgM_B_cell,0.11819281672926953,scGPT reference mapping
REACTOME_CARGO_CONCENTRATION_IN_THE_ER,Germinal_Center_Plasma_IgM_B_cell,0.11819281672926953,scGPT reference mapping
REACTOME_CLASS_A_1_RHODOPSIN_LIKE_RECEPTORS,Germinal_Center_Plasma_IgM_B_cell,0.8656426183122062,scGPT reference mapping
REACTOME_COMMON_PATHWAY_OF_FIBRIN_CLOT_FORMATION,Germinal_Center_Plasma_IgM_B_cell,0.11764048817187135,scGPT reference mapping
REACTOME_COMPLEMENT_CASCADE,Germinal_Center_Plasma_IgM_B_cell,0.8596352438151844,scGPT reference mapping
REACTOME_COPII_MEDIATED_VESICLE_TRANSPORT,Germinal_Center_Plasma_IgM_B_cell,0.11819281672926953,scGPT reference mapping
REACTOME_ER_TO_GOLGI_ANTEROGRADE_TRANSPORT,Germinal_Center_Plasma_IgM_B_cell,0.11819281672926953,scGPT reference mapping
REACTOME_EXTRINSIC_PATHWAY_OF_FIBRIN_CLOT_FORMATION,Germinal_Center_Plasma_IgM_B_cell,0.11491188091706472,scGPT reference mapping
REACTOME_FORMATION_OF_FIBRIN_CLOT_CLOTTING_CASCADE,Germinal_Center_Plasma_IgM_B_cell,0.11618990504029639,scGPT reference mapping
REACTOME_GAMMA_CARBOXYLATION_HYPUSINYLATION_HYDROXYLATION_AND_ARYLSULFATASE_ACTIVATION,Germinal_Center_Plasma_IgM_B_cell,0.1160249660428417,scGPT reference mapping
REACTOME_GAMMA_CARBOXYLATION_OF_PROTEIN_PRECURSORS,Germinal_Center_Plasma_IgM_B_cell,0.11490878705108666,scGPT reference mapping
REACTOME_GAMMA_CARBOXYLATION_TRANSPORT_AND_AMINO_TERMINAL_CLEAVAGE_OF_PROTEINS,Germinal_Center_Plasma_IgM_B_cell,0.11490878705108666,scGPT reference mapping
REACTOME_GPCR_LIGAND_BINDING,Germinal_Center_Plasma_IgM_B_cell,0.8656426183122062,scGPT reference mapping
REACTOME_G_ALPHA_I_SIGNALLING_EVENTS,Germinal_Center_Plasma_IgM_B_cell,0.8656426183122062,scGPT reference mapping
REACTOME_HEMOSTASIS,Germinal_Center_Plasma_IgM_B_cell,0.11618990504029639,scGPT reference mapping
REACTOME_IMMUNE_SYSTEM,Germinal_Center_Plasma_IgM_B_cell,0.8596352438151844,scGPT reference mapping
REACTOME_IMMUNOREGULATORY_INTERACTIONS_BETWEEN_A_LYMPHOID_AND_A_NON_LYMPHOID_CELL,Germinal_Center_Plasma_IgM_B_cell,0.8656426183122062,scGPT reference mapping
REACTOME_INITIAL_TRIGGERING_OF_COMPLEMENT,Germinal_Center_Plasma_IgM_B_cell,0.8644249637682584,scGPT reference mapping
REACTOME_INNATE_IMMUNE_SYSTEM,Germinal_Center_Plasma_IgM_B_cell,0.8596352438151844,scGPT reference mapping
REACTOME_INTRINSIC_PATHWAY_OF_FIBRIN_CLOT_FORMATION,Germinal_Center_Plasma_IgM_B_cell,0.11587033668446628,scGPT reference mapping
REACTOME_MEMBRANE_TRAFFICKING,Germinal_Center_Plasma_IgM_B_cell,0.11819281672926953,scGPT reference mapping
REACTOME_METABOLISM_OF_PROTEINS,Germinal_Center_Plasma_IgM_B_cell,0.2676591959256551,scGPT reference mapping
REACTOME_NEUTROPHIL_DEGRANULATION,Germinal_Center_Plasma_IgM_B_cell,0.8656426183122062,scGPT reference mapping
REACTOME_PEPTIDE_LIGAND_BINDING_RECEPTORS,Germinal_Center_Plasma_IgM_B_cell,0.8656426183122062,scGPT reference mapping
REACTOME_PLATELET_ACTIVATION_SIGNALING_AND_AGGREGATION,Germinal_Center_Plasma_IgM_B_cell,0.11819281672926953,scGPT reference mapping
REACTOME_POST_TRANSLATIONAL_PROTEIN_MODIFICATION,Germinal_Center_Plasma_IgM_B_cell,0.2676591959256551,scGPT reference mapping
REACTOME_REGULATION_OF_INSULIN_LIKE_GROWTH_FACTOR_IGF_TRANSPORT_AND_UPTAKE_BY_INSULIN_LIKE_GROWTH_FACTOR_BINDING_PROTEINS_IGFBPS,Germinal_Center_Plasma_IgM_B_cell,0.4936076320492419,scGPT reference mapping
REACTOME_RESPONSE_TO_ELEVATED_PLATELET_CYTOSOLIC_CA2,Germinal_Center_Plasma_IgM_B_cell,0.11819281672926953,scGPT reference mapping
REACTOME_SIGNALING_BY_GPCR,Germinal_Center_Plasma_IgM_B_cell,0.8656426183122062,scGPT reference mapping
REACTOME_TERMINAL_PATHWAY_OF_COMPLEMENT,Germinal_Center_Plasma_IgM_B_cell,0.856106874746367,scGPT reference mapping
REACTOME_TRANSPORT_OF_GAMMA_CARBOXYLATED_PROTEIN_PRECURSORS_FROM_THE_ENDOPLASMIC_RETICULUM_TO_THE_GOLGI_APPARATUS,Germinal_Center_Plasma_IgM_B_cell,0.11490878705108666,scGPT reference mapping
REACTOME_TRANSPORT_TO_THE_GOLGI_AND_SUBSEQUENT_MODIFICATION,Germinal_Center_Plasma_IgM_B_cell,0.11819281672926953,scGPT reference mapping
REACTOME_VESICLE_MEDIATED_TRANSPORT,Germinal_Center_Plasma_IgM_B_cell,0.11819281672926953,scGPT reference mapping
REACTOME_ACTIVATION_OF_C3_AND_C5,CAM,0.8562660132557557,scGPT reference mapping
REACTOME_ADAPTIVE_IMMUNE_SYSTEM,CAM,0.8574571545971285,scGPT reference mapping
REACTOME_ALTERNATIVE_COMPLEMENT_ACTIVATION,CAM,0.8574571545971285,scGPT reference mapping
REACTOME_ASPARAGINE_N_LINKED_GLYCOSYLATION,CAM,0.10758557385455747,scGPT reference mapping
REACTOME_CARGO_CONCENTRATION_IN_THE_ER,CAM,0.10758557385455747,scGPT reference mapping
REACTOME_CLASS_A_1_RHODOPSIN_LIKE_RECEPTORS,CAM,0.8574571545971285,scGPT reference mapping
REACTOME_COMMON_PATHWAY_OF_FIBRIN_CLOT_FORMATION,CAM,0.10666229871286813,scGPT reference mapping
REACTOME_COMPLEMENT_CASCADE,CAM,0.8485484787951691,scGPT reference mapping
REACTOME_COPII_MEDIATED_VESICLE_TRANSPORT,CAM,0.10758557385455747,scGPT reference mapping
REACTOME_ER_TO_GOLGI_ANTEROGRADE_TRANSPORT,CAM,0.10758557385455747,scGPT reference mapping
REACTOME_EXTRINSIC_PATHWAY_OF_FIBRIN_CLOT_FORMATION,CAM,0.10664314841735825,scGPT reference mapping
REACTOME_FORMATION_OF_FIBRIN_CLOT_CLOTTING_CASCADE,CAM,0.10935002088918096,scGPT reference mapping
REACTOME_GAMMA_CARBOXYLATION_HYPUSINYLATION_HYDROXYLATION_AND_ARYLSULFATASE_ACTIVATION,CAM,0.10659174997781012,scGPT reference mapping
REACTOME_GAMMA_CARBOXYLATION_OF_PROTEIN_PRECURSORS,CAM,0.10412526319543264,scGPT reference mapping
REACTOME_GAMMA_CARBOXYLATION_TRANSPORT_AND_AMINO_TERMINAL_CLEAVAGE_OF_PROTEINS,CAM,0.10412526319543264,scGPT reference mapping
REACTOME_GPCR_LIGAND_BINDING,CAM,0.8574571545971285,scGPT reference mapping
REACTOME_G_ALPHA_I_SIGNALLING_EVENTS,CAM,0.8574571545971285,scGPT reference mapping
REACTOME_HEMOSTASIS,CAM,0.10935002088918096,scGPT reference mapping
REACTOME_IMMUNE_SYSTEM,CAM,0.8485484787951691,scGPT reference mapping
REACTOME_IMMUNOREGULATORY_INTERACTIONS_BETWEEN_A_LYMPHOID_AND_A_NON_LYMPHOID_CELL,CAM,0.8574571545971285,scGPT reference mapping
REACTOME_INITIAL_TRIGGERING_OF_COMPLEMENT,CAM,0.8562660132557557,scGPT reference mapping
REACTOME_INNATE_IMMUNE_SYSTEM,CAM,0.8485484787951691,scGPT reference mapping
REACTOME_INTRINSIC_PATHWAY_OF_FIBRIN_CLOT_FORMATION,CAM,0.1099722861395062,scGPT reference mapping
REACTOME_MEMBRANE_TRAFFICKING,CAM,0.10758557385455747,scGPT reference mapping
REACTOME_METABOLISM_OF_PROTEINS,CAM,0.25809575150362357,scGPT reference mapping
REACTOME_NEUTROPHIL_DEGRANULATION,CAM,0.8574571545971285,scGPT reference mapping
REACTOME_PEPTIDE_LIGAND_BINDING_RECEPTORS,CAM,0.8574571545971285,scGPT reference mapping
REACTOME_PLATELET_ACTIVATION_SIGNALING_AND_AGGREGATION,CAM,0.10758557385455747,scGPT reference mapping
REACTOME_POST_TRANSLATIONAL_PROTEIN_MODIFICATION,CAM,0.25809575150362357,scGPT reference mapping
REACTOME_REGULATION_OF_INSULIN_LIKE_GROWTH_FACTOR_IGF_TRANSPORT_AND_UPTAKE_BY_INSULIN_LIKE_GROWTH_FACTOR_BINDING_PROTEINS_IGFBPS,CAM,0.4834175017395374,scGPT reference mapping
REACTOME_RESPONSE_TO_ELEVATED_PLATELET_CYTOSOLIC_CA2,CAM,0.10758557385455747,scGPT reference mapping
REACTOME_SIGNALING_BY_GPCR,CAM,0.8574571545971285,scGPT reference mapping
REACTOME_TERMINAL_PATHWAY_OF_COMPLEMENT,CAM,0.8428856898409381,scGPT reference mapping
REACTOME_TRANSPORT_OF_GAMMA_CARBOXYLATED_PROTEIN_PRECURSORS_FROM_THE_ENDOPLASMIC_RETICULUM_TO_THE_GOLGI_APPARATUS,CAM,0.10412526319543264,scGPT reference mapping
REACTOME_TRANSPORT_TO_THE_GOLGI_AND_SUBSEQUENT_MODIFICATION,CAM,0.10758557385455747,scGPT reference mapping
REACTOME_VESICLE_MEDIATED_TRANSPORT,CAM,0.10758557385455747,scGPT reference mapping
REACTOME_ACTIVATION_OF_C3_AND_C5,Tumor_Keratin_Pearl,0.8475558613797051,scGPT reference mapping
REACTOME_ADAPTIVE_IMMUNE_SYSTEM,Tumor_Keratin_Pearl,0.8479887292426356,scGPT reference mapping
REACTOME_ALTERNATIVE_COMPLEMENT_ACTIVATION,Tumor_Keratin_Pearl,0.8479887292426356,scGPT reference mapping
REACTOME_ASPARAGINE_N_LINKED_GLYCOSYLATION,Tumor_Keratin_Pearl,0.10849097070927569,scGPT reference mapping
REACTOME_CARGO_CONCENTRATION_IN_THE_ER,Tumor_Keratin_Pearl,0.10849097070927569,scGPT reference mapping
REACTOME_CLASS_A_1_RHODOPSIN_LIKE_RECEPTORS,Tumor_Keratin_Pearl,0.8479887292426356,scGPT reference mapping
REACTOME_COMMON_PATHWAY_OF_FIBRIN_CLOT_FORMATION,Tumor_Keratin_Pearl,0.1068665860001748,scGPT reference mapping
REACTOME_COMPLEMENT_CASCADE,Tumor_Keratin_Pearl,0.8433030732379488,scGPT reference mapping
REACTOME_COPII_MEDIATED_VESICLE_TRANSPORT,Tumor_Keratin_Pearl,0.10849097070927569,scGPT reference mapping
REACTOME_ER_TO_GOLGI_ANTEROGRADE_TRANSPORT,Tumor_Keratin_Pearl,0.10849097070927569,scGPT reference mapping
REACTOME_EXTRINSIC_PATHWAY_OF_FIBRIN_CLOT_FORMATION,Tumor_Keratin_Pearl,0.10681308412536031,scGPT reference mapping
REACTOME_FORMATION_OF_FIBRIN_CLOT_CLOTTING_CASCADE,Tumor_Keratin_Pearl,0.10694394398126611,scGPT reference mapping
REACTOME_GAMMA_CARBOXYLATION_HYPUSINYLATION_HYDROXYLATION_AND_ARYLSULFATASE_ACTIVATION,Tumor_Keratin_Pearl,0.10679643972590111,scGPT reference mapping
REACTOME_GAMMA_CARBOXYLATION_OF_PROTEIN_PRECURSORS,Tumor_Keratin_Pearl,0.10279575957791316,scGPT reference mapping
REACTOME_GAMMA_CARBOXYLATION_TRANSPORT_AND_AMINO_TERMINAL_CLEAVAGE_OF_PROTEINS,Tumor_Keratin_Pearl,0.10279575957791316,scGPT reference mapping
REACTOME_GPCR_LIGAND_BINDING,Tumor_Keratin_Pearl,0.8479887292426356,scGPT reference mapping
REACTOME_G_ALPHA_I_SIGNALLING_EVENTS,Tumor_Keratin_Pearl,0.8479887292426356,scGPT reference mapping
REACTOME_HEMOSTASIS,Tumor_Keratin_Pearl,0.10694394398126611,scGPT reference mapping
REACTOME_IMMUNE_SYSTEM,Tumor_Keratin_Pearl,0.8433030732379488,scGPT reference mapping
REACTOME_IMMUNOREGULATORY_INTERACTIONS_BETWEEN_A_LYMPHOID_AND_A_NON_LYMPHOID_CELL,Tumor_Keratin_Pearl,0.8479887292426356,scGPT reference mapping
REACTOME_INITIAL_TRIGGERING_OF_COMPLEMENT,Tumor_Keratin_Pearl,0.8475558613797051,scGPT reference mapping
REACTOME_INNATE_IMMUNE_SYSTEM,Tumor_Keratin_Pearl,0.8433030732379488,scGPT reference mapping
REACTOME_INTRINSIC_PATHWAY_OF_FIBRIN_CLOT_FORMATION,Tumor_Keratin_Pearl,0.1059101867075596,scGPT reference mapping
REACTOME_MEMBRANE_TRAFFICKING,Tumor_Keratin_Pearl,0.10849097070927569,scGPT reference mapping
REACTOME_METABOLISM_OF_PROTEINS,Tumor_Keratin_Pearl,0.2548672725759466,scGPT reference mapping
REACTOME_NEUTROPHIL_DEGRANULATION,Tumor_Keratin_Pearl,0.8479887292426356,scGPT reference mapping
REACTOME_PEPTIDE_LIGAND_BINDING_RECEPTORS,Tumor_Keratin_Pearl,0.8479887292426356,scGPT reference mapping
REACTOME_PLATELET_ACTIVATION_SIGNALING_AND_AGGREGATION,Tumor_Keratin_Pearl,0.10849097070927569,scGPT reference mapping
REACTOME_POST_TRANSLATIONAL_PROTEIN_MODIFICATION,Tumor_Keratin_Pearl,0.2548672725759466,scGPT reference mapping
REACTOME_REGULATION_OF_INSULIN_LIKE_GROWTH_FACTOR_IGF_TRANSPORT_AND_UPTAKE_BY_INSULIN_LIKE_GROWTH_FACTOR_BINDING_PROTEINS_IGFBPS,Tumor_Keratin_Pearl,0.47625727345337754,scGPT reference mapping
REACTOME_RESPONSE_TO_ELEVATED_PLATELET_CYTOSOLIC_CA2,Tumor_Keratin_Pearl,0.10849097070927569,scGPT reference mapping
REACTOME_SIGNALING_BY_GPCR,Tumor_Keratin_Pearl,0.8479887292426356,scGPT reference mapping
REACTOME_TERMINAL_PATHWAY_OF_COMPLEMENT,Tumor_Keratin_Pearl,0.8402414618565245,scGPT reference mapping
REACTOME_TRANSPORT_OF_GAMMA_CARBOXYLATED_PROTEIN_PRECURSORS_FROM_THE_ENDOPLASMIC_RETICULUM_TO_THE_GOLGI_APPARATUS,Tumor_Keratin_Pearl,0.10279575957791316,scGPT reference mapping
REACTOME_TRANSPORT_TO_THE_GOLGI_AND_SUBSEQUENT_MODIFICATION,Tumor_Keratin_Pearl,0.10849097070927569,scGPT reference mapping
REACTOME_VESICLE_MEDIATED_TRANSPORT,Tumor_Keratin_Pearl,0.10849097070927569,scGPT reference mapping
REACTOME_ACTIVATION_OF_C3_AND_C5,T_cell,0.8646177968773381,scGPT reference mapping
REACTOME_ADAPTIVE_IMMUNE_SYSTEM,T_cell,0.8652576153167806,scGPT reference mapping
REACTOME_ALTERNATIVE_COMPLEMENT_ACTIVATION,T_cell,0.8652576153167806,scGPT reference mapping
REACTOME_ASPARAGINE_N_LINKED_GLYCOSYLATION,T_cell,0.12323075420377755,scGPT reference mapping
REACTOME_CARGO_CONCENTRATION_IN_THE_ER,T_cell,0.12323075420377755,scGPT reference mapping
REACTOME_CLASS_A_1_RHODOPSIN_LIKE_RECEPTORS,T_cell,0.8652576153167806,scGPT reference mapping
REACTOME_COMMON_PATHWAY_OF_FIBRIN_CLOT_FORMATION,T_cell,0.12083552781344588,scGPT reference mapping
REACTOME_COMPLEMENT_CASCADE,T_cell,0.8604883434006162,scGPT reference mapping
REACTOME_COPII_MEDIATED_VESICLE_TRANSPORT,T_cell,0.12323075420377755,scGPT reference mapping
REACTOME_ER_TO_GOLGI_ANTEROGRADE_TRANSPORT,T_cell,0.12323075420377755,scGPT reference mapping
REACTOME_EXTRINSIC_PATHWAY_OF_FIBRIN_CLOT_FORMATION,T_cell,0.11501622227689065,scGPT reference mapping
REACTOME_FORMATION_OF_FIBRIN_CLOT_CLOTTING_CASCADE,T_cell,0.11827681940480021,scGPT reference mapping
REACTOME_GAMMA_CARBOXYLATION_HYPUSINYLATION_HYDROXYLATION_AND_ARYLSULFATASE_ACTIVATION,T_cell,0.11772754272783839,scGPT reference mapping
REACTOME_GAMMA_CARBOXYLATION_OF_PROTEIN_PRECURSORS,T_cell,0.11507109693891136,scGPT reference mapping
REACTOME_GAMMA_CARBOXYLATION_TRANSPORT_AND_AMINO_TERMINAL_CLEAVAGE_OF_PROTEINS,T_cell,0.11507109693891136,scGPT reference mapping
REACTOME_GPCR_LIGAND_BINDING,T_cell,0.8652576153167806,scGPT reference mapping
REACTOME_G_ALPHA_I_SIGNALLING_EVENTS,T_cell,0.8652576153167806,scGPT reference mapping
REACTOME_HEMOSTASIS,T_cell,0.11827681940480021,scGPT reference mapping
REACTOME_IMMUNE_SYSTEM,T_cell,0.8604883434006162,scGPT reference mapping
REACTOME_IMMUNOREGULATORY_INTERACTIONS_BETWEEN_A_LYMPHOID_AND_A_NON_LYMPHOID_CELL,T_cell,0.8652576153167806,scGPT reference mapping
REACTOME_INITIAL_TRIGGERING_OF_COMPLEMENT,T_cell,0.8646177968773381,scGPT reference mapping
REACTOME_INNATE_IMMUNE_SYSTEM,T_cell,0.8604883434006162,scGPT reference mapping
REACTOME_INTRINSIC_PATHWAY_OF_FIBRIN_CLOT_FORMATION,T_cell,0.11758215205931576,scGPT reference mapping
REACTOME_MEMBRANE_TRAFFICKING,T_cell,0.12323075420377755,scGPT reference mapping
REACTOME_METABOLISM_OF_PROTEINS,T_cell,0.26942196699900084,scGPT reference mapping
REACTOME_NEUTROPHIL_DEGRANULATION,T_cell,0.8652576153167806,scGPT reference mapping
REACTOME_PEPTIDE_LIGAND_BINDING_RECEPTORS,T_cell,0.8652576153167806,scGPT reference mapping
REACTOME_PLATELET_ACTIVATION_SIGNALING_AND_AGGREGATION,T_cell,0.12323075420377755,scGPT reference mapping
REACTOME_POST_TRANSLATIONAL_PROTEIN_MODIFICATION,T_cell,0.26942196699900084,scGPT reference mapping
REACTOME_REGULATION_OF_INSULIN_LIKE_GROWTH_FACTOR_IGF_TRANSPORT_AND_UPTAKE_BY_INSULIN_LIKE_GROWTH_FACTOR_BINDING_PROTEINS_IGFBPS,T_cell,0.4955411509601794,scGPT reference mapping
REACTOME_RESPONSE_TO_ELEVATED_PLATELET_CYTOSOLIC_CA2,T_cell,0.12323075420377755,scGPT reference mapping
REACTOME_SIGNALING_BY_GPCR,T_cell,0.8652576153167806,scGPT reference mapping
REACTOME_TERMINAL_PATHWAY_OF_COMPLEMENT,T_cell,0.8574439732489862,scGPT reference mapping
REACTOME_TRANSPORT_OF_GAMMA_CARBOXYLATED_PROTEIN_PRECURSORS_FROM_THE_ENDOPLASMIC_RETICULUM_TO_THE_GOLGI_APPARATUS,T_cell,0.11507109693891136,scGPT reference mapping
REACTOME_TRANSPORT_TO_THE_GOLGI_AND_SUBSEQUENT_MODIFICATION,T_cell,0.12323075420377755,scGPT reference mapping
REACTOME_VESICLE_MEDIATED_TRANSPORT,T_cell,0.12323075420377755,scGPT reference mapping
REACTOME_ACTIVATION_OF_C3_AND_C5,CAF,0.8709195238640957,Seurat
REACTOME_ADAPTIVE_IMMUNE_SYSTEM,CAF,0.878327147382432,Seurat
REACTOME_ALTERNATIVE_COMPLEMENT_ACTIVATION,CAF,0.878327147382432,Seurat
REACTOME_ASPARAGINE_N_LINKED_GLYCOSYLATION,CAF,0.11869157186917081,Seurat
REACTOME_CARGO_CONCENTRATION_IN_THE_ER,CAF,0.11869157186917081,Seurat
REACTOME_CLASS_A_1_RHODOPSIN_LIKE_RECEPTORS,CAF,0.878327147382432,Seurat
REACTOME_COMMON_PATHWAY_OF_FIBRIN_CLOT_FORMATION,CAF,0.11655660131559666,Seurat
REACTOME_COMPLEMENT_CASCADE,CAF,0.8606869496138077,Seurat
REACTOME_COPII_MEDIATED_VESICLE_TRANSPORT,CAF,0.11869157186917081,Seurat
REACTOME_ER_TO_GOLGI_ANTEROGRADE_TRANSPORT,CAF,0.11869157186917081,Seurat
REACTOME_EXTRINSIC_PATHWAY_OF_FIBRIN_CLOT_FORMATION,CAF,0.11678891139310292,Seurat
REACTOME_FORMATION_OF_FIBRIN_CLOT_CLOTTING_CASCADE,CAF,0.11799531323340758,Seurat
REACTOME_GAMMA_CARBOXYLATION_HYPUSINYLATION_HYDROXYLATION_AND_ARYLSULFATASE_ACTIVATION,CAF,0.11359021849107763,Seurat
REACTOME_GAMMA_CARBOXYLATION_OF_PROTEIN_PRECURSORS,CAF,0.11091119603241219,Seurat
REACTOME_GAMMA_CARBOXYLATION_TRANSPORT_AND_AMINO_TERMINAL_CLEAVAGE_OF_PROTEINS,CAF,0.11091119603241219,Seurat
REACTOME_GPCR_LIGAND_BINDING,CAF,0.878327147382432,Seurat
REACTOME_G_ALPHA_I_SIGNALLING_EVENTS,CAF,0.878327147382432,Seurat
REACTOME_HEMOSTASIS,CAF,0.11799531323340758,Seurat
REACTOME_IMMUNE_SYSTEM,CAF,0.8606869496138077,Seurat
REACTOME_IMMUNOREGULATORY_INTERACTIONS_BETWEEN_A_LYMPHOID_AND_A_NON_LYMPHOID_CELL,CAF,0.878327147382432,Seurat
REACTOME_INITIAL_TRIGGERING_OF_COMPLEMENT,CAF,0.8709195238640957,Seurat
REACTOME_INNATE_IMMUNE_SYSTEM,CAF,0.8606869496138077,Seurat
REACTOME_INTRINSIC_PATHWAY_OF_FIBRIN_CLOT_FORMATION,CAF,0.11483200097169251,Seurat
REACTOME_MEMBRANE_TRAFFICKING,CAF,0.11869157186917081,Seurat
REACTOME_METABOLISM_OF_PROTEINS,CAF,0.2716339045911003,Seurat
REACTOME_NEUTROPHIL_DEGRANULATION,CAF,0.878327147382432,Seurat
REACTOME_PEPTIDE_LIGAND_BINDING_RECEPTORS,CAF,0.878327147382432,Seurat
REACTOME_PLATELET_ACTIVATION_SIGNALING_AND_AGGREGATION,CAF,0.11869157186917081,Seurat
REACTOME_POST_TRANSLATIONAL_PROTEIN_MODIFICATION,CAF,0.2716339045911003,Seurat
REACTOME_REGULATION_OF_INSULIN_LIKE_GROWTH_FACTOR_IGF_TRANSPORT_AND_UPTAKE_BY_INSULIN_LIKE_GROWTH_FACTOR_BINDING_PROTEINS_IGFBPS,CAF,0.5041849732473855,Seurat
REACTOME_RESPONSE_TO_ELEVATED_PLATELET_CYTOSOLIC_CA2,CAF,0.11869157186917081,Seurat
REACTOME_SIGNALING_BY_GPCR,CAF,0.878327147382432,Seurat
REACTOME_TERMINAL_PATHWAY_OF_COMPLEMENT,CAF,0.8531071103667743,Seurat
REACTOME_TRANSPORT_OF_GAMMA_CARBOXYLATED_PROTEIN_PRECURSORS_FROM_THE_ENDOPLASMIC_RETICULUM_TO_THE_GOLGI_APPARATUS,CAF,0.11091119603241219,Seurat
REACTOME_TRANSPORT_TO_THE_GOLGI_AND_SUBSEQUENT_MODIFICATION,CAF,0.11869157186917081,Seurat
REACTOME_VESICLE_MEDIATED_TRANSPORT,CAF,0.11869157186917081,Seurat
REACTOME_ACTIVATION_OF_C3_AND_C5,Tumor,0.8512818765085269,Seurat
REACTOME_ADAPTIVE_IMMUNE_SYSTEM,Tumor,0.850025235128628,Seurat
REACTOME_ALTERNATIVE_COMPLEMENT_ACTIVATION,Tumor,0.850025235128628,Seurat
REACTOME_ASPARAGINE_N_LINKED_GLYCOSYLATION,Tumor,0.11024122027536455,Seurat
REACTOME_CARGO_CONCENTRATION_IN_THE_ER,Tumor,0.11024122027536455,Seurat
REACTOME_CLASS_A_1_RHODOPSIN_LIKE_RECEPTORS,Tumor,0.850025235128628,Seurat
REACTOME_COMMON_PATHWAY_OF_FIBRIN_CLOT_FORMATION,Tumor,0.10909614970586452,Seurat
REACTOME_COMPLEMENT_CASCADE,Tumor,0.8469150373551241,Seurat
REACTOME_COPII_MEDIATED_VESICLE_TRANSPORT,Tumor,0.11024122027536455,Seurat
REACTOME_ER_TO_GOLGI_ANTEROGRADE_TRANSPORT,Tumor,0.11024122027536455,Seurat
REACTOME_EXTRINSIC_PATHWAY_OF_FIBRIN_CLOT_FORMATION,Tumor,0.11203545345558091,Seurat
REACTOME_FORMATION_OF_FIBRIN_CLOT_CLOTTING_CASCADE,Tumor,0.114344531528274,Seurat
REACTOME_GAMMA_CARBOXYLATION_HYPUSINYLATION_HYDROXYLATION_AND_ARYLSULFATASE_ACTIVATION,Tumor,0.10841024158878686,Seurat
REACTOME_GAMMA_CARBOXYLATION_OF_PROTEIN_PRECURSORS,Tumor,0.1057799221819965,Seurat
REACTOME_GAMMA_CARBOXYLATION_TRANSPORT_AND_AMINO_TERMINAL_CLEAVAGE_OF_PROTEINS,Tumor,0.1057799221819965,Seurat
REACTOME_GPCR_LIGAND_BINDING,Tumor,0.850025235128628,Seurat
REACTOME_G_ALPHA_I_SIGNALLING_EVENTS,Tumor,0.850025235128628,Seurat
REACTOME_HEMOSTASIS,Tumor,0.114344531528274,Seurat
REACTOME_IMMUNE_SYSTEM,Tumor,0.8469150373551241,Seurat
REACTOME_IMMUNOREGULATORY_INTERACTIONS_BETWEEN_A_LYMPHOID_AND_A_NON_LYMPHOID_CELL,Tumor,0.850025235128628,Seurat
REACTOME_INITIAL_TRIGGERING_OF_COMPLEMENT,Tumor,0.8512818765085269,Seurat
REACTOME_INNATE_IMMUNE_SYSTEM,Tumor,0.8469150373551241,Seurat
REACTOME_INTRINSIC_PATHWAY_OF_FIBRIN_CLOT_FORMATION,Tumor,0.11331225987784078,Seurat
REACTOME_MEMBRANE_TRAFFICKING,Tumor,0.11024122027536455,Seurat
REACTOME_METABOLISM_OF_PROTEINS,Tumor,0.2569085394482392,Seurat
REACTOME_NEUTROPHIL_DEGRANULATION,Tumor,0.850025235128628,Seurat
REACTOME_PEPTIDE_LIGAND_BINDING_RECEPTORS,Tumor,0.850025235128628,Seurat
REACTOME_PLATELET_ACTIVATION_SIGNALING_AND_AGGREGATION,Tumor,0.11024122027536455,Seurat
REACTOME_POST_TRANSLATIONAL_PROTEIN_MODIFICATION,Tumor,0.2569085394482392,Seurat
REACTOME_REGULATION_OF_INSULIN_LIKE_GROWTH_FACTOR_IGF_TRANSPORT_AND_UPTAKE_BY_INSULIN_LIKE_GROWTH_FACTOR_BINDING_PROTEINS_IGFBPS,Tumor,0.47911343267810896,Seurat
REACTOME_RESPONSE_TO_ELEVATED_PLATELET_CYTOSOLIC_CA2,Tumor,0.11024122027536455,Seurat
REACTOME_SIGNALING_BY_GPCR,Tumor,0.850025235128628,Seurat
REACTOME_TERMINAL_PATHWAY_OF_COMPLEMENT,Tumor,0.843787102538681,Seurat
REACTOME_TRANSPORT_OF_GAMMA_CARBOXYLATED_PROTEIN_PRECURSORS_FROM_THE_ENDOPLASMIC_RETICULUM_TO_THE_GOLGI_APPARATUS,Tumor,0.1057799221819965,Seurat
REACTOME_TRANSPORT_TO_THE_GOLGI_AND_SUBSEQUENT_MODIFICATION,Tumor,0.11024122027536455,Seurat
REACTOME_VESICLE_MEDIATED_TRANSPORT,Tumor,0.11024122027536455,Seurat
REACTOME_ACTIVATION_OF_C3_AND_C5,unknown,0.8659354113222363,Seurat
REACTOME_ADAPTIVE_IMMUNE_SYSTEM,unknown,0.866928577124972,Seurat
REACTOME_ALTERNATIVE_COMPLEMENT_ACTIVATION,unknown,0.866928577124972,Seurat
REACTOME_ASPARAGINE_N_LINKED_GLYCOSYLATION,unknown,0.12176116262614646,Seurat
REACTOME_CARGO_CONCENTRATION_IN_THE_ER,unknown,0.12176116262614646,Seurat
REACTOME_CLASS_A_1_RHODOPSIN_LIKE_RECEPTORS,unknown,0.866928577124972,Seurat
REACTOME_COMMON_PATHWAY_OF_FIBRIN_CLOT_FORMATION,unknown,0.12020193956020671,Seurat
REACTOME_COMPLEMENT_CASCADE,unknown,0.8615131206250357,Seurat
REACTOME_COPII_MEDIATED_VESICLE_TRANSPORT,unknown,0.12176116262614646,Seurat
REACTOME_ER_TO_GOLGI_ANTEROGRADE_TRANSPORT,unknown,0.12176116262614646,Seurat
REACTOME_EXTRINSIC_PATHWAY_OF_FIBRIN_CLOT_FORMATION,unknown,0.11637354634175122,Seurat
REACTOME_FORMATION_OF_FIBRIN_CLOT_CLOTTING_CASCADE,unknown,0.11863377943922859,Seurat
REACTOME_GAMMA_CARBOXYLATION_HYPUSINYLATION_HYDROXYLATION_AND_ARYLSULFATASE_ACTIVATION,unknown,0.1176349894386885,Seurat
REACTOME_GAMMA_CARBOXYLATION_OF_PROTEIN_PRECURSORS,unknown,0.11587333695907139,Seurat
REACTOME_GAMMA_CARBOXYLATION_TRANSPORT_AND_AMINO_TERMINAL_CLEAVAGE_OF_PROTEINS,unknown,0.11587333695907139,Seurat
REACTOME_GPCR_LIGAND_BINDING,unknown,0.866928577124972,Seurat
REACTOME_G_ALPHA_I_SIGNALLING_EVENTS,unknown,0.866928577124972,Seurat
REACTOME_HEMOSTASIS,unknown,0.11863377943922859,Seurat
REACTOME_IMMUNE_SYSTEM,unknown,0.8615131206250357,Seurat
REACTOME_IMMUNOREGULATORY_INTERACTIONS_BETWEEN_A_LYMPHOID_AND_A_NON_LYMPHOID_CELL,unknown,0.866928577124972,Seurat
REACTOME_INITIAL_TRIGGERING_OF_COMPLEMENT,unknown,0.8659354113222363,Seurat
REACTOME_INNATE_IMMUNE_SYSTEM,unknown,0.8615131206250357,Seurat
REACTOME_INTRINSIC_PATHWAY_OF_FIBRIN_CLOT_FORMATION,unknown,0.11778747433488986,Seurat
REACTOME_MEMBRANE_TRAFFICKING,unknown,0.12176116262614646,Seurat
REACTOME_METABOLISM_OF_PROTEINS,unknown,0.2696671773950761,Seurat
REACTOME_NEUTROPHIL_DEGRANULATION,unknown,0.866928577124972,Seurat
REACTOME_PEPTIDE_LIGAND_BINDING_RECEPTORS,unknown,0.866928577124972,Seurat
REACTOME_PLATELET_ACTIVATION_SIGNALING_AND_AGGREGATION,unknown,0.12176116262614646,Seurat
REACTOME_POST_TRANSLATIONAL_PROTEIN_MODIFICATION,unknown,0.2696671773950761,Seurat
REACTOME_REGULATION_OF_INSULIN_LIKE_GROWTH_FACTOR_IGF_TRANSPORT_AND_UPTAKE_BY_INSULIN_LIKE_GROWTH_FACTOR_BINDING_PROTEINS_IGFBPS,unknown,0.49619009114113943,Seurat
REACTOME_RESPONSE_TO_ELEVATED_PLATELET_CYTOSOLIC_CA2,unknown,0.12176116262614646,Seurat
REACTOME_SIGNALING_BY_GPCR,unknown,0.866928577124972,Seurat
REACTOME_TERMINAL_PATHWAY_OF_COMPLEMENT,unknown,0.8582347264039136,Seurat
REACTOME_TRANSPORT_OF_GAMMA_CARBOXYLATED_PROTEIN_PRECURSORS_FROM_THE_ENDOPLASMIC_RETICULUM_TO_THE_GOLGI_APPARATUS,unknown,0.11587333695907139,Seurat
REACTOME_TRANSPORT_TO_THE_GOLGI_AND_SUBSEQUENT_MODIFICATION,unknown,0.12176116262614646,Seurat
REACTOME_VESICLE_MEDIATED_TRANSPORT,unknown,0.12176116262614646,Seurat
REACTOME_ACTIVATION_OF_C3_AND_C5,Plasma_IgG,0.8683079993058299,Seurat
REACTOME_ADAPTIVE_IMMUNE_SYSTEM,Plasma_IgG,0.8713853661896478,Seurat
REACTOME_ALTERNATIVE_COMPLEMENT_ACTIVATION,Plasma_IgG,0.8713853661896478,Seurat
REACTOME_ASPARAGINE_N_LINKED_GLYCOSYLATION,Plasma_IgG,0.11905827939403243,Seurat
REACTOME_CARGO_CONCENTRATION_IN_THE_ER,Plasma_IgG,0.11905827939403243,Seurat
REACTOME_CLASS_A_1_RHODOPSIN_LIKE_RECEPTORS,Plasma_IgG,0.8713853661896478,Seurat
REACTOME_COMMON_PATHWAY_OF_FIBRIN_CLOT_FORMATION,Plasma_IgG,0.11807163753306847,Seurat
REACTOME_COMPLEMENT_CASCADE,Plasma_IgG,0.8619005559650355,Seurat
REACTOME_COPII_MEDIATED_VESICLE_TRANSPORT,Plasma_IgG,0.11905827939403243,Seurat
REACTOME_ER_TO_GOLGI_ANTEROGRADE_TRANSPORT,Plasma_IgG,0.11905827939403243,Seurat
REACTOME_EXTRINSIC_PATHWAY_OF_FIBRIN_CLOT_FORMATION,Plasma_IgG,0.11610731955631202,Seurat
REACTOME_FORMATION_OF_FIBRIN_CLOT_CLOTTING_CASCADE,Plasma_IgG,0.11762015893732577,Seurat
REACTOME_GAMMA_CARBOXYLATION_HYPUSINYLATION_HYDROXYLATION_AND_ARYLSULFATASE_ACTIVATION,Plasma_IgG,0.11646638428039877,Seurat
REACTOME_GAMMA_CARBOXYLATION_OF_PROTEIN_PRECURSORS,Plasma_IgG,0.11451873338513333,Seurat
REACTOME_GAMMA_CARBOXYLATION_TRANSPORT_AND_AMINO_TERMINAL_CLEAVAGE_OF_PROTEINS,Plasma_IgG,0.11451873338513333,Seurat
REACTOME_GPCR_LIGAND_BINDING,Plasma_IgG,0.8713853661896478,Seurat
REACTOME_G_ALPHA_I_SIGNALLING_EVENTS,Plasma_IgG,0.8713853661896478,Seurat
REACTOME_HEMOSTASIS,Plasma_IgG,0.11762015893732577,Seurat
REACTOME_IMMUNE_SYSTEM,Plasma_IgG,0.8619005559650355,Seurat
REACTOME_IMMUNOREGULATORY_INTERACTIONS_BETWEEN_A_LYMPHOID_AND_A_NON_LYMPHOID_CELL,Plasma_IgG,0.8713853661896478,Seurat
REACTOME_INITIAL_TRIGGERING_OF_COMPLEMENT,Plasma_IgG,0.8683079993058299,Seurat
REACTOME_INNATE_IMMUNE_SYSTEM,Plasma_IgG,0.8619005559650355,Seurat
REACTOME_INTRINSIC_PATHWAY_OF_FIBRIN_CLOT_FORMATION,Plasma_IgG,0.11693974249530958,Seurat
REACTOME_MEMBRANE_TRAFFICKING,Plasma_IgG,0.11905827939403243,Seurat
REACTOME_METABOLISM_OF_PROTEINS,Plasma_IgG,0.2700398823061661,Seurat
REACTOME_NEUTROPHIL_DEGRANULATION,Plasma_IgG,0.8713853661896478,Seurat
REACTOME_PEPTIDE_LIGAND_BINDING_RECEPTORS,Plasma_IgG,0.8713853661896478,Seurat
REACTOME_PLATELET_ACTIVATION_SIGNALING_AND_AGGREGATION,Plasma_IgG,0.11905827939403243,Seurat
REACTOME_POST_TRANSLATIONAL_PROTEIN_MODIFICATION,Plasma_IgG,0.2700398823061661,Seurat
REACTOME_REGULATION_OF_INSULIN_LIKE_GROWTH_FACTOR_IGF_TRANSPORT_AND_UPTAKE_BY_INSULIN_LIKE_GROWTH_FACTOR_BINDING_PROTEINS_IGFBPS,Plasma_IgG,0.4978653980347144,Seurat
REACTOME_RESPONSE_TO_ELEVATED_PLATELET_CYTOSOLIC_CA2,Plasma_IgG,0.11905827939403243,Seurat
REACTOME_SIGNALING_BY_GPCR,Plasma_IgG,0.8713853661896478,Seurat
REACTOME_TERMINAL_PATHWAY_OF_COMPLEMENT,Plasma_IgG,0.8571089873644473,Seurat
REACTOME_TRANSPORT_OF_GAMMA_CARBOXYLATED_PROTEIN_PRECURSORS_FROM_THE_ENDOPLASMIC_RETICULUM_TO_THE_GOLGI_APPARATUS,Plasma_IgG,0.11451873338513333,Seurat
REACTOME_TRANSPORT_TO_THE_GOLGI_AND_SUBSEQUENT_MODIFICATION,Plasma_IgG,0.11905827939403243,Seurat
REACTOME_VESICLE_MEDIATED_TRANSPORT,Plasma_IgG,0.11905827939403243,Seurat
REACTOME_ACTIVATION_OF_C3_AND_C5,M1_macrophages,0.8657787968035668,Seurat
REACTOME_ADAPTIVE_IMMUNE_SYSTEM,M1_macrophages,0.8677598782145824,Seurat
REACTOME_ALTERNATIVE_COMPLEMENT_ACTIVATION,M1_macrophages,0.8677598782145824,Seurat
REACTOME_ASPARAGINE_N_LINKED_GLYCOSYLATION,M1_macrophages,0.11955596021025452,Seurat
REACTOME_CARGO_CONCENTRATION_IN_THE_ER,M1_macrophages,0.11955596021025452,Seurat
REACTOME_CLASS_A_1_RHODOPSIN_LIKE_RECEPTORS,M1_macrophages,0.8677598782145824,Seurat
REACTOME_COMMON_PATHWAY_OF_FIBRIN_CLOT_FORMATION,M1_macrophages,0.11840894448428925,Seurat
REACTOME_COMPLEMENT_CASCADE,M1_macrophages,0.8607407589826781,Seurat
REACTOME_COPII_MEDIATED_VESICLE_TRANSPORT,M1_macrophages,0.11955596021025452,Seurat
REACTOME_ER_TO_GOLGI_ANTEROGRADE_TRANSPORT,M1_macrophages,0.11955596021025452,Seurat
REACTOME_EXTRINSIC_PATHWAY_OF_FIBRIN_CLOT_FORMATION,M1_macrophages,0.11518007216191015,Seurat
REACTOME_FORMATION_OF_FIBRIN_CLOT_CLOTTING_CASCADE,M1_macrophages,0.11705216687826085,Seurat
REACTOME_GAMMA_CARBOXYLATION_HYPUSINYLATION_HYDROXYLATION_AND_ARYLSULFATASE_ACTIVATION,M1_macrophages,0.11638963799456616,Seurat
REACTOME_GAMMA_CARBOXYLATION_OF_PROTEIN_PRECURSORS,M1_macrophages,0.11461723072351572,Seurat
REACTOME_GAMMA_CARBOXYLATION_TRANSPORT_AND_AMINO_TERMINAL_CLEAVAGE_OF_PROTEINS,M1_macrophages,0.11461723072351572,Seurat
REACTOME_GPCR_LIGAND_BINDING,M1_macrophages,0.8677598782145824,Seurat
REACTOME_G_ALPHA_I_SIGNALLING_EVENTS,M1_macrophages,0.8677598782145824,Seurat
REACTOME_HEMOSTASIS,M1_macrophages,0.11705216687826085,Seurat
REACTOME_IMMUNE_SYSTEM,M1_macrophages,0.8607407589826781,Seurat
REACTOME_IMMUNOREGULATORY_INTERACTIONS_BETWEEN_A_LYMPHOID_AND_A_NON_LYMPHOID_CELL,M1_macrophages,0.8677598782145824,Seurat
REACTOME_INITIAL_TRIGGERING_OF_COMPLEMENT,M1_macrophages,0.8657787968035668,Seurat
REACTOME_INNATE_IMMUNE_SYSTEM,M1_macrophages,0.8607407589826781,Seurat
REACTOME_INTRINSIC_PATHWAY_OF_FIBRIN_CLOT_FORMATION,M1_macrophages,0.11650373687569154,Seurat
REACTOME_MEMBRANE_TRAFFICKING,M1_macrophages,0.11955596021025452,Seurat
REACTOME_METABOLISM_OF_PROTEINS,M1_macrophages,0.26889002509508203,Seurat
REACTOME_NEUTROPHIL_DEGRANULATION,M1_macrophages,0.8677598782145824,Seurat
REACTOME_PEPTIDE_LIGAND_BINDING_RECEPTORS,M1_macrophages,0.8677598782145824,Seurat
REACTOME_PLATELET_ACTIVATION_SIGNALING_AND_AGGREGATION,M1_macrophages,0.11955596021025452,Seurat
REACTOME_POST_TRANSLATIONAL_PROTEIN_MODIFICATION,M1_macrophages,0.26889002509508203,Seurat
REACTOME_REGULATION_OF_INSULIN_LIKE_GROWTH_FACTOR_IGF_TRANSPORT_AND_UPTAKE_BY_INSULIN_LIKE_GROWTH_FACTOR_BINDING_PROTEINS_IGFBPS,M1_macrophages,0.49573252005161117,Seurat
REACTOME_RESPONSE_TO_ELEVATED_PLATELET_CYTOSOLIC_CA2,M1_macrophages,0.11955596021025452,Seurat
REACTOME_SIGNALING_BY_GPCR,M1_macrophages,0.8677598782145824,Seurat
REACTOME_TERMINAL_PATHWAY_OF_COMPLEMENT,M1_macrophages,0.8569722878437914,Seurat
REACTOME_TRANSPORT_OF_GAMMA_CARBOXYLATED_PROTEIN_PRECURSORS_FROM_THE_ENDOPLASMIC_RETICULUM_TO_THE_GOLGI_APPARATUS,M1_macrophages,0.11461723072351572,Seurat
REACTOME_TRANSPORT_TO_THE_GOLGI_AND_SUBSEQUENT_MODIFICATION,M1_macrophages,0.11955596021025452,Seurat
REACTOME_VESICLE_MEDIATED_TRANSPORT,M1_macrophages,0.11955596021025452,Seurat
REACTOME_ACTIVATION_OF_C3_AND_C5,CAM,0.8555858960128285,Seurat
REACTOME_ADAPTIVE_IMMUNE_SYSTEM,CAM,0.8538276546456124,Seurat
REACTOME_ALTERNATIVE_COMPLEMENT_ACTIVATION,CAM,0.8538276546456124,Seurat
REACTOME_ASPARAGINE_N_LINKED_GLYCOSYLATION,CAM,0.11261222746129276,Seurat
REACTOME_CARGO_CONCENTRATION_IN_THE_ER,CAM,0.11261222746129276,Seurat
REACTOME_CLASS_A_1_RHODOPSIN_LIKE_RECEPTORS,CAM,0.8538276546456124,Seurat
REACTOME_COMMON_PATHWAY_OF_FIBRIN_CLOT_FORMATION,CAM,0.11160063266706292,Seurat
REACTOME_COMPLEMENT_CASCADE,CAM,0.8510132050045774,Seurat
REACTOME_COPII_MEDIATED_VESICLE_TRANSPORT,CAM,0.11261222746129276,Seurat
REACTOME_ER_TO_GOLGI_ANTEROGRADE_TRANSPORT,CAM,0.11261222746129276,Seurat
REACTOME_EXTRINSIC_PATHWAY_OF_FIBRIN_CLOT_FORMATION,CAM,0.1133883781692885,Seurat
REACTOME_FORMATION_OF_FIBRIN_CLOT_CLOTTING_CASCADE,CAM,0.11447447106441219,Seurat
REACTOME_GAMMA_CARBOXYLATION_HYPUSINYLATION_HYDROXYLATION_AND_ARYLSULFATASE_ACTIVATION,CAM,0.11153009867306082,Seurat
REACTOME_GAMMA_CARBOXYLATION_OF_PROTEIN_PRECURSORS,CAM,0.10886745328121063,Seurat
REACTOME_GAMMA_CARBOXYLATION_TRANSPORT_AND_AMINO_TERMINAL_CLEAVAGE_OF_PROTEINS,CAM,0.10886745328121063,Seurat
REACTOME_GPCR_LIGAND_BINDING,CAM,0.8538276546456124,Seurat
REACTOME_G_ALPHA_I_SIGNALLING_EVENTS,CAM,0.8538276546456124,Seurat
REACTOME_HEMOSTASIS,CAM,0.11447447106441219,Seurat
REACTOME_IMMUNE_SYSTEM,CAM,0.8510132050045774,Seurat
REACTOME_IMMUNOREGULATORY_INTERACTIONS_BETWEEN_A_LYMPHOID_AND_A_NON_LYMPHOID_CELL,CAM,0.8538276546456124,Seurat
REACTOME_INITIAL_TRIGGERING_OF_COMPLEMENT,CAM,0.8555858960128285,Seurat
REACTOME_INNATE_IMMUNE_SYSTEM,CAM,0.8510132050045774,Seurat
REACTOME_INTRINSIC_PATHWAY_OF_FIBRIN_CLOT_FORMATION,CAM,0.1137538493590111,Seurat
REACTOME_MEMBRANE_TRAFFICKING,CAM,0.11261222746129276,Seurat
REACTOME_METABOLISM_OF_PROTEINS,CAM,0.25979670486246387,Seurat
REACTOME_NEUTROPHIL_DEGRANULATION,CAM,0.8538276546456124,Seurat
REACTOME_PEPTIDE_LIGAND_BINDING_RECEPTORS,CAM,0.8538276546456124,Seurat
REACTOME_PLATELET_ACTIVATION_SIGNALING_AND_AGGREGATION,CAM,0.11261222746129276,Seurat
REACTOME_POST_TRANSLATIONAL_PROTEIN_MODIFICATION,CAM,0.25979670486246387,Seurat
REACTOME_REGULATION_OF_INSULIN_LIKE_GROWTH_FACTOR_IGF_TRANSPORT_AND_UPTAKE_BY_INSULIN_LIKE_GROWTH_FACTOR_BINDING_PROTEINS_IGFBPS,CAM,0.48177579608850535,Seurat
REACTOME_RESPONSE_TO_ELEVATED_PLATELET_CYTOSOLIC_CA2,CAM,0.11261222746129276,Seurat
REACTOME_SIGNALING_BY_GPCR,CAM,0.8538276546456124,Seurat
REACTOME_TERMINAL_PATHWAY_OF_COMPLEMENT,CAM,0.8477430880971184,Seurat
REACTOME_TRANSPORT_OF_GAMMA_CARBOXYLATED_PROTEIN_PRECURSORS_FROM_THE_ENDOPLASMIC_RETICULUM_TO_THE_GOLGI_APPARATUS,CAM,0.10886745328121063,Seurat
REACTOME_TRANSPORT_TO_THE_GOLGI_AND_SUBSEQUENT_MODIFICATION,CAM,0.11261222746129276,Seurat
REACTOME_VESICLE_MEDIATED_TRANSPORT,CAM,0.11261222746129276,Seurat
REACTOME_ACTIVATION_OF_C3_AND_C5,Germinal_Center_Plasma_IgM_B_cell,0.8641374633669542,Seurat
REACTOME_ADAPTIVE_IMMUNE_SYSTEM,Germinal_Center_Plasma_IgM_B_cell,0.8651532606535522,Seurat
REACTOME_ALTERNATIVE_COMPLEMENT_ACTIVATION,Germinal_Center_Plasma_IgM_B_cell,0.8651532606535522,Seurat
REACTOME_ASPARAGINE_N_LINKED_GLYCOSYLATION,Germinal_Center_Plasma_IgM_B_cell,0.11935896166277928,Seurat
REACTOME_CARGO_CONCENTRATION_IN_THE_ER,Germinal_Center_Plasma_IgM_B_cell,0.11935896166277928,Seurat
REACTOME_CLASS_A_1_RHODOPSIN_LIKE_RECEPTORS,Germinal_Center_Plasma_IgM_B_cell,0.8651532606535522,Seurat
REACTOME_COMMON_PATHWAY_OF_FIBRIN_CLOT_FORMATION,Germinal_Center_Plasma_IgM_B_cell,0.11824823015917751,Seurat
REACTOME_COMPLEMENT_CASCADE,Germinal_Center_Plasma_IgM_B_cell,0.8598462835225364,Seurat
REACTOME_COPII_MEDIATED_VESICLE_TRANSPORT,Germinal_Center_Plasma_IgM_B_cell,0.11935896166277928,Seurat
REACTOME_ER_TO_GOLGI_ANTEROGRADE_TRANSPORT,Germinal_Center_Plasma_IgM_B_cell,0.11935896166277928,Seurat
REACTOME_EXTRINSIC_PATHWAY_OF_FIBRIN_CLOT_FORMATION,Germinal_Center_Plasma_IgM_B_cell,0.11476318186043506,Seurat
REACTOME_FORMATION_OF_FIBRIN_CLOT_CLOTTING_CASCADE,Germinal_Center_Plasma_IgM_B_cell,0.11655221410735346,Seurat
REACTOME_GAMMA_CARBOXYLATION_HYPUSINYLATION_HYDROXYLATION_AND_ARYLSULFATASE_ACTIVATION,Germinal_Center_Plasma_IgM_B_cell,0.1159772253399425,Seurat
REACTOME_GAMMA_CARBOXYLATION_OF_PROTEIN_PRECURSORS,Germinal_Center_Plasma_IgM_B_cell,0.11475179355496061,Seurat
REACTOME_GAMMA_CARBOXYLATION_TRANSPORT_AND_AMINO_TERMINAL_CLEAVAGE_OF_PROTEINS,Germinal_Center_Plasma_IgM_B_cell,0.11475179355496061,Seurat
REACTOME_GPCR_LIGAND_BINDING,Germinal_Center_Plasma_IgM_B_cell,0.8651532606535522,Seurat
REACTOME_G_ALPHA_I_SIGNALLING_EVENTS,Germinal_Center_Plasma_IgM_B_cell,0.8651532606535522,Seurat
REACTOME_HEMOSTASIS,Germinal_Center_Plasma_IgM_B_cell,0.11655221410735346,Seurat
REACTOME_IMMUNE_SYSTEM,Germinal_Center_Plasma_IgM_B_cell,0.8598462835225364,Seurat
REACTOME_IMMUNOREGULATORY_INTERACTIONS_BETWEEN_A_LYMPHOID_AND_A_NON_LYMPHOID_CELL,Germinal_Center_Plasma_IgM_B_cell,0.8651532606535522,Seurat
REACTOME_INITIAL_TRIGGERING_OF_COMPLEMENT,Germinal_Center_Plasma_IgM_B_cell,0.8641374633669542,Seurat
REACTOME_INNATE_IMMUNE_SYSTEM,Germinal_Center_Plasma_IgM_B_cell,0.8598462835225364,Seurat
REACTOME_INTRINSIC_PATHWAY_OF_FIBRIN_CLOT_FORMATION,Germinal_Center_Plasma_IgM_B_cell,0.11588314908584084,Seurat
REACTOME_MEMBRANE_TRAFFICKING,Germinal_Center_Plasma_IgM_B_cell,0.11935896166277928,Seurat
REACTOME_METABOLISM_OF_PROTEINS,Germinal_Center_Plasma_IgM_B_cell,0.26784725298941847,Seurat
REACTOME_NEUTROPHIL_DEGRANULATION,Germinal_Center_Plasma_IgM_B_cell,0.8651532606535522,Seurat
REACTOME_PEPTIDE_LIGAND_BINDING_RECEPTORS,Germinal_Center_Plasma_IgM_B_cell,0.8651532606535522,Seurat
REACTOME_PLATELET_ACTIVATION_SIGNALING_AND_AGGREGATION,Germinal_Center_Plasma_IgM_B_cell,0.11935896166277928,Seurat
REACTOME_POST_TRANSLATIONAL_PROTEIN_MODIFICATION,Germinal_Center_Plasma_IgM_B_cell,0.26784725298941847,Seurat
REACTOME_REGULATION_OF_INSULIN_LIKE_GROWTH_FACTOR_IGF_TRANSPORT_AND_UPTAKE_BY_INSULIN_LIKE_GROWTH_FACTOR_BINDING_PROTEINS_IGFBPS,Germinal_Center_Plasma_IgM_B_cell,0.4941911301005127,Seurat
REACTOME_RESPONSE_TO_ELEVATED_PLATELET_CYTOSOLIC_CA2,Germinal_Center_Plasma_IgM_B_cell,0.11935896166277928,Seurat
REACTOME_SIGNALING_BY_GPCR,Germinal_Center_Plasma_IgM_B_cell,0.8651532606535522,Seurat
REACTOME_TERMINAL_PATHWAY_OF_COMPLEMENT,Germinal_Center_Plasma_IgM_B_cell,0.8566735047665581,Seurat
REACTOME_TRANSPORT_OF_GAMMA_CARBOXYLATED_PROTEIN_PRECURSORS_FROM_THE_ENDOPLASMIC_RETICULUM_TO_THE_GOLGI_APPARATUS,Germinal_Center_Plasma_IgM_B_cell,0.11475179355496061,Seurat
REACTOME_TRANSPORT_TO_THE_GOLGI_AND_SUBSEQUENT_MODIFICATION,Germinal_Center_Plasma_IgM_B_cell,0.11935896166277928,Seurat
REACTOME_VESICLE_MEDIATED_TRANSPORT,Germinal_Center_Plasma_IgM_B_cell,0.11935896166277928,Seurat
REACTOME_ACTIVATION_OF_C3_AND_C5,T_cell,0.864201974342505,Seurat
REACTOME_ADAPTIVE_IMMUNE_SYSTEM,T_cell,0.865061674702791,Seurat
REACTOME_ALTERNATIVE_COMPLEMENT_ACTIVATION,T_cell,0.865061674702791,Seurat
REACTOME_ASPARAGINE_N_LINKED_GLYCOSYLATION,T_cell,0.12324868760597776,Seurat
REACTOME_CARGO_CONCENTRATION_IN_THE_ER,T_cell,0.12324868760597776,Seurat
REACTOME_CLASS_A_1_RHODOPSIN_LIKE_RECEPTORS,T_cell,0.865061674702791,Seurat
REACTOME_COMMON_PATHWAY_OF_FIBRIN_CLOT_FORMATION,T_cell,0.12148403596927704,Seurat
REACTOME_COMPLEMENT_CASCADE,T_cell,0.8602214325638351,Seurat
REACTOME_COPII_MEDIATED_VESICLE_TRANSPORT,T_cell,0.12324868760597776,Seurat
REACTOME_ER_TO_GOLGI_ANTEROGRADE_TRANSPORT,T_cell,0.12324868760597776,Seurat
REACTOME_EXTRINSIC_PATHWAY_OF_FIBRIN_CLOT_FORMATION,T_cell,0.11627308834334578,Seurat
REACTOME_FORMATION_OF_FIBRIN_CLOT_CLOTTING_CASCADE,T_cell,0.1186408961160539,Seurat
REACTOME_GAMMA_CARBOXYLATION_HYPUSINYLATION_HYDROXYLATION_AND_ARYLSULFATASE_ACTIVATION,T_cell,0.11817186525777536,Seurat
REACTOME_GAMMA_CARBOXYLATION_OF_PROTEIN_PRECURSORS,T_cell,0.11597442637393507,Seurat
REACTOME_GAMMA_CARBOXYLATION_TRANSPORT_AND_AMINO_TERMINAL_CLEAVAGE_OF_PROTEINS,T_cell,0.11597442637393507,Seurat
REACTOME_GPCR_LIGAND_BINDING,T_cell,0.865061674702791,Seurat
REACTOME_G_ALPHA_I_SIGNALLING_EVENTS,T_cell,0.865061674702791,Seurat
REACTOME_HEMOSTASIS,T_cell,0.1186408961160539,Seurat
REACTOME_IMMUNE_SYSTEM,T_cell,0.8602214325638351,Seurat
REACTOME_IMMUNOREGULATORY_INTERACTIONS_BETWEEN_A_LYMPHOID_AND_A_NON_LYMPHOID_CELL,T_cell,0.865061674702791,Seurat
REACTOME_INITIAL_TRIGGERING_OF_COMPLEMENT,T_cell,0.864201974342505,Seurat
REACTOME_INNATE_IMMUNE_SYSTEM,T_cell,0.8602214325638351,Seurat
REACTOME_INTRINSIC_PATHWAY_OF_FIBRIN_CLOT_FORMATION,T_cell,0.11748976205432655,Seurat
REACTOME_MEMBRANE_TRAFFICKING,T_cell,0.12324868760597776,Seurat
REACTOME_METABOLISM_OF_PROTEINS,T_cell,0.2697415977585983,Seurat
REACTOME_NEUTROPHIL_DEGRANULATION,T_cell,0.865061674702791,Seurat
REACTOME_PEPTIDE_LIGAND_BINDING_RECEPTORS,T_cell,0.865061674702791,Seurat
REACTOME_PLATELET_ACTIVATION_SIGNALING_AND_AGGREGATION,T_cell,0.12324868760597776,Seurat
REACTOME_POST_TRANSLATIONAL_PROTEIN_MODIFICATION,T_cell,0.2697415977585983,Seurat
REACTOME_REGULATION_OF_INSULIN_LIKE_GROWTH_FACTOR_IGF_TRANSPORT_AND_UPTAKE_BY_INSULIN_LIKE_GROWTH_FACTOR_BINDING_PROTEINS_IGFBPS,T_cell,0.4956219761226871,Seurat
REACTOME_RESPONSE_TO_ELEVATED_PLATELET_CYTOSOLIC_CA2,T_cell,0.12324868760597776,Seurat
REACTOME_SIGNALING_BY_GPCR,T_cell,0.865061674702791,Seurat
REACTOME_TERMINAL_PATHWAY_OF_COMPLEMENT,T_cell,0.8572884306395502,Seurat
REACTOME_TRANSPORT_OF_GAMMA_CARBOXYLATED_PROTEIN_PRECURSORS_FROM_THE_ENDOPLASMIC_RETICULUM_TO_THE_GOLGI_APPARATUS,T_cell,0.11597442637393507,Seurat
REACTOME_TRANSPORT_TO_THE_GOLGI_AND_SUBSEQUENT_MODIFICATION,T_cell,0.12324868760597776,Seurat
REACTOME_VESICLE_MEDIATED_TRANSPORT,T_cell,0.12324868760597776,Seurat
REACTOME_ACTIVATION_OF_C3_AND_C5,Tumor_Keratin_Pearl,0.8479567313711667,Seurat
REACTOME_ADAPTIVE_IMMUNE_SYSTEM,Tumor_Keratin_Pearl,0.8490780721091514,Seurat
REACTOME_ALTERNATIVE_COMPLEMENT_ACTIVATION,Tumor_Keratin_Pearl,0.8490780721091514,Seurat
REACTOME_ASPARAGINE_N_LINKED_GLYCOSYLATION,Tumor_Keratin_Pearl,0.11359656766121236,Seurat
REACTOME_CARGO_CONCENTRATION_IN_THE_ER,Tumor_Keratin_Pearl,0.11359656766121236,Seurat
REACTOME_CLASS_A_1_RHODOPSIN_LIKE_RECEPTORS,Tumor_Keratin_Pearl,0.8490780721091514,Seurat
REACTOME_COMMON_PATHWAY_OF_FIBRIN_CLOT_FORMATION,Tumor_Keratin_Pearl,0.11023690288056344,Seurat
REACTOME_COMPLEMENT_CASCADE,Tumor_Keratin_Pearl,0.8430199373554688,Seurat
REACTOME_COPII_MEDIATED_VESICLE_TRANSPORT,Tumor_Keratin_Pearl,0.11359656766121236,Seurat
REACTOME_ER_TO_GOLGI_ANTEROGRADE_TRANSPORT,Tumor_Keratin_Pearl,0.11359656766121236,Seurat
REACTOME_EXTRINSIC_PATHWAY_OF_FIBRIN_CLOT_FORMATION,Tumor_Keratin_Pearl,0.10908785302633994,Seurat
REACTOME_FORMATION_OF_FIBRIN_CLOT_CLOTTING_CASCADE,Tumor_Keratin_Pearl,0.11336990074892907,Seurat
REACTOME_GAMMA_CARBOXYLATION_HYPUSINYLATION_HYDROXYLATION_AND_ARYLSULFATASE_ACTIVATION,Tumor_Keratin_Pearl,0.11016708484134378,Seurat
REACTOME_GAMMA_CARBOXYLATION_OF_PROTEIN_PRECURSORS,Tumor_Keratin_Pearl,0.1023662296466808,Seurat
REACTOME_GAMMA_CARBOXYLATION_TRANSPORT_AND_AMINO_TERMINAL_CLEAVAGE_OF_PROTEINS,Tumor_Keratin_Pearl,0.1023662296466808,Seurat
REACTOME_GPCR_LIGAND_BINDING,Tumor_Keratin_Pearl,0.8490780721091514,Seurat
REACTOME_G_ALPHA_I_SIGNALLING_EVENTS,Tumor_Keratin_Pearl,0.8490780721091514,Seurat
REACTOME_HEMOSTASIS,Tumor_Keratin_Pearl,0.11336990074892907,Seurat
REACTOME_IMMUNE_SYSTEM,Tumor_Keratin_Pearl,0.8430199373554688,Seurat
REACTOME_IMMUNOREGULATORY_INTERACTIONS_BETWEEN_A_LYMPHOID_AND_A_NON_LYMPHOID_CELL,Tumor_Keratin_Pearl,0.8490780721091514,Seurat
REACTOME_INITIAL_TRIGGERING_OF_COMPLEMENT,Tumor_Keratin_Pearl,0.8479567313711667,Seurat
REACTOME_INNATE_IMMUNE_SYSTEM,Tumor_Keratin_Pearl,0.8430199373554688,Seurat
REACTOME_INTRINSIC_PATHWAY_OF_FIBRIN_CLOT_FORMATION,Tumor_Keratin_Pearl,0.11354710855662693,Seurat
REACTOME_MEMBRANE_TRAFFICKING,Tumor_Keratin_Pearl,0.11359656766121236,Seurat
REACTOME_METABOLISM_OF_PROTEINS,Tumor_Keratin_Pearl,0.25723051761988763,Seurat
REACTOME_NEUTROPHIL_DEGRANULATION,Tumor_Keratin_Pearl,0.8490780721091514,Seurat
REACTOME_PEPTIDE_LIGAND_BINDING_RECEPTORS,Tumor_Keratin_Pearl,0.8490780721091514,Seurat
REACTOME_PLATELET_ACTIVATION_SIGNALING_AND_AGGREGATION,Tumor_Keratin_Pearl,0.11359656766121236,Seurat
REACTOME_POST_TRANSLATIONAL_PROTEIN_MODIFICATION,Tumor_Keratin_Pearl,0.25723051761988763,Seurat
REACTOME_REGULATION_OF_INSULIN_LIKE_GROWTH_FACTOR_IGF_TRANSPORT_AND_UPTAKE_BY_INSULIN_LIKE_GROWTH_FACTOR_BINDING_PROTEINS_IGFBPS,Tumor_Keratin_Pearl,0.47695111122281786,Seurat
REACTOME_RESPONSE_TO_ELEVATED_PLATELET_CYTOSOLIC_CA2,Tumor_Keratin_Pearl,0.11359656766121236,Seurat
REACTOME_SIGNALING_BY_GPCR,Tumor_Keratin_Pearl,0.8490780721091514,Seurat
REACTOME_TERMINAL_PATHWAY_OF_COMPLEMENT,Tumor_Keratin_Pearl,0.8394785668154187,Seurat
REACTOME_TRANSPORT_OF_GAMMA_CARBOXYLATED_PROTEIN_PRECURSORS_FROM_THE_ENDOPLASMIC_RETICULUM_TO_THE_GOLGI_APPARATUS,Tumor_Keratin_Pearl,0.1023662296466808,Seurat
REACTOME_TRANSPORT_TO_THE_GOLGI_AND_SUBSEQUENT_MODIFICATION,Tumor_Keratin_Pearl,0.11359656766121236,Seurat
REACTOME_VESICLE_MEDIATED_TRANSPORT,Tumor_Keratin_Pearl,0.11359656766121236,Seurat
REACTOME_ACTIVATION_OF_C3_AND_C5,High_Endothelial_Venules,0.8638338136760062,Seurat
REACTOME_ADAPTIVE_IMMUNE_SYSTEM,High_Endothelial_Venules,0.8653768290879224,Seurat
REACTOME_ALTERNATIVE_COMPLEMENT_ACTIVATION,High_Endothelial_Venules,0.8653768290879224,Seurat
REACTOME_ASPARAGINE_N_LINKED_GLYCOSYLATION,High_Endothelial_Venules,0.11707694924594556,Seurat
REACTOME_CARGO_CONCENTRATION_IN_THE_ER,High_Endothelial_Venules,0.11707694924594556,Seurat
REACTOME_CLASS_A_1_RHODOPSIN_LIKE_RECEPTORS,High_Endothelial_Venules,0.8653768290879224,Seurat
REACTOME_COMMON_PATHWAY_OF_FIBRIN_CLOT_FORMATION,High_Endothelial_Venules,0.1161956237373889,Seurat
REACTOME_COMPLEMENT_CASCADE,High_Endothelial_Venules,0.8592338064401025,Seurat
REACTOME_COPII_MEDIATED_VESICLE_TRANSPORT,High_Endothelial_Venules,0.11707694924594556,Seurat
REACTOME_ER_TO_GOLGI_ANTEROGRADE_TRANSPORT,High_Endothelial_Venules,0.11707694924594556,Seurat
REACTOME_EXTRINSIC_PATHWAY_OF_FIBRIN_CLOT_FORMATION,High_Endothelial_Venules,0.11343379686017654,Seurat
REACTOME_FORMATION_OF_FIBRIN_CLOT_CLOTTING_CASCADE,High_Endothelial_Venules,0.11495474962846255,Seurat
REACTOME_GAMMA_CARBOXYLATION_HYPUSINYLATION_HYDROXYLATION_AND_ARYLSULFATASE_ACTIVATION,High_Endothelial_Venules,0.11480881710771637,Seurat
REACTOME_GAMMA_CARBOXYLATION_OF_PROTEIN_PRECURSORS,High_Endothelial_Venules,0.1132392388350455,Seurat
REACTOME_GAMMA_CARBOXYLATION_TRANSPORT_AND_AMINO_TERMINAL_CLEAVAGE_OF_PROTEINS,High_Endothelial_Venules,0.1132392388350455,Seurat
REACTOME_GPCR_LIGAND_BINDING,High_Endothelial_Venules,0.8653768290879224,Seurat
REACTOME_G_ALPHA_I_SIGNALLING_EVENTS,High_Endothelial_Venules,0.8653768290879224,Seurat
REACTOME_HEMOSTASIS,High_Endothelial_Venules,0.11495474962846255,Seurat
REACTOME_IMMUNE_SYSTEM,High_Endothelial_Venules,0.8592338064401025,Seurat
REACTOME_IMMUNOREGULATORY_INTERACTIONS_BETWEEN_A_LYMPHOID_AND_A_NON_LYMPHOID_CELL,High_Endothelial_Venules,0.8653768290879224,Seurat
REACTOME_INITIAL_TRIGGERING_OF_COMPLEMENT,High_Endothelial_Venules,0.8638338136760062,Seurat
REACTOME_INNATE_IMMUNE_SYSTEM,High_Endothelial_Venules,0.8592338064401025,Seurat
REACTOME_INTRINSIC_PATHWAY_OF_FIBRIN_CLOT_FORMATION,High_Endothelial_Venules,0.11476485381436398,Seurat
REACTOME_MEMBRANE_TRAFFICKING,High_Endothelial_Venules,0.11707694924594556,Seurat
REACTOME_METABOLISM_OF_PROTEINS,High_Endothelial_Venules,0.2666919214274338,Seurat
REACTOME_NEUTROPHIL_DEGRANULATION,High_Endothelial_Venules,0.8653768290879224,Seurat
REACTOME_PEPTIDE_LIGAND_BINDING_RECEPTORS,High_Endothelial_Venules,0.8653768290879224,Seurat
REACTOME_PLATELET_ACTIVATION_SIGNALING_AND_AGGREGATION,High_Endothelial_Venules,0.11707694924594556,Seurat
REACTOME_POST_TRANSLATIONAL_PROTEIN_MODIFICATION,High_Endothelial_Venules,0.2666919214274338,Seurat
REACTOME_REGULATION_OF_INSULIN_LIKE_GROWTH_FACTOR_IGF_TRANSPORT_AND_UPTAKE_BY_INSULIN_LIKE_GROWTH_FACTOR_BINDING_PROTEINS_IGFBPS,High_Endothelial_Venules,0.49286591989072726,Seurat
REACTOME_RESPONSE_TO_ELEVATED_PLATELET_CYTOSOLIC_CA2,High_Endothelial_Venules,0.11707694924594556,Seurat
REACTOME_SIGNALING_BY_GPCR,High_Endothelial_Venules,0.8653768290879224,Seurat
REACTOME_TERMINAL_PATHWAY_OF_COMPLEMENT,High_Endothelial_Venules,0.8557783108547351,Seurat
REACTOME_TRANSPORT_OF_GAMMA_CARBOXYLATED_PROTEIN_PRECURSORS_FROM_THE_ENDOPLASMIC_RETICULUM_TO_THE_GOLGI_APPARATUS,High_Endothelial_Venules,0.1132392388350455,Seurat
REACTOME_TRANSPORT_TO_THE_GOLGI_AND_SUBSEQUENT_MODIFICATION,High_Endothelial_Venules,0.11707694924594556,Seurat
REACTOME_VESICLE_MEDIATED_TRANSPORT,High_Endothelial_Venules,0.11707694924594556,Seurat
REACTOME_ACTIVATION_OF_C3_AND_C5,Plasma_IgA,0.865055470621834,Seurat
REACTOME_ADAPTIVE_IMMUNE_SYSTEM,Plasma_IgA,0.8658055469764518,Seurat
REACTOME_ALTERNATIVE_COMPLEMENT_ACTIVATION,Plasma_IgA,0.8658055469764518,Seurat
REACTOME_ASPARAGINE_N_LINKED_GLYCOSYLATION,Plasma_IgA,0.11592703096347914,Seurat
REACTOME_CARGO_CONCENTRATION_IN_THE_ER,Plasma_IgA,0.11592703096347914,Seurat
REACTOME_CLASS_A_1_RHODOPSIN_LIKE_RECEPTORS,Plasma_IgA,0.8658055469764518,Seurat
REACTOME_COMMON_PATHWAY_OF_FIBRIN_CLOT_FORMATION,Plasma_IgA,0.11554737087352143,Seurat
REACTOME_COMPLEMENT_CASCADE,Plasma_IgA,0.861103166946455,Seurat
REACTOME_COPII_MEDIATED_VESICLE_TRANSPORT,Plasma_IgA,0.11592703096347914,Seurat
REACTOME_ER_TO_GOLGI_ANTEROGRADE_TRANSPORT,Plasma_IgA,0.11592703096347914,Seurat
REACTOME_EXTRINSIC_PATHWAY_OF_FIBRIN_CLOT_FORMATION,Plasma_IgA,0.11552603637933886,Seurat
REACTOME_FORMATION_OF_FIBRIN_CLOT_CLOTTING_CASCADE,Plasma_IgA,0.11555591478935491,Seurat
REACTOME_GAMMA_CARBOXYLATION_HYPUSINYLATION_HYDROXYLATION_AND_ARYLSULFATASE_ACTIVATION,Plasma_IgA,0.11547673067944975,Seurat
REACTOME_GAMMA_CARBOXYLATION_OF_PROTEIN_PRECURSORS,Plasma_IgA,0.11419745724242238,Seurat
REACTOME_GAMMA_CARBOXYLATION_TRANSPORT_AND_AMINO_TERMINAL_CLEAVAGE_OF_PROTEINS,Plasma_IgA,0.11419745724242238,Seurat
REACTOME_GPCR_LIGAND_BINDING,Plasma_IgA,0.8658055469764518,Seurat
REACTOME_G_ALPHA_I_SIGNALLING_EVENTS,Plasma_IgA,0.8658055469764518,Seurat
REACTOME_HEMOSTASIS,Plasma_IgA,0.11555591478935491,Seurat
REACTOME_IMMUNE_SYSTEM,Plasma_IgA,0.861103166946455,Seurat
REACTOME_IMMUNOREGULATORY_INTERACTIONS_BETWEEN_A_LYMPHOID_AND_A_NON_LYMPHOID_CELL,Plasma_IgA,0.8658055469764518,Seurat
REACTOME_INITIAL_TRIGGERING_OF_COMPLEMENT,Plasma_IgA,0.865055470621834,Seurat
REACTOME_INNATE_IMMUNE_SYSTEM,Plasma_IgA,0.861103166946455,Seurat
REACTOME_INTRINSIC_PATHWAY_OF_FIBRIN_CLOT_FORMATION,Plasma_IgA,0.11523933517369203,Seurat
REACTOME_MEMBRANE_TRAFFICKING,Plasma_IgA,0.11592703096347914,Seurat
REACTOME_METABOLISM_OF_PROTEINS,Plasma_IgA,0.2664714035441592,Seurat
REACTOME_NEUTROPHIL_DEGRANULATION,Plasma_IgA,0.8658055469764518,Seurat
REACTOME_PEPTIDE_LIGAND_BINDING_RECEPTORS,Plasma_IgA,0.8658055469764518,Seurat
REACTOME_PLATELET_ACTIVATION_SIGNALING_AND_AGGREGATION,Plasma_IgA,0.11592703096347914,Seurat
REACTOME_POST_TRANSLATIONAL_PROTEIN_MODIFICATION,Plasma_IgA,0.2664714035441592,Seurat
REACTOME_REGULATION_OF_INSULIN_LIKE_GROWTH_FACTOR_IGF_TRANSPORT_AND_UPTAKE_BY_INSULIN_LIKE_GROWTH_FACTOR_BINDING_PROTEINS_IGFBPS,Plasma_IgA,0.4916780726239116,Seurat
REACTOME_RESPONSE_TO_ELEVATED_PLATELET_CYTOSOLIC_CA2,Plasma_IgA,0.11592703096347914,Seurat
REACTOME_SIGNALING_BY_GPCR,Plasma_IgA,0.8658055469764518,Seurat
REACTOME_TERMINAL_PATHWAY_OF_COMPLEMENT,Plasma_IgA,0.8581066035240094,Seurat
REACTOME_TRANSPORT_OF_GAMMA_CARBOXYLATED_PROTEIN_PRECURSORS_FROM_THE_ENDOPLASMIC_RETICULUM_TO_THE_GOLGI_APPARATUS,Plasma_IgA,0.11419745724242238,Seurat
REACTOME_TRANSPORT_TO_THE_GOLGI_AND_SUBSEQUENT_MODIFICATION,Plasma_IgA,0.11592703096347914,Seurat
REACTOME_VESICLE_MEDIATED_TRANSPORT,Plasma_IgA,0.11592703096347914,Seurat
REACTOME_ACTIVATION_OF_C3_AND_C5,Macrophages,0.8625751616971535,Seurat
REACTOME_ADAPTIVE_IMMUNE_SYSTEM,Macrophages,0.861024363638727,Seurat
REACTOME_ALTERNATIVE_COMPLEMENT_ACTIVATION,Macrophages,0.861024363638727,Seurat
REACTOME_ASPARAGINE_N_LINKED_GLYCOSYLATION,Macrophages,0.1162362920375985,Seurat
REACTOME_CARGO_CONCENTRATION_IN_THE_ER,Macrophages,0.1162362920375985,Seurat
REACTOME_CLASS_A_1_RHODOPSIN_LIKE_RECEPTORS,Macrophages,0.861024363638727,Seurat
REACTOME_COMMON_PATHWAY_OF_FIBRIN_CLOT_FORMATION,Macrophages,0.116487929359624,Seurat
REACTOME_COMPLEMENT_CASCADE,Macrophages,0.8591622762448365,Seurat
REACTOME_COPII_MEDIATED_VESICLE_TRANSPORT,Macrophages,0.1162362920375985,Seurat
REACTOME_ER_TO_GOLGI_ANTEROGRADE_TRANSPORT,Macrophages,0.1162362920375985,Seurat
REACTOME_EXTRINSIC_PATHWAY_OF_FIBRIN_CLOT_FORMATION,Macrophages,0.1164643464201845,Seurat
REACTOME_FORMATION_OF_FIBRIN_CLOT_CLOTTING_CASCADE,Macrophages,0.11645283530195849,Seurat
REACTOME_GAMMA_CARBOXYLATION_HYPUSINYLATION_HYDROXYLATION_AND_ARYLSULFATASE_ACTIVATION,Macrophages,0.11641718054130651,Seurat
REACTOME_GAMMA_CARBOXYLATION_OF_PROTEIN_PRECURSORS,Macrophages,0.11651927753251651,Seurat
REACTOME_GAMMA_CARBOXYLATION_TRANSPORT_AND_AMINO_TERMINAL_CLEAVAGE_OF_PROTEINS,Macrophages,0.11651927753251651,Seurat
REACTOME_GPCR_LIGAND_BINDING,Macrophages,0.861024363638727,Seurat
REACTOME_G_ALPHA_I_SIGNALLING_EVENTS,Macrophages,0.861024363638727,Seurat
REACTOME_HEMOSTASIS,Macrophages,0.11645283530195849,Seurat
REACTOME_IMMUNE_SYSTEM,Macrophages,0.8591622762448365,Seurat
REACTOME_IMMUNOREGULATORY_INTERACTIONS_BETWEEN_A_LYMPHOID_AND_A_NON_LYMPHOID_CELL,Macrophages,0.861024363638727,Seurat
REACTOME_INITIAL_TRIGGERING_OF_COMPLEMENT,Macrophages,0.8625751616971535,Seurat
REACTOME_INNATE_IMMUNE_SYSTEM,Macrophages,0.8591622762448365,Seurat
REACTOME_INTRINSIC_PATHWAY_OF_FIBRIN_CLOT_FORMATION,Macrophages,0.1165096424675365,Seurat
REACTOME_MEMBRANE_TRAFFICKING,Macrophages,0.1162362920375985,Seurat
REACTOME_METABOLISM_OF_PROTEINS,Macrophages,0.265340555741858,Seurat
REACTOME_NEUTROPHIL_DEGRANULATION,Macrophages,0.861024363638727,Seurat
REACTOME_PEPTIDE_LIGAND_BINDING_RECEPTORS,Macrophages,0.861024363638727,Seurat
REACTOME_PLATELET_ACTIVATION_SIGNALING_AND_AGGREGATION,Macrophages,0.1162362920375985,Seurat
REACTOME_POST_TRANSLATIONAL_PROTEIN_MODIFICATION,Macrophages,0.265340555741858,Seurat
REACTOME_REGULATION_OF_INSULIN_LIKE_GROWTH_FACTOR_IGF_TRANSPORT_AND_UPTAKE_BY_INSULIN_LIKE_GROWTH_FACTOR_BINDING_PROTEINS_IGFBPS,Macrophages,0.488662889943216,Seurat
REACTOME_RESPONSE_TO_ELEVATED_PLATELET_CYTOSOLIC_CA2,Macrophages,0.1162362920375985,Seurat
REACTOME_SIGNALING_BY_GPCR,Macrophages,0.861024363638727,Seurat
REACTOME_TERMINAL_PATHWAY_OF_COMPLEMENT,Macrophages,0.8567681898238965,Seurat
REACTOME_TRANSPORT_OF_GAMMA_CARBOXYLATED_PROTEIN_PRECURSORS_FROM_THE_ENDOPLASMIC_RETICULUM_TO_THE_GOLGI_APPARATUS,Macrophages,0.11651927753251651,Seurat
REACTOME_TRANSPORT_TO_THE_GOLGI_AND_SUBSEQUENT_MODIFICATION,Macrophages,0.1162362920375985,Seurat
REACTOME_VESICLE_MEDIATED_TRANSPORT,Macrophages,0.1162362920375985,Seurat
REACTOME_ACTIVATION_OF_C3_AND_C5,M1_macrophages,0.8685149680140216,Nicheformer_fine
REACTOME_ADAPTIVE_IMMUNE_SYSTEM,M1_macrophages,0.8735405648940703,Nicheformer_fine
REACTOME_ALTERNATIVE_COMPLEMENT_ACTIVATION,M1_macrophages,0.8735405648940703,Nicheformer_fine
REACTOME_ASPARAGINE_N_LINKED_GLYCOSYLATION,M1_macrophages,0.1177305181730367,Nicheformer_fine
REACTOME_CARGO_CONCENTRATION_IN_THE_ER,M1_macrophages,0.1177305181730367,Nicheformer_fine
REACTOME_CLASS_A_1_RHODOPSIN_LIKE_RECEPTORS,M1_macrophages,0.8735405648940703,Nicheformer_fine
REACTOME_COMMON_PATHWAY_OF_FIBRIN_CLOT_FORMATION,M1_macrophages,0.11667090664665286,Nicheformer_fine
REACTOME_COMPLEMENT_CASCADE,M1_macrophages,0.8613667863229715,Nicheformer_fine
REACTOME_COPII_MEDIATED_VESICLE_TRANSPORT,M1_macrophages,0.1177305181730367,Nicheformer_fine
REACTOME_ER_TO_GOLGI_ANTEROGRADE_TRANSPORT,M1_macrophages,0.1177305181730367,Nicheformer_fine
REACTOME_EXTRINSIC_PATHWAY_OF_FIBRIN_CLOT_FORMATION,M1_macrophages,0.11387361133888876,Nicheformer_fine
REACTOME_FORMATION_OF_FIBRIN_CLOT_CLOTTING_CASCADE,M1_macrophages,0.11544171141017912,Nicheformer_fine
REACTOME_GAMMA_CARBOXYLATION_HYPUSINYLATION_HYDROXYLATION_AND_ARYLSULFATASE_ACTIVATION,M1_macrophages,0.11467452898821391,Nicheformer_fine
REACTOME_GAMMA_CARBOXYLATION_OF_PROTEIN_PRECURSORS,M1_macrophages,0.11329819005912437,Nicheformer_fine
REACTOME_GAMMA_CARBOXYLATION_TRANSPORT_AND_AMINO_TERMINAL_CLEAVAGE_OF_PROTEINS,M1_macrophages,0.11329819005912437,Nicheformer_fine
REACTOME_GPCR_LIGAND_BINDING,M1_macrophages,0.8735405648940703,Nicheformer_fine
REACTOME_G_ALPHA_I_SIGNALLING_EVENTS,M1_macrophages,0.8735405648940703,Nicheformer_fine
REACTOME_HEMOSTASIS,M1_macrophages,0.11544171141017912,Nicheformer_fine
REACTOME_IMMUNE_SYSTEM,M1_macrophages,0.8613667863229715,Nicheformer_fine
REACTOME_IMMUNOREGULATORY_INTERACTIONS_BETWEEN_A_LYMPHOID_AND_A_NON_LYMPHOID_CELL,M1_macrophages,0.8735405648940703,Nicheformer_fine
REACTOME_INITIAL_TRIGGERING_OF_COMPLEMENT,M1_macrophages,0.8685149680140216,Nicheformer_fine
REACTOME_INNATE_IMMUNE_SYSTEM,M1_macrophages,0.8613667863229715,Nicheformer_fine
REACTOME_INTRINSIC_PATHWAY_OF_FIBRIN_CLOT_FORMATION,M1_macrophages,0.11471732348705672,Nicheformer_fine
REACTOME_MEMBRANE_TRAFFICKING,M1_macrophages,0.1177305181730367,Nicheformer_fine
REACTOME_METABOLISM_OF_PROTEINS,M1_macrophages,0.26997110277638875,Nicheformer_fine
REACTOME_NEUTROPHIL_DEGRANULATION,M1_macrophages,0.8735405648940703,Nicheformer_fine
REACTOME_PEPTIDE_LIGAND_BINDING_RECEPTORS,M1_macrophages,0.8735405648940703,Nicheformer_fine
REACTOME_PLATELET_ACTIVATION_SIGNALING_AND_AGGREGATION,M1_macrophages,0.1177305181730367,Nicheformer_fine
REACTOME_POST_TRANSLATIONAL_PROTEIN_MODIFICATION,M1_macrophages,0.26997110277638875,Nicheformer_fine
REACTOME_REGULATION_OF_INSULIN_LIKE_GROWTH_FACTOR_IGF_TRANSPORT_AND_UPTAKE_BY_INSULIN_LIKE_GROWTH_FACTOR_BINDING_PROTEINS_IGFBPS,M1_macrophages,0.49977641416523266,Nicheformer_fine
REACTOME_RESPONSE_TO_ELEVATED_PLATELET_CYTOSOLIC_CA2,M1_macrophages,0.1177305181730367,Nicheformer_fine
REACTOME_SIGNALING_BY_GPCR,M1_macrophages,0.8735405648940703,Nicheformer_fine
REACTOME_TERMINAL_PATHWAY_OF_COMPLEMENT,M1_macrophages,0.8560271075973928,Nicheformer_fine
REACTOME_TRANSPORT_OF_GAMMA_CARBOXYLATED_PROTEIN_PRECURSORS_FROM_THE_ENDOPLASMIC_RETICULUM_TO_THE_GOLGI_APPARATUS,M1_macrophages,0.11329819005912437,Nicheformer_fine
REACTOME_TRANSPORT_TO_THE_GOLGI_AND_SUBSEQUENT_MODIFICATION,M1_macrophages,0.1177305181730367,Nicheformer_fine
REACTOME_VESICLE_MEDIATED_TRANSPORT,M1_macrophages,0.1177305181730367,Nicheformer_fine
REACTOME_ACTIVATION_OF_C3_AND_C5,CAF,0.864804797638038,Nicheformer_fine
REACTOME_ADAPTIVE_IMMUNE_SYSTEM,CAF,0.8693066231549107,Nicheformer_fine
REACTOME_ALTERNATIVE_COMPLEMENT_ACTIVATION,CAF,0.8693066231549107,Nicheformer_fine
REACTOME_ASPARAGINE_N_LINKED_GLYCOSYLATION,CAF,0.11769763877820101,Nicheformer_fine
REACTOME_CARGO_CONCENTRATION_IN_THE_ER,CAF,0.11769763877820101,Nicheformer_fine
REACTOME_CLASS_A_1_RHODOPSIN_LIKE_RECEPTORS,CAF,0.8693066231549107,Nicheformer_fine
REACTOME_COMMON_PATHWAY_OF_FIBRIN_CLOT_FORMATION,CAF,0.11566481873846264,Nicheformer_fine
REACTOME_COMPLEMENT_CASCADE,CAF,0.856092731221572,Nicheformer_fine
REACTOME_COPII_MEDIATED_VESICLE_TRANSPORT,CAF,0.11769763877820101,Nicheformer_fine
REACTOME_ER_TO_GOLGI_ANTEROGRADE_TRANSPORT,CAF,0.11769763877820101,Nicheformer_fine
REACTOME_EXTRINSIC_PATHWAY_OF_FIBRIN_CLOT_FORMATION,CAF,0.11636065785198932,Nicheformer_fine
REACTOME_FORMATION_OF_FIBRIN_CLOT_CLOTTING_CASCADE,CAF,0.11758275924355573,Nicheformer_fine
REACTOME_GAMMA_CARBOXYLATION_HYPUSINYLATION_HYDROXYLATION_AND_ARYLSULFATASE_ACTIVATION,CAF,0.11295545073908782,Nicheformer_fine
REACTOME_GAMMA_CARBOXYLATION_OF_PROTEIN_PRECURSORS,CAF,0.10971682654741448,Nicheformer_fine
REACTOME_GAMMA_CARBOXYLATION_TRANSPORT_AND_AMINO_TERMINAL_CLEAVAGE_OF_PROTEINS,CAF,0.10971682654741448,Nicheformer_fine
REACTOME_GPCR_LIGAND_BINDING,CAF,0.8693066231549107,Nicheformer_fine
REACTOME_G_ALPHA_I_SIGNALLING_EVENTS,CAF,0.8693066231549107,Nicheformer_fine
REACTOME_HEMOSTASIS,CAF,0.11758275924355573,Nicheformer_fine
REACTOME_IMMUNE_SYSTEM,CAF,0.856092731221572,Nicheformer_fine
REACTOME_IMMUNOREGULATORY_INTERACTIONS_BETWEEN_A_LYMPHOID_AND_A_NON_LYMPHOID_CELL,CAF,0.8693066231549107,Nicheformer_fine
REACTOME_INITIAL_TRIGGERING_OF_COMPLEMENT,CAF,0.864804797638038,Nicheformer_fine
REACTOME_INNATE_IMMUNE_SYSTEM,CAF,0.856092731221572,Nicheformer_fine
REACTOME_INTRINSIC_PATHWAY_OF_FIBRIN_CLOT_FORMATION,CAF,0.11450237091379314,Nicheformer_fine
REACTOME_MEMBRANE_TRAFFICKING,CAF,0.11769763877820101,Nicheformer_fine
REACTOME_METABOLISM_OF_PROTEINS,CAF,0.2678424406526604,Nicheformer_fine
REACTOME_NEUTROPHIL_DEGRANULATION,CAF,0.8693066231549107,Nicheformer_fine
REACTOME_PEPTIDE_LIGAND_BINDING_RECEPTORS,CAF,0.8693066231549107,Nicheformer_fine
REACTOME_PLATELET_ACTIVATION_SIGNALING_AND_AGGREGATION,CAF,0.11769763877820101,Nicheformer_fine
REACTOME_POST_TRANSLATIONAL_PROTEIN_MODIFICATION,CAF,0.2678424406526604,Nicheformer_fine
REACTOME_REGULATION_OF_INSULIN_LIKE_GROWTH_FACTOR_IGF_TRANSPORT_AND_UPTAKE_BY_INSULIN_LIKE_GROWTH_FACTOR_BINDING_PROTEINS_IGFBPS,CAF,0.49683542784072066,Nicheformer_fine
REACTOME_RESPONSE_TO_ELEVATED_PLATELET_CYTOSOLIC_CA2,CAF,0.11769763877820101,Nicheformer_fine
REACTOME_SIGNALING_BY_GPCR,CAF,0.8693066231549107,Nicheformer_fine
REACTOME_TERMINAL_PATHWAY_OF_COMPLEMENT,CAF,0.849691641426205,Nicheformer_fine
REACTOME_TRANSPORT_OF_GAMMA_CARBOXYLATED_PROTEIN_PRECURSORS_FROM_THE_ENDOPLASMIC_RETICULUM_TO_THE_GOLGI_APPARATUS,CAF,0.10971682654741448,Nicheformer_fine
REACTOME_TRANSPORT_TO_THE_GOLGI_AND_SUBSEQUENT_MODIFICATION,CAF,0.11769763877820101,Nicheformer_fine
REACTOME_VESICLE_MEDIATED_TRANSPORT,CAF,0.11769763877820101,Nicheformer_fine
REACTOME_ACTIVATION_OF_C3_AND_C5,Tumor,0.8509370643324573,Nicheformer_fine
REACTOME_ADAPTIVE_IMMUNE_SYSTEM,Tumor,0.849480602895165,Nicheformer_fine
REACTOME_ALTERNATIVE_COMPLEMENT_ACTIVATION,Tumor,0.849480602895165,Nicheformer_fine
REACTOME_ASPARAGINE_N_LINKED_GLYCOSYLATION,Tumor,0.10985661716262364,Nicheformer_fine
REACTOME_CARGO_CONCENTRATION_IN_THE_ER,Tumor,0.10985661716262364,Nicheformer_fine
REACTOME_CLASS_A_1_RHODOPSIN_LIKE_RECEPTORS,Tumor,0.849480602895165,Nicheformer_fine
REACTOME_COMMON_PATHWAY_OF_FIBRIN_CLOT_FORMATION,Tumor,0.1088603601636449,Nicheformer_fine
REACTOME_COMPLEMENT_CASCADE,Tumor,0.8467151107773854,Nicheformer_fine
REACTOME_COPII_MEDIATED_VESICLE_TRANSPORT,Tumor,0.10985661716262364,Nicheformer_fine
REACTOME_ER_TO_GOLGI_ANTEROGRADE_TRANSPORT,Tumor,0.10985661716262364,Nicheformer_fine
REACTOME_EXTRINSIC_PATHWAY_OF_FIBRIN_CLOT_FORMATION,Tumor,0.11223601994353077,Nicheformer_fine
REACTOME_FORMATION_OF_FIBRIN_CLOT_CLOTTING_CASCADE,Tumor,0.11430894001593303,Nicheformer_fine
REACTOME_GAMMA_CARBOXYLATION_HYPUSINYLATION_HYDROXYLATION_AND_ARYLSULFATASE_ACTIVATION,Tumor,0.10828107704331989,Nicheformer_fine
REACTOME_GAMMA_CARBOXYLATION_OF_PROTEIN_PRECURSORS,Tumor,0.1057900891095094,Nicheformer_fine
REACTOME_GAMMA_CARBOXYLATION_TRANSPORT_AND_AMINO_TERMINAL_CLEAVAGE_OF_PROTEINS,Tumor,0.1057900891095094,Nicheformer_fine
REACTOME_GPCR_LIGAND_BINDING,Tumor,0.849480602895165,Nicheformer_fine
REACTOME_G_ALPHA_I_SIGNALLING_EVENTS,Tumor,0.849480602895165,Nicheformer_fine
REACTOME_HEMOSTASIS,Tumor,0.11430894001593303,Nicheformer_fine
REACTOME_IMMUNE_SYSTEM,Tumor,0.8467151107773854,Nicheformer_fine
REACTOME_IMMUNOREGULATORY_INTERACTIONS_BETWEEN_A_LYMPHOID_AND_A_NON_LYMPHOID_CELL,Tumor,0.849480602895165,Nicheformer_fine
REACTOME_INITIAL_TRIGGERING_OF_COMPLEMENT,Tumor,0.8509370643324573,Nicheformer_fine
REACTOME_INNATE_IMMUNE_SYSTEM,Tumor,0.8467151107773854,Nicheformer_fine
REACTOME_INTRINSIC_PATHWAY_OF_FIBRIN_CLOT_FORMATION,Tumor,0.11320760538060788,Nicheformer_fine
REACTOME_MEMBRANE_TRAFFICKING,Tumor,0.10985661716262364,Nicheformer_fine
REACTOME_METABOLISM_OF_PROTEINS,Tumor,0.2565684871552721,Nicheformer_fine
REACTOME_NEUTROPHIL_DEGRANULATION,Tumor,0.849480602895165,Nicheformer_fine
REACTOME_PEPTIDE_LIGAND_BINDING_RECEPTORS,Tumor,0.849480602895165,Nicheformer_fine
REACTOME_PLATELET_ACTIVATION_SIGNALING_AND_AGGREGATION,Tumor,0.10985661716262364,Nicheformer_fine
REACTOME_POST_TRANSLATIONAL_PROTEIN_MODIFICATION,Tumor,0.2565684871552721,Nicheformer_fine
REACTOME_REGULATION_OF_INSULIN_LIKE_GROWTH_FACTOR_IGF_TRANSPORT_AND_UPTAKE_BY_INSULIN_LIKE_GROWTH_FACTOR_BINDING_PROTEINS_IGFBPS,Tumor,0.4785515542293655,Nicheformer_fine
REACTOME_RESPONSE_TO_ELEVATED_PLATELET_CYTOSOLIC_CA2,Tumor,0.10985661716262364,Nicheformer_fine
REACTOME_SIGNALING_BY_GPCR,Tumor,0.849480602895165,Nicheformer_fine
REACTOME_TERMINAL_PATHWAY_OF_COMPLEMENT,Tumor,0.84369387083231,Nicheformer_fine
REACTOME_TRANSPORT_OF_GAMMA_CARBOXYLATED_PROTEIN_PRECURSORS_FROM_THE_ENDOPLASMIC_RETICULUM_TO_THE_GOLGI_APPARATUS,Tumor,0.1057900891095094,Nicheformer_fine
REACTOME_TRANSPORT_TO_THE_GOLGI_AND_SUBSEQUENT_MODIFICATION,Tumor,0.10985661716262364,Nicheformer_fine
REACTOME_VESICLE_MEDIATED_TRANSPORT,Tumor,0.10985661716262364,Nicheformer_fine
REACTOME_ACTIVATION_OF_C3_AND_C5,Plasma_IgG,0.8690575183223676,Nicheformer_fine
REACTOME_ADAPTIVE_IMMUNE_SYSTEM,Plasma_IgG,0.8730958962304094,Nicheformer_fine
REACTOME_ALTERNATIVE_COMPLEMENT_ACTIVATION,Plasma_IgG,0.8730958962304094,Nicheformer_fine
REACTOME_ASPARAGINE_N_LINKED_GLYCOSYLATION,Plasma_IgG,0.11885816699919842,Nicheformer_fine
REACTOME_CARGO_CONCENTRATION_IN_THE_ER,Plasma_IgG,0.11885816699919842,Nicheformer_fine
REACTOME_CLASS_A_1_RHODOPSIN_LIKE_RECEPTORS,Plasma_IgG,0.8730958962304094,Nicheformer_fine
REACTOME_COMMON_PATHWAY_OF_FIBRIN_CLOT_FORMATION,Plasma_IgG,0.1177302582317337,Nicheformer_fine
REACTOME_COMPLEMENT_CASCADE,Plasma_IgG,0.8619834138201332,Nicheformer_fine
REACTOME_COPII_MEDIATED_VESICLE_TRANSPORT,Plasma_IgG,0.11885816699919842,Nicheformer_fine
REACTOME_ER_TO_GOLGI_ANTEROGRADE_TRANSPORT,Plasma_IgG,0.11885816699919842,Nicheformer_fine
REACTOME_EXTRINSIC_PATHWAY_OF_FIBRIN_CLOT_FORMATION,Plasma_IgG,0.11585718676228854,Nicheformer_fine
REACTOME_FORMATION_OF_FIBRIN_CLOT_CLOTTING_CASCADE,Plasma_IgG,0.11757032994249576,Nicheformer_fine
REACTOME_GAMMA_CARBOXYLATION_HYPUSINYLATION_HYDROXYLATION_AND_ARYLSULFATASE_ACTIVATION,Plasma_IgG,0.11597024135163281,Nicheformer_fine
REACTOME_GAMMA_CARBOXYLATION_OF_PROTEIN_PRECURSORS,Plasma_IgG,0.11392694515799014,Nicheformer_fine
REACTOME_GAMMA_CARBOXYLATION_TRANSPORT_AND_AMINO_TERMINAL_CLEAVAGE_OF_PROTEINS,Plasma_IgG,0.11392694515799014,Nicheformer_fine
REACTOME_GPCR_LIGAND_BINDING,Plasma_IgG,0.8730958962304094,Nicheformer_fine
REACTOME_G_ALPHA_I_SIGNALLING_EVENTS,Plasma_IgG,0.8730958962304094,Nicheformer_fine
REACTOME_HEMOSTASIS,Plasma_IgG,0.11757032994249576,Nicheformer_fine
REACTOME_IMMUNE_SYSTEM,Plasma_IgG,0.8619834138201332,Nicheformer_fine
REACTOME_IMMUNOREGULATORY_INTERACTIONS_BETWEEN_A_LYMPHOID_AND_A_NON_LYMPHOID_CELL,Plasma_IgG,0.8730958962304094,Nicheformer_fine
REACTOME_INITIAL_TRIGGERING_OF_COMPLEMENT,Plasma_IgG,0.8690575183223676,Nicheformer_fine
REACTOME_INNATE_IMMUNE_SYSTEM,Plasma_IgG,0.8619834138201332,Nicheformer_fine
REACTOME_INTRINSIC_PATHWAY_OF_FIBRIN_CLOT_FORMATION,Plasma_IgG,0.11676250555610487,Nicheformer_fine
REACTOME_MEMBRANE_TRAFFICKING,Plasma_IgG,0.11885816699919842,Nicheformer_fine
REACTOME_METABOLISM_OF_PROTEINS,Plasma_IgG,0.2704493794337101,Nicheformer_fine
REACTOME_NEUTROPHIL_DEGRANULATION,Plasma_IgG,0.8730958962304094,Nicheformer_fine
REACTOME_PEPTIDE_LIGAND_BINDING_RECEPTORS,Plasma_IgG,0.8730958962304094,Nicheformer_fine
REACTOME_PLATELET_ACTIVATION_SIGNALING_AND_AGGREGATION,Plasma_IgG,0.11885816699919842,Nicheformer_fine
REACTOME_POST_TRANSLATIONAL_PROTEIN_MODIFICATION,Plasma_IgG,0.2704493794337101,Nicheformer_fine
REACTOME_REGULATION_OF_INSULIN_LIKE_GROWTH_FACTOR_IGF_TRANSPORT_AND_UPTAKE_BY_INSULIN_LIKE_GROWTH_FACTOR_BINDING_PROTEINS_IGFBPS,Plasma_IgG,0.4992225350002775,Nicheformer_fine
REACTOME_RESPONSE_TO_ELEVATED_PLATELET_CYTOSOLIC_CA2,Plasma_IgG,0.11885816699919842,Nicheformer_fine
REACTOME_SIGNALING_BY_GPCR,Plasma_IgG,0.8730958962304094,Nicheformer_fine
REACTOME_TERMINAL_PATHWAY_OF_COMPLEMENT,Plasma_IgG,0.8566974773199669,Nicheformer_fine
REACTOME_TRANSPORT_OF_GAMMA_CARBOXYLATED_PROTEIN_PRECURSORS_FROM_THE_ENDOPLASMIC_RETICULUM_TO_THE_GOLGI_APPARATUS,Plasma_IgG,0.11392694515799014,Nicheformer_fine
REACTOME_TRANSPORT_TO_THE_GOLGI_AND_SUBSEQUENT_MODIFICATION,Plasma_IgG,0.11885816699919842,Nicheformer_fine
REACTOME_VESICLE_MEDIATED_TRANSPORT,Plasma_IgG,0.11885816699919842,Nicheformer_fine
REACTOME_ACTIVATION_OF_C3_AND_C5,High_Endothelial_Venules,0.8642976086540661,Nicheformer_fine
REACTOME_ADAPTIVE_IMMUNE_SYSTEM,High_Endothelial_Venules,0.8679028750255917,Nicheformer_fine
REACTOME_ALTERNATIVE_COMPLEMENT_ACTIVATION,High_Endothelial_Venules,0.8679028750255917,Nicheformer_fine
REACTOME_ASPARAGINE_N_LINKED_GLYCOSYLATION,High_Endothelial_Venules,0.11651445033780931,Nicheformer_fine
REACTOME_CARGO_CONCENTRATION_IN_THE_ER,High_Endothelial_Venules,0.11651445033780931,Nicheformer_fine
REACTOME_CLASS_A_1_RHODOPSIN_LIKE_RECEPTORS,High_Endothelial_Venules,0.8679028750255917,Nicheformer_fine
REACTOME_COMMON_PATHWAY_OF_FIBRIN_CLOT_FORMATION,High_Endothelial_Venules,0.11514448518784871,Nicheformer_fine
REACTOME_COMPLEMENT_CASCADE,High_Endothelial_Venules,0.8592378563344059,Nicheformer_fine
REACTOME_COPII_MEDIATED_VESICLE_TRANSPORT,High_Endothelial_Venules,0.11651445033780931,Nicheformer_fine
REACTOME_ER_TO_GOLGI_ANTEROGRADE_TRANSPORT,High_Endothelial_Venules,0.11651445033780931,Nicheformer_fine
REACTOME_EXTRINSIC_PATHWAY_OF_FIBRIN_CLOT_FORMATION,High_Endothelial_Venules,0.11361176915378077,Nicheformer_fine
REACTOME_FORMATION_OF_FIBRIN_CLOT_CLOTTING_CASCADE,High_Endothelial_Venules,0.1148607569463448,Nicheformer_fine
REACTOME_GAMMA_CARBOXYLATION_HYPUSINYLATION_HYDROXYLATION_AND_ARYLSULFATASE_ACTIVATION,High_Endothelial_Venules,0.1129902878668603,Nicheformer_fine
REACTOME_GAMMA_CARBOXYLATION_OF_PROTEIN_PRECURSORS,High_Endothelial_Venules,0.11126494783111741,Nicheformer_fine
REACTOME_GAMMA_CARBOXYLATION_TRANSPORT_AND_AMINO_TERMINAL_CLEAVAGE_OF_PROTEINS,High_Endothelial_Venules,0.11126494783111741,Nicheformer_fine
REACTOME_GPCR_LIGAND_BINDING,High_Endothelial_Venules,0.8679028750255917,Nicheformer_fine
REACTOME_G_ALPHA_I_SIGNALLING_EVENTS,High_Endothelial_Venules,0.8679028750255917,Nicheformer_fine
REACTOME_HEMOSTASIS,High_Endothelial_Venules,0.1148607569463448,Nicheformer_fine
REACTOME_IMMUNE_SYSTEM,High_Endothelial_Venules,0.8592378563344059,Nicheformer_fine
REACTOME_IMMUNOREGULATORY_INTERACTIONS_BETWEEN_A_LYMPHOID_AND_A_NON_LYMPHOID_CELL,High_Endothelial_Venules,0.8679028750255917,Nicheformer_fine
REACTOME_INITIAL_TRIGGERING_OF_COMPLEMENT,High_Endothelial_Venules,0.8642976086540661,Nicheformer_fine
REACTOME_INNATE_IMMUNE_SYSTEM,High_Endothelial_Venules,0.8592378563344059,Nicheformer_fine
REACTOME_INTRINSIC_PATHWAY_OF_FIBRIN_CLOT_FORMATION,High_Endothelial_Venules,0.11330858272749954,Nicheformer_fine
REACTOME_MEMBRANE_TRAFFICKING,High_Endothelial_Venules,0.11651445033780931,Nicheformer_fine
REACTOME_METABOLISM_OF_PROTEINS,High_Endothelial_Venules,0.26699642436774834,Nicheformer_fine
REACTOME_NEUTROPHIL_DEGRANULATION,High_Endothelial_Venules,0.8679028750255917,Nicheformer_fine
REACTOME_PEPTIDE_LIGAND_BINDING_RECEPTORS,High_Endothelial_Venules,0.8679028750255917,Nicheformer_fine
REACTOME_PLATELET_ACTIVATION_SIGNALING_AND_AGGREGATION,High_Endothelial_Venules,0.11651445033780931,Nicheformer_fine
REACTOME_POST_TRANSLATIONAL_PROTEIN_MODIFICATION,High_Endothelial_Venules,0.26699642436774834,Nicheformer_fine
REACTOME_REGULATION_OF_INSULIN_LIKE_GROWTH_FACTOR_IGF_TRANSPORT_AND_UPTAKE_BY_INSULIN_LIKE_GROWTH_FACTOR_BINDING_PROTEINS_IGFBPS,High_Endothelial_Venules,0.49543083296307067,Nicheformer_fine
REACTOME_RESPONSE_TO_ELEVATED_PLATELET_CYTOSOLIC_CA2,High_Endothelial_Venules,0.11651445033780931,Nicheformer_fine
REACTOME_SIGNALING_BY_GPCR,High_Endothelial_Venules,0.8679028750255917,Nicheformer_fine
REACTOME_TERMINAL_PATHWAY_OF_COMPLEMENT,High_Endothelial_Venules,0.8553338339498646,Nicheformer_fine
REACTOME_TRANSPORT_OF_GAMMA_CARBOXYLATED_PROTEIN_PRECURSORS_FROM_THE_ENDOPLASMIC_RETICULUM_TO_THE_GOLGI_APPARATUS,High_Endothelial_Venules,0.11126494783111741,Nicheformer_fine
REACTOME_TRANSPORT_TO_THE_GOLGI_AND_SUBSEQUENT_MODIFICATION,High_Endothelial_Venules,0.11651445033780931,Nicheformer_fine
REACTOME_VESICLE_MEDIATED_TRANSPORT,High_Endothelial_Venules,0.11651445033780931,Nicheformer_fine
REACTOME_ACTIVATION_OF_C3_AND_C5,unknown,0.8652922220629952,Nicheformer_fine
REACTOME_ADAPTIVE_IMMUNE_SYSTEM,unknown,0.8646830553394219,Nicheformer_fine
REACTOME_ALTERNATIVE_COMPLEMENT_ACTIVATION,unknown,0.8646830553394219,Nicheformer_fine
REACTOME_ASPARAGINE_N_LINKED_GLYCOSYLATION,unknown,0.12140368728544469,Nicheformer_fine
REACTOME_CARGO_CONCENTRATION_IN_THE_ER,unknown,0.12140368728544469,Nicheformer_fine
REACTOME_CLASS_A_1_RHODOPSIN_LIKE_RECEPTORS,unknown,0.8646830553394219,Nicheformer_fine
REACTOME_COMMON_PATHWAY_OF_FIBRIN_CLOT_FORMATION,unknown,0.12027138993080425,Nicheformer_fine
REACTOME_COMPLEMENT_CASCADE,unknown,0.8616710577346667,Nicheformer_fine
REACTOME_COPII_MEDIATED_VESICLE_TRANSPORT,unknown,0.12140368728544469,Nicheformer_fine
REACTOME_ER_TO_GOLGI_ANTEROGRADE_TRANSPORT,unknown,0.12140368728544469,Nicheformer_fine
REACTOME_EXTRINSIC_PATHWAY_OF_FIBRIN_CLOT_FORMATION,unknown,0.11689932984147017,Nicheformer_fine
REACTOME_FORMATION_OF_FIBRIN_CLOT_CLOTTING_CASCADE,unknown,0.11873814318488712,Nicheformer_fine
REACTOME_GAMMA_CARBOXYLATION_HYPUSINYLATION_HYDROXYLATION_AND_ARYLSULFATASE_ACTIVATION,unknown,0.1182852894877752,Nicheformer_fine
REACTOME_GAMMA_CARBOXYLATION_OF_PROTEIN_PRECURSORS,unknown,0.11674342996656309,Nicheformer_fine
REACTOME_GAMMA_CARBOXYLATION_TRANSPORT_AND_AMINO_TERMINAL_CLEAVAGE_OF_PROTEINS,unknown,0.11674342996656309,Nicheformer_fine
REACTOME_GPCR_LIGAND_BINDING,unknown,0.8646830553394219,Nicheformer_fine
REACTOME_G_ALPHA_I_SIGNALLING_EVENTS,unknown,0.8646830553394219,Nicheformer_fine
REACTOME_HEMOSTASIS,unknown,0.11873814318488712,Nicheformer_fine
REACTOME_IMMUNE_SYSTEM,unknown,0.8616710577346667,Nicheformer_fine
REACTOME_IMMUNOREGULATORY_INTERACTIONS_BETWEEN_A_LYMPHOID_AND_A_NON_LYMPHOID_CELL,unknown,0.8646830553394219,Nicheformer_fine
REACTOME_INITIAL_TRIGGERING_OF_COMPLEMENT,unknown,0.8652922220629952,Nicheformer_fine
REACTOME_INNATE_IMMUNE_SYSTEM,unknown,0.8616710577346667,Nicheformer_fine
REACTOME_INTRINSIC_PATHWAY_OF_FIBRIN_CLOT_FORMATION,unknown,0.11825839543803142,Nicheformer_fine
REACTOME_MEMBRANE_TRAFFICKING,unknown,0.12140368728544469,Nicheformer_fine
REACTOME_METABOLISM_OF_PROTEINS,unknown,0.2688862436465359,Nicheformer_fine
REACTOME_NEUTROPHIL_DEGRANULATION,unknown,0.8646830553394219,Nicheformer_fine
REACTOME_PEPTIDE_LIGAND_BINDING_RECEPTORS,unknown,0.8646830553394219,Nicheformer_fine
REACTOME_PLATELET_ACTIVATION_SIGNALING_AND_AGGREGATION,unknown,0.12140368728544469,Nicheformer_fine
REACTOME_POST_TRANSLATIONAL_PROTEIN_MODIFICATION,unknown,0.2688862436465359,Nicheformer_fine
REACTOME_REGULATION_OF_INSULIN_LIKE_GROWTH_FACTOR_IGF_TRANSPORT_AND_UPTAKE_BY_INSULIN_LIKE_GROWTH_FACTOR_BINDING_PROTEINS_IGFBPS,unknown,0.49388075752539495,Nicheformer_fine
REACTOME_RESPONSE_TO_ELEVATED_PLATELET_CYTOSOLIC_CA2,unknown,0.12140368728544469,Nicheformer_fine
REACTOME_SIGNALING_BY_GPCR,unknown,0.8646830553394219,Nicheformer_fine
REACTOME_TERMINAL_PATHWAY_OF_COMPLEMENT,unknown,0.8589942590741443,Nicheformer_fine
REACTOME_TRANSPORT_OF_GAMMA_CARBOXYLATED_PROTEIN_PRECURSORS_FROM_THE_ENDOPLASMIC_RETICULUM_TO_THE_GOLGI_APPARATUS,unknown,0.11674342996656309,Nicheformer_fine
REACTOME_TRANSPORT_TO_THE_GOLGI_AND_SUBSEQUENT_MODIFICATION,unknown,0.12140368728544469,Nicheformer_fine
REACTOME_VESICLE_MEDIATED_TRANSPORT,unknown,0.12140368728544469,Nicheformer_fine
REACTOME_ACTIVATION_OF_C3_AND_C5,Fibroblasts,0.8749306963183824,Nicheformer_fine
REACTOME_ADAPTIVE_IMMUNE_SYSTEM,Fibroblasts,0.8830726108466759,Nicheformer_fine
REACTOME_ALTERNATIVE_COMPLEMENT_ACTIVATION,Fibroblasts,0.8830726108466759,Nicheformer_fine
REACTOME_ASPARAGINE_N_LINKED_GLYCOSYLATION,Fibroblasts,0.11928866343490294,Nicheformer_fine
REACTOME_CARGO_CONCENTRATION_IN_THE_ER,Fibroblasts,0.11928866343490294,Nicheformer_fine
REACTOME_CLASS_A_1_RHODOPSIN_LIKE_RECEPTORS,Fibroblasts,0.8830726108466759,Nicheformer_fine
REACTOME_COMMON_PATHWAY_OF_FIBRIN_CLOT_FORMATION,Fibroblasts,0.11904866790440381,Nicheformer_fine
REACTOME_COMPLEMENT_CASCADE,Fibroblasts,0.8647711668036177,Nicheformer_fine
REACTOME_COPII_MEDIATED_VESICLE_TRANSPORT,Fibroblasts,0.11928866343490294,Nicheformer_fine
REACTOME_ER_TO_GOLGI_ANTEROGRADE_TRANSPORT,Fibroblasts,0.11928866343490294,Nicheformer_fine
REACTOME_EXTRINSIC_PATHWAY_OF_FIBRIN_CLOT_FORMATION,Fibroblasts,0.11903120921487317,Nicheformer_fine
REACTOME_FORMATION_OF_FIBRIN_CLOT_CLOTTING_CASCADE,Fibroblasts,0.11850028885923213,Nicheformer_fine
REACTOME_GAMMA_CARBOXYLATION_HYPUSINYLATION_HYDROXYLATION_AND_ARYLSULFATASE_ACTIVATION,Fibroblasts,0.11765616319972738,Nicheformer_fine
REACTOME_GAMMA_CARBOXYLATION_OF_PROTEIN_PRECURSORS,Fibroblasts,0.11572178007098285,Nicheformer_fine
REACTOME_GAMMA_CARBOXYLATION_TRANSPORT_AND_AMINO_TERMINAL_CLEAVAGE_OF_PROTEINS,Fibroblasts,0.11572178007098285,Nicheformer_fine
REACTOME_GPCR_LIGAND_BINDING,Fibroblasts,0.8830726108466759,Nicheformer_fine
REACTOME_G_ALPHA_I_SIGNALLING_EVENTS,Fibroblasts,0.8830726108466759,Nicheformer_fine
REACTOME_HEMOSTASIS,Fibroblasts,0.11850028885923213,Nicheformer_fine
REACTOME_IMMUNE_SYSTEM,Fibroblasts,0.8647711668036177,Nicheformer_fine
REACTOME_IMMUNOREGULATORY_INTERACTIONS_BETWEEN_A_LYMPHOID_AND_A_NON_LYMPHOID_CELL,Fibroblasts,0.8830726108466759,Nicheformer_fine
REACTOME_INITIAL_TRIGGERING_OF_COMPLEMENT,Fibroblasts,0.8749306963183824,Nicheformer_fine
REACTOME_INNATE_IMMUNE_SYSTEM,Fibroblasts,0.8647711668036177,Nicheformer_fine
REACTOME_INTRINSIC_PATHWAY_OF_FIBRIN_CLOT_FORMATION,Fibroblasts,0.11680371897833496,Nicheformer_fine
REACTOME_MEMBRANE_TRAFFICKING,Fibroblasts,0.11928866343490294,Nicheformer_fine
REACTOME_METABOLISM_OF_PROTEINS,Fibroblasts,0.2748757978541846,Nicheformer_fine
REACTOME_NEUTROPHIL_DEGRANULATION,Fibroblasts,0.8830726108466759,Nicheformer_fine
REACTOME_PEPTIDE_LIGAND_BINDING_RECEPTORS,Fibroblasts,0.8830726108466759,Nicheformer_fine
REACTOME_PLATELET_ACTIVATION_SIGNALING_AND_AGGREGATION,Fibroblasts,0.11928866343490294,Nicheformer_fine
REACTOME_POST_TRANSLATIONAL_PROTEIN_MODIFICATION,Fibroblasts,0.2748757978541846,Nicheformer_fine
REACTOME_REGULATION_OF_INSULIN_LIKE_GROWTH_FACTOR_IGF_TRANSPORT_AND_UPTAKE_BY_INSULIN_LIKE_GROWTH_FACTOR_BINDING_PROTEINS_IGFBPS,Fibroblasts,0.5063124451468677,Nicheformer_fine
REACTOME_RESPONSE_TO_ELEVATED_PLATELET_CYTOSOLIC_CA2,Fibroblasts,0.11928866343490294,Nicheformer_fine
REACTOME_SIGNALING_BY_GPCR,Fibroblasts,0.8830726108466759,Nicheformer_fine
REACTOME_TERMINAL_PATHWAY_OF_COMPLEMENT,Fibroblasts,0.8571771785466853,Nicheformer_fine
REACTOME_TRANSPORT_OF_GAMMA_CARBOXYLATED_PROTEIN_PRECURSORS_FROM_THE_ENDOPLASMIC_RETICULUM_TO_THE_GOLGI_APPARATUS,Fibroblasts,0.11572178007098285,Nicheformer_fine
REACTOME_TRANSPORT_TO_THE_GOLGI_AND_SUBSEQUENT_MODIFICATION,Fibroblasts,0.11928866343490294,Nicheformer_fine
REACTOME_VESICLE_MEDIATED_TRANSPORT,Fibroblasts,0.11928866343490294,Nicheformer_fine
REACTOME_ACTIVATION_OF_C3_AND_C5,Germinal_Center_Plasma_IgM_B_cell,0.8633986473005126,Nicheformer_fine
REACTOME_ADAPTIVE_IMMUNE_SYSTEM,Germinal_Center_Plasma_IgM_B_cell,0.8644205022376782,Nicheformer_fine
REACTOME_ALTERNATIVE_COMPLEMENT_ACTIVATION,Germinal_Center_Plasma_IgM_B_cell,0.8644205022376782,Nicheformer_fine
REACTOME_ASPARAGINE_N_LINKED_GLYCOSYLATION,Germinal_Center_Plasma_IgM_B_cell,0.11924290183968744,Nicheformer_fine
REACTOME_CARGO_CONCENTRATION_IN_THE_ER,Germinal_Center_Plasma_IgM_B_cell,0.11924290183968744,Nicheformer_fine
REACTOME_CLASS_A_1_RHODOPSIN_LIKE_RECEPTORS,Germinal_Center_Plasma_IgM_B_cell,0.8644205022376782,Nicheformer_fine
REACTOME_COMMON_PATHWAY_OF_FIBRIN_CLOT_FORMATION,Germinal_Center_Plasma_IgM_B_cell,0.11791796831904115,Nicheformer_fine
REACTOME_COMPLEMENT_CASCADE,Germinal_Center_Plasma_IgM_B_cell,0.8586147465478504,Nicheformer_fine
REACTOME_COPII_MEDIATED_VESICLE_TRANSPORT,Germinal_Center_Plasma_IgM_B_cell,0.11924290183968744,Nicheformer_fine
REACTOME_ER_TO_GOLGI_ANTEROGRADE_TRANSPORT,Germinal_Center_Plasma_IgM_B_cell,0.11924290183968744,Nicheformer_fine
REACTOME_EXTRINSIC_PATHWAY_OF_FIBRIN_CLOT_FORMATION,Germinal_Center_Plasma_IgM_B_cell,0.11389976222083284,Nicheformer_fine
REACTOME_FORMATION_OF_FIBRIN_CLOT_CLOTTING_CASCADE,Germinal_Center_Plasma_IgM_B_cell,0.11600936734675141,Nicheformer_fine
REACTOME_GAMMA_CARBOXYLATION_HYPUSINYLATION_HYDROXYLATION_AND_ARYLSULFATASE_ACTIVATION,Germinal_Center_Plasma_IgM_B_cell,0.1162893957703183,Nicheformer_fine
REACTOME_GAMMA_CARBOXYLATION_OF_PROTEIN_PRECURSORS,Germinal_Center_Plasma_IgM_B_cell,0.11399051063953165,Nicheformer_fine
REACTOME_GAMMA_CARBOXYLATION_TRANSPORT_AND_AMINO_TERMINAL_CLEAVAGE_OF_PROTEINS,Germinal_Center_Plasma_IgM_B_cell,0.11399051063953165,Nicheformer_fine
REACTOME_GPCR_LIGAND_BINDING,Germinal_Center_Plasma_IgM_B_cell,0.8644205022376782,Nicheformer_fine
REACTOME_G_ALPHA_I_SIGNALLING_EVENTS,Germinal_Center_Plasma_IgM_B_cell,0.8644205022376782,Nicheformer_fine
REACTOME_HEMOSTASIS,Germinal_Center_Plasma_IgM_B_cell,0.11600936734675141,Nicheformer_fine
REACTOME_IMMUNE_SYSTEM,Germinal_Center_Plasma_IgM_B_cell,0.8586147465478504,Nicheformer_fine
REACTOME_IMMUNOREGULATORY_INTERACTIONS_BETWEEN_A_LYMPHOID_AND_A_NON_LYMPHOID_CELL,Germinal_Center_Plasma_IgM_B_cell,0.8644205022376782,Nicheformer_fine
REACTOME_INITIAL_TRIGGERING_OF_COMPLEMENT,Germinal_Center_Plasma_IgM_B_cell,0.8633986473005126,Nicheformer_fine
REACTOME_INNATE_IMMUNE_SYSTEM,Germinal_Center_Plasma_IgM_B_cell,0.8586147465478504,Nicheformer_fine
REACTOME_INTRINSIC_PATHWAY_OF_FIBRIN_CLOT_FORMATION,Germinal_Center_Plasma_IgM_B_cell,0.11600385289863885,Nicheformer_fine
REACTOME_MEMBRANE_TRAFFICKING,Germinal_Center_Plasma_IgM_B_cell,0.11924290183968744,Nicheformer_fine
REACTOME_METABOLISM_OF_PROTEINS,Germinal_Center_Plasma_IgM_B_cell,0.2673756613119276,Nicheformer_fine
REACTOME_NEUTROPHIL_DEGRANULATION,Germinal_Center_Plasma_IgM_B_cell,0.8644205022376782,Nicheformer_fine
REACTOME_PEPTIDE_LIGAND_BINDING_RECEPTORS,Germinal_Center_Plasma_IgM_B_cell,0.8644205022376782,Nicheformer_fine
REACTOME_PLATELET_ACTIVATION_SIGNALING_AND_AGGREGATION,Germinal_Center_Plasma_IgM_B_cell,0.11924290183968744,Nicheformer_fine
REACTOME_POST_TRANSLATIONAL_PROTEIN_MODIFICATION,Germinal_Center_Plasma_IgM_B_cell,0.2673756613119276,Nicheformer_fine
REACTOME_REGULATION_OF_INSULIN_LIKE_GROWTH_FACTOR_IGF_TRANSPORT_AND_UPTAKE_BY_INSULIN_LIKE_GROWTH_FACTOR_BINDING_PROTEINS_IGFBPS,Germinal_Center_Plasma_IgM_B_cell,0.49262398058396745,Nicheformer_fine
REACTOME_RESPONSE_TO_ELEVATED_PLATELET_CYTOSOLIC_CA2,Germinal_Center_Plasma_IgM_B_cell,0.11924290183968744,Nicheformer_fine
REACTOME_SIGNALING_BY_GPCR,Germinal_Center_Plasma_IgM_B_cell,0.8644205022376782,Nicheformer_fine
REACTOME_TERMINAL_PATHWAY_OF_COMPLEMENT,Germinal_Center_Plasma_IgM_B_cell,0.8551140886189612,Nicheformer_fine
REACTOME_TRANSPORT_OF_GAMMA_CARBOXYLATED_PROTEIN_PRECURSORS_FROM_THE_ENDOPLASMIC_RETICULUM_TO_THE_GOLGI_APPARATUS,Germinal_Center_Plasma_IgM_B_cell,0.11399051063953165,Nicheformer_fine
REACTOME_TRANSPORT_TO_THE_GOLGI_AND_SUBSEQUENT_MODIFICATION,Germinal_Center_Plasma_IgM_B_cell,0.11924290183968744,Nicheformer_fine
REACTOME_VESICLE_MEDIATED_TRANSPORT,Germinal_Center_Plasma_IgM_B_cell,0.11924290183968744,Nicheformer_fine
REACTOME_ACTIVATION_OF_C3_AND_C5,Plasma_IgA,0.8631230182090837,Nicheformer_fine
REACTOME_ADAPTIVE_IMMUNE_SYSTEM,Plasma_IgA,0.8629064521326457,Nicheformer_fine
REACTOME_ALTERNATIVE_COMPLEMENT_ACTIVATION,Plasma_IgA,0.8629064521326457,Nicheformer_fine
REACTOME_ASPARAGINE_N_LINKED_GLYCOSYLATION,Plasma_IgA,0.12051518177891175,Nicheformer_fine
REACTOME_CARGO_CONCENTRATION_IN_THE_ER,Plasma_IgA,0.12051518177891175,Nicheformer_fine
REACTOME_CLASS_A_1_RHODOPSIN_LIKE_RECEPTORS,Plasma_IgA,0.8629064521326457,Nicheformer_fine
REACTOME_COMMON_PATHWAY_OF_FIBRIN_CLOT_FORMATION,Plasma_IgA,0.11918698005801955,Nicheformer_fine
REACTOME_COMPLEMENT_CASCADE,Plasma_IgA,0.8602747047204334,Nicheformer_fine
REACTOME_COPII_MEDIATED_VESICLE_TRANSPORT,Plasma_IgA,0.12051518177891175,Nicheformer_fine
REACTOME_ER_TO_GOLGI_ANTEROGRADE_TRANSPORT,Plasma_IgA,0.12051518177891175,Nicheformer_fine
REACTOME_EXTRINSIC_PATHWAY_OF_FIBRIN_CLOT_FORMATION,Plasma_IgA,0.11500131770009865,Nicheformer_fine
REACTOME_FORMATION_OF_FIBRIN_CLOT_CLOTTING_CASCADE,Plasma_IgA,0.11686632119619568,Nicheformer_fine
REACTOME_GAMMA_CARBOXYLATION_HYPUSINYLATION_HYDROXYLATION_AND_ARYLSULFATASE_ACTIVATION,Plasma_IgA,0.11555009971105114,Nicheformer_fine
REACTOME_GAMMA_CARBOXYLATION_OF_PROTEIN_PRECURSORS,Plasma_IgA,0.11473219695817932,Nicheformer_fine
REACTOME_GAMMA_CARBOXYLATION_TRANSPORT_AND_AMINO_TERMINAL_CLEAVAGE_OF_PROTEINS,Plasma_IgA,0.11473219695817932,Nicheformer_fine
REACTOME_GPCR_LIGAND_BINDING,Plasma_IgA,0.8629064521326457,Nicheformer_fine
REACTOME_G_ALPHA_I_SIGNALLING_EVENTS,Plasma_IgA,0.8629064521326457,Nicheformer_fine
REACTOME_HEMOSTASIS,Plasma_IgA,0.11686632119619568,Nicheformer_fine
REACTOME_IMMUNE_SYSTEM,Plasma_IgA,0.8602747047204334,Nicheformer_fine
REACTOME_IMMUNOREGULATORY_INTERACTIONS_BETWEEN_A_LYMPHOID_AND_A_NON_LYMPHOID_CELL,Plasma_IgA,0.8629064521326457,Nicheformer_fine
REACTOME_INITIAL_TRIGGERING_OF_COMPLEMENT,Plasma_IgA,0.8631230182090837,Nicheformer_fine
REACTOME_INNATE_IMMUNE_SYSTEM,Plasma_IgA,0.8602747047204334,Nicheformer_fine
REACTOME_INTRINSIC_PATHWAY_OF_FIBRIN_CLOT_FORMATION,Plasma_IgA,0.11521681454133445,Nicheformer_fine
REACTOME_MEMBRANE_TRAFFICKING,Plasma_IgA,0.12051518177891175,Nicheformer_fine
REACTOME_METABOLISM_OF_PROTEINS,Plasma_IgA,0.26759907693703133,Nicheformer_fine
REACTOME_NEUTROPHIL_DEGRANULATION,Plasma_IgA,0.8629064521326457,Nicheformer_fine
REACTOME_PEPTIDE_LIGAND_BINDING_RECEPTORS,Plasma_IgA,0.8629064521326457,Nicheformer_fine
REACTOME_PLATELET_ACTIVATION_SIGNALING_AND_AGGREGATION,Plasma_IgA,0.12051518177891175,Nicheformer_fine
REACTOME_POST_TRANSLATIONAL_PROTEIN_MODIFICATION,Plasma_IgA,0.26759907693703133,Nicheformer_fine
REACTOME_REGULATION_OF_INSULIN_LIKE_GROWTH_FACTOR_IGF_TRANSPORT_AND_UPTAKE_BY_INSULIN_LIKE_GROWTH_FACTOR_BINDING_PROTEINS_IGFBPS,Plasma_IgA,0.4943161547796606,Nicheformer_fine
REACTOME_RESPONSE_TO_ELEVATED_PLATELET_CYTOSOLIC_CA2,Plasma_IgA,0.12051518177891175,Nicheformer_fine
REACTOME_SIGNALING_BY_GPCR,Plasma_IgA,0.8629064521326457,Nicheformer_fine
REACTOME_TERMINAL_PATHWAY_OF_COMPLEMENT,Plasma_IgA,0.8580466560824506,Nicheformer_fine
REACTOME_TRANSPORT_OF_GAMMA_CARBOXYLATED_PROTEIN_PRECURSORS_FROM_THE_ENDOPLASMIC_RETICULUM_TO_THE_GOLGI_APPARATUS,Plasma_IgA,0.11473219695817932,Nicheformer_fine
REACTOME_TRANSPORT_TO_THE_GOLGI_AND_SUBSEQUENT_MODIFICATION,Plasma_IgA,0.12051518177891175,Nicheformer_fine
REACTOME_VESICLE_MEDIATED_TRANSPORT,Plasma_IgA,0.12051518177891175,Nicheformer_fine
REACTOME_ACTIVATION_OF_C3_AND_C5,CAM,0.8546523290309084,Nicheformer_fine
REACTOME_ADAPTIVE_IMMUNE_SYSTEM,CAM,0.8533940588407131,Nicheformer_fine
REACTOME_ALTERNATIVE_COMPLEMENT_ACTIVATION,CAM,0.8533940588407131,Nicheformer_fine
REACTOME_ASPARAGINE_N_LINKED_GLYCOSYLATION,CAM,0.11173342458687625,Nicheformer_fine
REACTOME_CARGO_CONCENTRATION_IN_THE_ER,CAM,0.11173342458687625,Nicheformer_fine
REACTOME_CLASS_A_1_RHODOPSIN_LIKE_RECEPTORS,CAM,0.8533940588407131,Nicheformer_fine
REACTOME_COMMON_PATHWAY_OF_FIBRIN_CLOT_FORMATION,CAM,0.11044613135827003,Nicheformer_fine
REACTOME_COMPLEMENT_CASCADE,CAM,0.8494095016083152,Nicheformer_fine
REACTOME_COPII_MEDIATED_VESICLE_TRANSPORT,CAM,0.11173342458687625,Nicheformer_fine
REACTOME_ER_TO_GOLGI_ANTEROGRADE_TRANSPORT,CAM,0.11173342458687625,Nicheformer_fine
REACTOME_EXTRINSIC_PATHWAY_OF_FIBRIN_CLOT_FORMATION,CAM,0.11152165436478513,Nicheformer_fine
REACTOME_FORMATION_OF_FIBRIN_CLOT_CLOTTING_CASCADE,CAM,0.11510716100604089,Nicheformer_fine
REACTOME_GAMMA_CARBOXYLATION_HYPUSINYLATION_HYDROXYLATION_AND_ARYLSULFATASE_ACTIVATION,CAM,0.10925952046751179,Nicheformer_fine
REACTOME_GAMMA_CARBOXYLATION_OF_PROTEIN_PRECURSORS,CAM,0.10710837542181711,Nicheformer_fine
REACTOME_GAMMA_CARBOXYLATION_TRANSPORT_AND_AMINO_TERMINAL_CLEAVAGE_OF_PROTEINS,CAM,0.10710837542181711,Nicheformer_fine
REACTOME_GPCR_LIGAND_BINDING,CAM,0.8533940588407131,Nicheformer_fine
REACTOME_G_ALPHA_I_SIGNALLING_EVENTS,CAM,0.8533940588407131,Nicheformer_fine
REACTOME_HEMOSTASIS,CAM,0.11510716100604089,Nicheformer_fine
REACTOME_IMMUNE_SYSTEM,CAM,0.8494095016083152,Nicheformer_fine
REACTOME_IMMUNOREGULATORY_INTERACTIONS_BETWEEN_A_LYMPHOID_AND_A_NON_LYMPHOID_CELL,CAM,0.8533940588407131,Nicheformer_fine
REACTOME_INITIAL_TRIGGERING_OF_COMPLEMENT,CAM,0.8546523290309084,Nicheformer_fine
REACTOME_INNATE_IMMUNE_SYSTEM,CAM,0.8494095016083152,Nicheformer_fine
REACTOME_INTRINSIC_PATHWAY_OF_FIBRIN_CLOT_FORMATION,CAM,0.11475970353723615,Nicheformer_fine
REACTOME_MEMBRANE_TRAFFICKING,CAM,0.11173342458687625,Nicheformer_fine
REACTOME_METABOLISM_OF_PROTEINS,CAM,0.25892697108824453,Nicheformer_fine
REACTOME_NEUTROPHIL_DEGRANULATION,CAM,0.8533940588407131,Nicheformer_fine
REACTOME_PEPTIDE_LIGAND_BINDING_RECEPTORS,CAM,0.8533940588407131,Nicheformer_fine
REACTOME_PLATELET_ACTIVATION_SIGNALING_AND_AGGREGATION,CAM,0.11173342458687625,Nicheformer_fine
REACTOME_POST_TRANSLATIONAL_PROTEIN_MODIFICATION,CAM,0.25892697108824453,Nicheformer_fine
REACTOME_REGULATION_OF_INSULIN_LIKE_GROWTH_FACTOR_IGF_TRANSPORT_AND_UPTAKE_BY_INSULIN_LIKE_GROWTH_FACTOR_BINDING_PROTEINS_IGFBPS,CAM,0.48258623644964604,Nicheformer_fine
REACTOME_RESPONSE_TO_ELEVATED_PLATELET_CYTOSOLIC_CA2,CAM,0.11173342458687625,Nicheformer_fine
REACTOME_SIGNALING_BY_GPCR,CAM,0.8533940588407131,Nicheformer_fine
REACTOME_TERMINAL_PATHWAY_OF_COMPLEMENT,CAM,0.8456424583219361,Nicheformer_fine
REACTOME_TRANSPORT_OF_GAMMA_CARBOXYLATED_PROTEIN_PRECURSORS_FROM_THE_ENDOPLASMIC_RETICULUM_TO_THE_GOLGI_APPARATUS,CAM,0.10710837542181711,Nicheformer_fine
REACTOME_TRANSPORT_TO_THE_GOLGI_AND_SUBSEQUENT_MODIFICATION,CAM,0.11173342458687625,Nicheformer_fine
REACTOME_VESICLE_MEDIATED_TRANSPORT,CAM,0.11173342458687625,Nicheformer_fine
REACTOME_ACTIVATION_OF_C3_AND_C5,T_cell,0.8651430549189592,Nicheformer_fine
REACTOME_ADAPTIVE_IMMUNE_SYSTEM,T_cell,0.8661860678589234,Nicheformer_fine
REACTOME_ALTERNATIVE_COMPLEMENT_ACTIVATION,T_cell,0.8661860678589234,Nicheformer_fine
REACTOME_ASPARAGINE_N_LINKED_GLYCOSYLATION,T_cell,0.12032137225747223,Nicheformer_fine
REACTOME_CARGO_CONCENTRATION_IN_THE_ER,T_cell,0.12032137225747223,Nicheformer_fine
REACTOME_CLASS_A_1_RHODOPSIN_LIKE_RECEPTORS,T_cell,0.8661860678589234,Nicheformer_fine
REACTOME_COMMON_PATHWAY_OF_FIBRIN_CLOT_FORMATION,T_cell,0.11894715601257308,Nicheformer_fine
REACTOME_COMPLEMENT_CASCADE,T_cell,0.8611234179988397,Nicheformer_fine
REACTOME_COPII_MEDIATED_VESICLE_TRANSPORT,T_cell,0.12032137225747223,Nicheformer_fine
REACTOME_ER_TO_GOLGI_ANTEROGRADE_TRANSPORT,T_cell,0.12032137225747223,Nicheformer_fine
REACTOME_EXTRINSIC_PATHWAY_OF_FIBRIN_CLOT_FORMATION,T_cell,0.11600233648298577,Nicheformer_fine
REACTOME_FORMATION_OF_FIBRIN_CLOT_CLOTTING_CASCADE,T_cell,0.11788536500373684,Nicheformer_fine
REACTOME_GAMMA_CARBOXYLATION_HYPUSINYLATION_HYDROXYLATION_AND_ARYLSULFATASE_ACTIVATION,T_cell,0.11662624670079164,Nicheformer_fine
REACTOME_GAMMA_CARBOXYLATION_OF_PROTEIN_PRECURSORS,T_cell,0.1150306004093533,Nicheformer_fine
REACTOME_GAMMA_CARBOXYLATION_TRANSPORT_AND_AMINO_TERMINAL_CLEAVAGE_OF_PROTEINS,T_cell,0.1150306004093533,Nicheformer_fine
REACTOME_GPCR_LIGAND_BINDING,T_cell,0.8661860678589234,Nicheformer_fine
REACTOME_G_ALPHA_I_SIGNALLING_EVENTS,T_cell,0.8661860678589234,Nicheformer_fine
REACTOME_HEMOSTASIS,T_cell,0.11788536500373684,Nicheformer_fine
REACTOME_IMMUNE_SYSTEM,T_cell,0.8611234179988397,Nicheformer_fine
REACTOME_IMMUNOREGULATORY_INTERACTIONS_BETWEEN_A_LYMPHOID_AND_A_NON_LYMPHOID_CELL,T_cell,0.8661860678589234,Nicheformer_fine
REACTOME_INITIAL_TRIGGERING_OF_COMPLEMENT,T_cell,0.8651430549189592,Nicheformer_fine
REACTOME_INNATE_IMMUNE_SYSTEM,T_cell,0.8611234179988397,Nicheformer_fine
REACTOME_INTRINSIC_PATHWAY_OF_FIBRIN_CLOT_FORMATION,T_cell,0.11691871278891451,Nicheformer_fine
REACTOME_MEMBRANE_TRAFFICKING,T_cell,0.12032137225747223,Nicheformer_fine
REACTOME_METABOLISM_OF_PROTEINS,T_cell,0.2686526482577711,Nicheformer_fine
REACTOME_NEUTROPHIL_DEGRANULATION,T_cell,0.8661860678589234,Nicheformer_fine
REACTOME_PEPTIDE_LIGAND_BINDING_RECEPTORS,T_cell,0.8661860678589234,Nicheformer_fine
REACTOME_PLATELET_ACTIVATION_SIGNALING_AND_AGGREGATION,T_cell,0.12032137225747223,Nicheformer_fine
REACTOME_POST_TRANSLATIONAL_PROTEIN_MODIFICATION,T_cell,0.2686526482577711,Nicheformer_fine
REACTOME_REGULATION_OF_INSULIN_LIKE_GROWTH_FACTOR_IGF_TRANSPORT_AND_UPTAKE_BY_INSULIN_LIKE_GROWTH_FACTOR_BINDING_PROTEINS_IGFBPS,T_cell,0.4951358318720051,Nicheformer_fine
REACTOME_RESPONSE_TO_ELEVATED_PLATELET_CYTOSOLIC_CA2,T_cell,0.12032137225747223,Nicheformer_fine
REACTOME_SIGNALING_BY_GPCR,T_cell,0.8661860678589234,Nicheformer_fine
REACTOME_TERMINAL_PATHWAY_OF_COMPLEMENT,T_cell,0.8580819500239965,Nicheformer_fine
REACTOME_TRANSPORT_OF_GAMMA_CARBOXYLATED_PROTEIN_PRECURSORS_FROM_THE_ENDOPLASMIC_RETICULUM_TO_THE_GOLGI_APPARATUS,T_cell,0.1150306004093533,Nicheformer_fine
REACTOME_TRANSPORT_TO_THE_GOLGI_AND_SUBSEQUENT_MODIFICATION,T_cell,0.12032137225747223,Nicheformer_fine
REACTOME_VESICLE_MEDIATED_TRANSPORT,T_cell,0.12032137225747223,Nicheformer_fine
REACTOME_ACTIVATION_OF_C3_AND_C5,Macrophages,0.876938184510757,Nicheformer_fine
REACTOME_ADAPTIVE_IMMUNE_SYSTEM,Macrophages,0.8878834754669667,Nicheformer_fine
REACTOME_ALTERNATIVE_COMPLEMENT_ACTIVATION,Macrophages,0.8878834754669667,Nicheformer_fine
REACTOME_ASPARAGINE_N_LINKED_GLYCOSYLATION,Macrophages,0.11550524617572683,Nicheformer_fine
REACTOME_CARGO_CONCENTRATION_IN_THE_ER,Macrophages,0.11550524617572683,Nicheformer_fine
REACTOME_CLASS_A_1_RHODOPSIN_LIKE_RECEPTORS,Macrophages,0.8878834754669667,Nicheformer_fine
REACTOME_COMMON_PATHWAY_OF_FIBRIN_CLOT_FORMATION,Macrophages,0.11575685823701082,Nicheformer_fine
REACTOME_COMPLEMENT_CASCADE,Macrophages,0.8649900345098196,Nicheformer_fine
REACTOME_COPII_MEDIATED_VESICLE_TRANSPORT,Macrophages,0.11550524617572683,Nicheformer_fine
REACTOME_ER_TO_GOLGI_ANTEROGRADE_TRANSPORT,Macrophages,0.11550524617572683,Nicheformer_fine
REACTOME_EXTRINSIC_PATHWAY_OF_FIBRIN_CLOT_FORMATION,Macrophages,0.11573327529757149,Nicheformer_fine
REACTOME_FORMATION_OF_FIBRIN_CLOT_CLOTTING_CASCADE,Macrophages,0.1157216883866455,Nicheformer_fine
REACTOME_GAMMA_CARBOXYLATION_HYPUSINYLATION_HYDROXYLATION_AND_ARYLSULFATASE_ACTIVATION,Macrophages,0.11568610941869333,Nicheformer_fine
REACTOME_GAMMA_CARBOXYLATION_OF_PROTEIN_PRECURSORS,Macrophages,0.11578823167064516,Nicheformer_fine
REACTOME_GAMMA_CARBOXYLATION_TRANSPORT_AND_AMINO_TERMINAL_CLEAVAGE_OF_PROTEINS,Macrophages,0.11578823167064516,Nicheformer_fine
REACTOME_GPCR_LIGAND_BINDING,Macrophages,0.8878834754669667,Nicheformer_fine
REACTOME_G_ALPHA_I_SIGNALLING_EVENTS,Macrophages,0.8878834754669667,Nicheformer_fine
REACTOME_HEMOSTASIS,Macrophages,0.1157216883866455,Nicheformer_fine
REACTOME_IMMUNE_SYSTEM,Macrophages,0.8649900345098196,Nicheformer_fine
REACTOME_IMMUNOREGULATORY_INTERACTIONS_BETWEEN_A_LYMPHOID_AND_A_NON_LYMPHOID_CELL,Macrophages,0.8878834754669667,Nicheformer_fine
REACTOME_INITIAL_TRIGGERING_OF_COMPLEMENT,Macrophages,0.876938184510757,Nicheformer_fine
REACTOME_INNATE_IMMUNE_SYSTEM,Macrophages,0.8649900345098196,Nicheformer_fine
REACTOME_INTRINSIC_PATHWAY_OF_FIBRIN_CLOT_FORMATION,Macrophages,0.11577854608243617,Nicheformer_fine
REACTOME_MEMBRANE_TRAFFICKING,Macrophages,0.11550524617572683,Nicheformer_fine
REACTOME_METABOLISM_OF_PROTEINS,Macrophages,0.274574273378453,Nicheformer_fine
REACTOME_NEUTROPHIL_DEGRANULATION,Macrophages,0.8878834754669667,Nicheformer_fine
REACTOME_PEPTIDE_LIGAND_BINDING_RECEPTORS,Macrophages,0.8878834754669667,Nicheformer_fine
REACTOME_PLATELET_ACTIVATION_SIGNALING_AND_AGGREGATION,Macrophages,0.11550524617572683,Nicheformer_fine
REACTOME_POST_TRANSLATIONAL_PROTEIN_MODIFICATION,Macrophages,0.274574273378453,Nicheformer_fine
REACTOME_REGULATION_OF_INSULIN_LIKE_GROWTH_FACTOR_IGF_TRANSPORT_AND_UPTAKE_BY_INSULIN_LIKE_GROWTH_FACTOR_BINDING_PROTEINS_IGFBPS,Macrophages,0.508311848423581,Nicheformer_fine
REACTOME_RESPONSE_TO_ELEVATED_PLATELET_CYTOSOLIC_CA2,Macrophages,0.11550524617572683,Nicheformer_fine
REACTOME_SIGNALING_BY_GPCR,Macrophages,0.8878834754669667,Nicheformer_fine
REACTOME_TERMINAL_PATHWAY_OF_COMPLEMENT,Macrophages,0.8563240444644595,Nicheformer_fine
REACTOME_TRANSPORT_OF_GAMMA_CARBOXYLATED_PROTEIN_PRECURSORS_FROM_THE_ENDOPLASMIC_RETICULUM_TO_THE_GOLGI_APPARATUS,Macrophages,0.11578823167064516,Nicheformer_fine
REACTOME_TRANSPORT_TO_THE_GOLGI_AND_SUBSEQUENT_MODIFICATION,Macrophages,0.11550524617572683,Nicheformer_fine
REACTOME_VESICLE_MEDIATED_TRANSPORT,Macrophages,0.11550524617572683,Nicheformer_fine
REACTOME_ACTIVATION_OF_C3_AND_C5,Tumor_Keratin_Pearl,0.8457477117822964,Nicheformer_fine
REACTOME_ADAPTIVE_IMMUNE_SYSTEM,Tumor_Keratin_Pearl,0.8463259760502396,Nicheformer_fine
REACTOME_ALTERNATIVE_COMPLEMENT_ACTIVATION,Tumor_Keratin_Pearl,0.8463259760502396,Nicheformer_fine
REACTOME_ASPARAGINE_N_LINKED_GLYCOSYLATION,Tumor_Keratin_Pearl,0.11288511009174951,Nicheformer_fine
REACTOME_CARGO_CONCENTRATION_IN_THE_ER,Tumor_Keratin_Pearl,0.11288511009174951,Nicheformer_fine
REACTOME_CLASS_A_1_RHODOPSIN_LIKE_RECEPTORS,Tumor_Keratin_Pearl,0.8463259760502396,Nicheformer_fine
REACTOME_COMMON_PATHWAY_OF_FIBRIN_CLOT_FORMATION,Tumor_Keratin_Pearl,0.10934717502635306,Nicheformer_fine
REACTOME_COMPLEMENT_CASCADE,Tumor_Keratin_Pearl,0.8411884404416661,Nicheformer_fine
REACTOME_COPII_MEDIATED_VESICLE_TRANSPORT,Tumor_Keratin_Pearl,0.11288511009174951,Nicheformer_fine
REACTOME_ER_TO_GOLGI_ANTEROGRADE_TRANSPORT,Tumor_Keratin_Pearl,0.11288511009174951,Nicheformer_fine
REACTOME_EXTRINSIC_PATHWAY_OF_FIBRIN_CLOT_FORMATION,Tumor_Keratin_Pearl,0.1070603800304093,Nicheformer_fine
REACTOME_FORMATION_OF_FIBRIN_CLOT_CLOTTING_CASCADE,Tumor_Keratin_Pearl,0.11229113343861982,Nicheformer_fine
REACTOME_GAMMA_CARBOXYLATION_HYPUSINYLATION_HYDROXYLATION_AND_ARYLSULFATASE_ACTIVATION,Tumor_Keratin_Pearl,0.10927738643681793,Nicheformer_fine
REACTOME_GAMMA_CARBOXYLATION_OF_PROTEIN_PRECURSORS,Tumor_Keratin_Pearl,0.10108501281843933,Nicheformer_fine
REACTOME_GAMMA_CARBOXYLATION_TRANSPORT_AND_AMINO_TERMINAL_CLEAVAGE_OF_PROTEINS,Tumor_Keratin_Pearl,0.10108501281843933,Nicheformer_fine
REACTOME_GPCR_LIGAND_BINDING,Tumor_Keratin_Pearl,0.8463259760502396,Nicheformer_fine
REACTOME_G_ALPHA_I_SIGNALLING_EVENTS,Tumor_Keratin_Pearl,0.8463259760502396,Nicheformer_fine
REACTOME_HEMOSTASIS,Tumor_Keratin_Pearl,0.11229113343861982,Nicheformer_fine
REACTOME_IMMUNE_SYSTEM,Tumor_Keratin_Pearl,0.8411884404416661,Nicheformer_fine
REACTOME_IMMUNOREGULATORY_INTERACTIONS_BETWEEN_A_LYMPHOID_AND_A_NON_LYMPHOID_CELL,Tumor_Keratin_Pearl,0.8463259760502396,Nicheformer_fine
REACTOME_INITIAL_TRIGGERING_OF_COMPLEMENT,Tumor_Keratin_Pearl,0.8457477117822964,Nicheformer_fine
REACTOME_INNATE_IMMUNE_SYSTEM,Tumor_Keratin_Pearl,0.8411884404416661,Nicheformer_fine
REACTOME_INTRINSIC_PATHWAY_OF_FIBRIN_CLOT_FORMATION,Tumor_Keratin_Pearl,0.113133058639241,Nicheformer_fine
REACTOME_MEMBRANE_TRAFFICKING,Tumor_Keratin_Pearl,0.11288511009174951,Nicheformer_fine
REACTOME_METABOLISM_OF_PROTEINS,Tumor_Keratin_Pearl,0.2557190744131499,Nicheformer_fine
REACTOME_NEUTROPHIL_DEGRANULATION,Tumor_Keratin_Pearl,0.8463259760502396,Nicheformer_fine
REACTOME_PEPTIDE_LIGAND_BINDING_RECEPTORS,Tumor_Keratin_Pearl,0.8463259760502396,Nicheformer_fine
REACTOME_PLATELET_ACTIVATION_SIGNALING_AND_AGGREGATION,Tumor_Keratin_Pearl,0.11288511009174951,Nicheformer_fine
REACTOME_POST_TRANSLATIONAL_PROTEIN_MODIFICATION,Tumor_Keratin_Pearl,0.2557190744131499,Nicheformer_fine
REACTOME_REGULATION_OF_INSULIN_LIKE_GROWTH_FACTOR_IGF_TRANSPORT_AND_UPTAKE_BY_INSULIN_LIKE_GROWTH_FACTOR_BINDING_PROTEINS_IGFBPS,Tumor_Keratin_Pearl,0.47466640020993195,Nicheformer_fine
REACTOME_RESPONSE_TO_ELEVATED_PLATELET_CYTOSOLIC_CA2,Tumor_Keratin_Pearl,0.11288511009174951,Nicheformer_fine
REACTOME_SIGNALING_BY_GPCR,Tumor_Keratin_Pearl,0.8463259760502396,Nicheformer_fine
REACTOME_TERMINAL_PATHWAY_OF_COMPLEMENT,Tumor_Keratin_Pearl,0.837924204797862,Nicheformer_fine
REACTOME_TRANSPORT_OF_GAMMA_CARBOXYLATED_PROTEIN_PRECURSORS_FROM_THE_ENDOPLASMIC_RETICULUM_TO_THE_GOLGI_APPARATUS,Tumor_Keratin_Pearl,0.10108501281843933,Nicheformer_fine
REACTOME_TRANSPORT_TO_THE_GOLGI_AND_SUBSEQUENT_MODIFICATION,Tumor_Keratin_Pearl,0.11288511009174951,Nicheformer_fine
REACTOME_VESICLE_MEDIATED_TRANSPORT,Tumor_Keratin_Pearl,0.11288511009174951,Nicheformer_fine
REACTOME_ACTIVATION_OF_C3_AND_C5,Cytotoxic_IFN_signaling,0.8654757630200635,Nicheformer_fine
REACTOME_ADAPTIVE_IMMUNE_SYSTEM,Cytotoxic_IFN_signaling,0.8639248647404595,Nicheformer_fine
REACTOME_ALTERNATIVE_COMPLEMENT_ACTIVATION,Cytotoxic_IFN_signaling,0.8639248647404595,Nicheformer_fine
REACTOME_ASPARAGINE_N_LINKED_GLYCOSYLATION,Cytotoxic_IFN_signaling,0.117898831820243,Nicheformer_fine
REACTOME_CARGO_CONCENTRATION_IN_THE_ER,Cytotoxic_IFN_signaling,0.117898831820243,Nicheformer_fine
REACTOME_CLASS_A_1_RHODOPSIN_LIKE_RECEPTORS,Cytotoxic_IFN_signaling,0.8639248647404595,Nicheformer_fine
REACTOME_COMMON_PATHWAY_OF_FIBRIN_CLOT_FORMATION,Cytotoxic_IFN_signaling,0.118150526590083,Nicheformer_fine
REACTOME_COMPLEMENT_CASCADE,Cytotoxic_IFN_signaling,0.862063178272839,Nicheformer_fine
REACTOME_COPII_MEDIATED_VESICLE_TRANSPORT,Cytotoxic_IFN_signaling,0.117898831820243,Nicheformer_fine
REACTOME_ER_TO_GOLGI_ANTEROGRADE_TRANSPORT,Cytotoxic_IFN_signaling,0.117898831820243,Nicheformer_fine
REACTOME_EXTRINSIC_PATHWAY_OF_FIBRIN_CLOT_FORMATION,Cytotoxic_IFN_signaling,0.118126943650644,Nicheformer_fine
REACTOME_FORMATION_OF_FIBRIN_CLOT_CLOTTING_CASCADE,Cytotoxic_IFN_signaling,0.118115604899688,Nicheformer_fine
REACTOME_GAMMA_CARBOXYLATION_HYPUSINYLATION_HYDROXYLATION_AND_ARYLSULFATASE_ACTIVATION,Cytotoxic_IFN_signaling,0.11807977777176551,Nicheformer_fine
REACTOME_GAMMA_CARBOXYLATION_OF_PROTEIN_PRECURSORS,Cytotoxic_IFN_signaling,0.1181818173151605,Nicheformer_fine
REACTOME_GAMMA_CARBOXYLATION_TRANSPORT_AND_AMINO_TERMINAL_CLEAVAGE_OF_PROTEINS,Cytotoxic_IFN_signaling,0.1181818173151605,Nicheformer_fine
REACTOME_GPCR_LIGAND_BINDING,Cytotoxic_IFN_signaling,0.8639248647404595,Nicheformer_fine
REACTOME_G_ALPHA_I_SIGNALLING_EVENTS,Cytotoxic_IFN_signaling,0.8639248647404595,Nicheformer_fine
REACTOME_HEMOSTASIS,Cytotoxic_IFN_signaling,0.118115604899688,Nicheformer_fine
REACTOME_IMMUNE_SYSTEM,Cytotoxic_IFN_signaling,0.862063178272839,Nicheformer_fine
REACTOME_IMMUNOREGULATORY_INTERACTIONS_BETWEEN_A_LYMPHOID_AND_A_NON_LYMPHOID_CELL,Cytotoxic_IFN_signaling,0.8639248647404595,Nicheformer_fine
REACTOME_INITIAL_TRIGGERING_OF_COMPLEMENT,Cytotoxic_IFN_signaling,0.8654757630200635,Nicheformer_fine
REACTOME_INNATE_IMMUNE_SYSTEM,Cytotoxic_IFN_signaling,0.862063178272839,Nicheformer_fine
REACTOME_INTRINSIC_PATHWAY_OF_FIBRIN_CLOT_FORMATION,Cytotoxic_IFN_signaling,0.118172297149782,Nicheformer_fine
REACTOME_MEMBRANE_TRAFFICKING,Cytotoxic_IFN_signaling,0.117898831820243,Nicheformer_fine
REACTOME_METABOLISM_OF_PROTEINS,Cytotoxic_IFN_signaling,0.26725090585786004,Nicheformer_fine
REACTOME_NEUTROPHIL_DEGRANULATION,Cytotoxic_IFN_signaling,0.8639248647404595,Nicheformer_fine
REACTOME_PEPTIDE_LIGAND_BINDING_RECEPTORS,Cytotoxic_IFN_signaling,0.8639248647404595,Nicheformer_fine
REACTOME_PLATELET_ACTIVATION_SIGNALING_AND_AGGREGATION,Cytotoxic_IFN_signaling,0.117898831820243,Nicheformer_fine
REACTOME_POST_TRANSLATIONAL_PROTEIN_MODIFICATION,Cytotoxic_IFN_signaling,0.26725090585786004,Nicheformer_fine
REACTOME_REGULATION_OF_INSULIN_LIKE_GROWTH_FACTOR_IGF_TRANSPORT_AND_UPTAKE_BY_INSULIN_LIKE_GROWTH_FACTOR_BINDING_PROTEINS_IGFBPS,Cytotoxic_IFN_signaling,0.49094446049599305,Nicheformer_fine
REACTOME_RESPONSE_TO_ELEVATED_PLATELET_CYTOSOLIC_CA2,Cytotoxic_IFN_signaling,0.117898831820243,Nicheformer_fine
REACTOME_SIGNALING_BY_GPCR,Cytotoxic_IFN_signaling,0.8639248647404595,Nicheformer_fine
REACTOME_TERMINAL_PATHWAY_OF_COMPLEMENT,Cytotoxic_IFN_signaling,0.8596688913749104,Nicheformer_fine
REACTOME_TRANSPORT_OF_GAMMA_CARBOXYLATED_PROTEIN_PRECURSORS_FROM_THE_ENDOPLASMIC_RETICULUM_TO_THE_GOLGI_APPARATUS,Cytotoxic_IFN_signaling,0.1181818173151605,Nicheformer_fine
REACTOME_TRANSPORT_TO_THE_GOLGI_AND_SUBSEQUENT_MODIFICATION,Cytotoxic_IFN_signaling,0.117898831820243,Nicheformer_fine
REACTOME_VESICLE_MEDIATED_TRANSPORT,Cytotoxic_IFN_signaling,0.117898831820243,Nicheformer_fine
REACTOME_ACTIVATION_OF_C3_AND_C5,Cortex_CCL21,0.8683409911561095,Nicheformer_fine
REACTOME_ADAPTIVE_IMMUNE_SYSTEM,Cortex_CCL21,0.866789993877537,Nicheformer_fine
REACTOME_ALTERNATIVE_COMPLEMENT_ACTIVATION,Cortex_CCL21,0.866789993877537,Nicheformer_fine
REACTOME_ASPARAGINE_N_LINKED_GLYCOSYLATION,Cortex_CCL21,0.120764059956288,Nicheformer_fine
REACTOME_CARGO_CONCENTRATION_IN_THE_ER,Cortex_CCL21,0.120764059956288,Nicheformer_fine
REACTOME_CLASS_A_1_RHODOPSIN_LIKE_RECEPTORS,Cortex_CCL21,0.866789993877537,Nicheformer_fine
REACTOME_COMMON_PATHWAY_OF_FIBRIN_CLOT_FORMATION,Cortex_CCL21,0.1210158537319385,Nicheformer_fine
REACTOME_COMPLEMENT_CASCADE,Cortex_CCL21,0.864928703446842,Nicheformer_fine
REACTOME_COPII_MEDIATED_VESICLE_TRANSPORT,Cortex_CCL21,0.120764059956288,Nicheformer_fine
REACTOME_ER_TO_GOLGI_ANTEROGRADE_TRANSPORT,Cortex_CCL21,0.120764059956288,Nicheformer_fine
REACTOME_EXTRINSIC_PATHWAY_OF_FIBRIN_CLOT_FORMATION,Cortex_CCL21,0.1209922707924995,Nicheformer_fine
REACTOME_FORMATION_OF_FIBRIN_CLOT_CLOTTING_CASCADE,Cortex_CCL21,0.12098122910003001,Nicheformer_fine
REACTOME_GAMMA_CARBOXYLATION_HYPUSINYLATION_HYDROXYLATION_AND_ARYLSULFATASE_ACTIVATION,Cortex_CCL21,0.1209451049136215,Nicheformer_fine
REACTOME_GAMMA_CARBOXYLATION_OF_PROTEIN_PRECURSORS,Cortex_CCL21,0.121047045451206,Nicheformer_fine
REACTOME_GAMMA_CARBOXYLATION_TRANSPORT_AND_AMINO_TERMINAL_CLEAVAGE_OF_PROTEINS,Cortex_CCL21,0.121047045451206,Nicheformer_fine
REACTOME_GPCR_LIGAND_BINDING,Cortex_CCL21,0.866789993877537,Nicheformer_fine
REACTOME_G_ALPHA_I_SIGNALLING_EVENTS,Cortex_CCL21,0.866789993877537,Nicheformer_fine
REACTOME_HEMOSTASIS,Cortex_CCL21,0.12098122910003001,Nicheformer_fine
REACTOME_IMMUNE_SYSTEM,Cortex_CCL21,0.864928703446842,Nicheformer_fine
REACTOME_IMMUNOREGULATORY_INTERACTIONS_BETWEEN_A_LYMPHOID_AND_A_NON_LYMPHOID_CELL,Cortex_CCL21,0.866789993877537,Nicheformer_fine
REACTOME_INITIAL_TRIGGERING_OF_COMPLEMENT,Cortex_CCL21,0.8683409911561095,Nicheformer_fine
REACTOME_INNATE_IMMUNE_SYSTEM,Cortex_CCL21,0.864928703446842,Nicheformer_fine
REACTOME_INTRINSIC_PATHWAY_OF_FIBRIN_CLOT_FORMATION,Cortex_CCL21,0.121037723304289,Nicheformer_fine
REACTOME_MEMBRANE_TRAFFICKING,Cortex_CCL21,0.120764059956288,Nicheformer_fine
REACTOME_METABOLISM_OF_PROTEINS,Cortex_CCL21,0.270116431031863,Nicheformer_fine
REACTOME_NEUTROPHIL_DEGRANULATION,Cortex_CCL21,0.866789993877537,Nicheformer_fine
REACTOME_PEPTIDE_LIGAND_BINDING_RECEPTORS,Cortex_CCL21,0.866789993877537,Nicheformer_fine
REACTOME_PLATELET_ACTIVATION_SIGNALING_AND_AGGREGATION,Cortex_CCL21,0.120764059956288,Nicheformer_fine
REACTOME_POST_TRANSLATIONAL_PROTEIN_MODIFICATION,Cortex_CCL21,0.270116431031863,Nicheformer_fine
REACTOME_REGULATION_OF_INSULIN_LIKE_GROWTH_FACTOR_IGF_TRANSPORT_AND_UPTAKE_BY_INSULIN_LIKE_GROWTH_FACTOR_BINDING_PROTEINS_IGFBPS,Cortex_CCL21,0.4938096886320385,Nicheformer_fine
REACTOME_RESPONSE_TO_ELEVATED_PLATELET_CYTOSOLIC_CA2,Cortex_CCL21,0.120764059956288,Nicheformer_fine
REACTOME_SIGNALING_BY_GPCR,Cortex_CCL21,0.866789993877537,Nicheformer_fine
REACTOME_TERMINAL_PATHWAY_OF_COMPLEMENT,Cortex_CCL21,0.862534218516766,Nicheformer_fine
REACTOME_TRANSPORT_OF_GAMMA_CARBOXYLATED_PROTEIN_PRECURSORS_FROM_THE_ENDOPLASMIC_RETICULUM_TO_THE_GOLGI_APPARATUS,Cortex_CCL21,0.121047045451206,Nicheformer_fine
REACTOME_TRANSPORT_TO_THE_GOLGI_AND_SUBSEQUENT_MODIFICATION,Cortex_CCL21,0.120764059956288,Nicheformer_fine
REACTOME_VESICLE_MEDIATED_TRANSPORT,Cortex_CCL21,0.120764059956288,Nicheformer_fine
REACTOME_ACTIVATION_OF_C3_AND_C5,CAF,0.8696477174924553,CARD
REACTOME_ADAPTIVE_IMMUNE_SYSTEM,CAF,0.8757156389339762,CARD
REACTOME_ALTERNATIVE_COMPLEMENT_ACTIVATION,CAF,0.8757156389339762,CARD
REACTOME_ASPARAGINE_N_LINKED_GLYCOSYLATION,CAF,0.1184246776500787,CARD
REACTOME_CARGO_CONCENTRATION_IN_THE_ER,CAF,0.1184246776500787,CARD
REACTOME_CLASS_A_1_RHODOPSIN_LIKE_RECEPTORS,CAF,0.8757156389339762,CARD
REACTOME_COMMON_PATHWAY_OF_FIBRIN_CLOT_FORMATION,CAF,0.11683814005007925,CARD
REACTOME_COMPLEMENT_CASCADE,CAF,0.8606290246169092,CARD
REACTOME_COPII_MEDIATED_VESICLE_TRANSPORT,CAF,0.1184246776500787,CARD
REACTOME_ER_TO_GOLGI_ANTEROGRADE_TRANSPORT,CAF,0.1184246776500787,CARD
REACTOME_EXTRINSIC_PATHWAY_OF_FIBRIN_CLOT_FORMATION,CAF,0.11662805364332904,CARD
REACTOME_FORMATION_OF_FIBRIN_CLOT_CLOTTING_CASCADE,CAF,0.11801800836037775,CARD
REACTOME_GAMMA_CARBOXYLATION_HYPUSINYLATION_HYDROXYLATION_AND_ARYLSULFATASE_ACTIVATION,CAF,0.11472062444558367,CARD
REACTOME_GAMMA_CARBOXYLATION_OF_PROTEIN_PRECURSORS,CAF,0.11210942763670437,CARD
REACTOME_GAMMA_CARBOXYLATION_TRANSPORT_AND_AMINO_TERMINAL_CLEAVAGE_OF_PROTEINS,CAF,0.11210942763670437,CARD
REACTOME_GPCR_LIGAND_BINDING,CAF,0.8757156389339762,CARD
REACTOME_G_ALPHA_I_SIGNALLING_EVENTS,CAF,0.8757156389339762,CARD
REACTOME_HEMOSTASIS,CAF,0.11801800836037775,CARD
REACTOME_IMMUNE_SYSTEM,CAF,0.8606290246169092,CARD
REACTOME_IMMUNOREGULATORY_INTERACTIONS_BETWEEN_A_LYMPHOID_AND_A_NON_LYMPHOID_CELL,CAF,0.8757156389339762,CARD
REACTOME_INITIAL_TRIGGERING_OF_COMPLEMENT,CAF,0.8696477174924553,CARD
REACTOME_INNATE_IMMUNE_SYSTEM,CAF,0.8606290246169092,CARD
REACTOME_INTRINSIC_PATHWAY_OF_FIBRIN_CLOT_FORMATION,CAF,0.11603235928176216,CARD
REACTOME_MEMBRANE_TRAFFICKING,CAF,0.1184246776500787,CARD
REACTOME_METABOLISM_OF_PROTEINS,CAF,0.270866703812199,CARD
REACTOME_NEUTROPHIL_DEGRANULATION,CAF,0.8757156389339762,CARD
REACTOME_PEPTIDE_LIGAND_BINDING_RECEPTORS,CAF,0.8757156389339762,CARD
REACTOME_PLATELET_ACTIVATION_SIGNALING_AND_AGGREGATION,CAF,0.1184246776500787,CARD
REACTOME_POST_TRANSLATIONAL_PROTEIN_MODIFICATION,CAF,0.270866703812199,CARD
REACTOME_REGULATION_OF_INSULIN_LIKE_GROWTH_FACTOR_IGF_TRANSPORT_AND_UPTAKE_BY_INSULIN_LIKE_GROWTH_FACTOR_BINDING_PROTEINS_IGFBPS,CAF,0.5013007779680231,CARD
REACTOME_RESPONSE_TO_ELEVATED_PLATELET_CYTOSOLIC_CA2,CAF,0.1184246776500787,CARD
REACTOME_SIGNALING_BY_GPCR,CAF,0.8757156389339762,CARD
REACTOME_TERMINAL_PATHWAY_OF_COMPLEMENT,CAF,0.8539542825515405,CARD
REACTOME_TRANSPORT_OF_GAMMA_CARBOXYLATED_PROTEIN_PRECURSORS_FROM_THE_ENDOPLASMIC_RETICULUM_TO_THE_GOLGI_APPARATUS,CAF,0.11210942763670437,CARD
REACTOME_TRANSPORT_TO_THE_GOLGI_AND_SUBSEQUENT_MODIFICATION,CAF,0.1184246776500787,CARD
REACTOME_VESICLE_MEDIATED_TRANSPORT,CAF,0.1184246776500787,CARD
REACTOME_ACTIVATION_OF_C3_AND_C5,Macrophages,0.86560412163656,CARD
REACTOME_ADAPTIVE_IMMUNE_SYSTEM,Macrophages,0.8662882555827317,CARD
REACTOME_ALTERNATIVE_COMPLEMENT_ACTIVATION,Macrophages,0.8662882555827317,CARD
REACTOME_ASPARAGINE_N_LINKED_GLYCOSYLATION,Macrophages,0.11795871080216994,CARD
REACTOME_CARGO_CONCENTRATION_IN_THE_ER,Macrophages,0.11795871080216994,CARD
REACTOME_CLASS_A_1_RHODOPSIN_LIKE_RECEPTORS,Macrophages,0.8662882555827317,CARD
REACTOME_COMMON_PATHWAY_OF_FIBRIN_CLOT_FORMATION,Macrophages,0.11805754869607446,CARD
REACTOME_COMPLEMENT_CASCADE,Macrophages,0.8609847114414791,CARD
REACTOME_COPII_MEDIATED_VESICLE_TRANSPORT,Macrophages,0.11795871080216994,CARD
REACTOME_ER_TO_GOLGI_ANTEROGRADE_TRANSPORT,Macrophages,0.11795871080216994,CARD
REACTOME_EXTRINSIC_PATHWAY_OF_FIBRIN_CLOT_FORMATION,Macrophages,0.11552000649752989,CARD
REACTOME_FORMATION_OF_FIBRIN_CLOT_CLOTTING_CASCADE,Macrophages,0.11647237071501697,CARD
REACTOME_GAMMA_CARBOXYLATION_HYPUSINYLATION_HYDROXYLATION_AND_ARYLSULFATASE_ACTIVATION,Macrophages,0.11619399344218273,CARD
REACTOME_GAMMA_CARBOXYLATION_OF_PROTEIN_PRECURSORS,Macrophages,0.11588672304868972,CARD
REACTOME_GAMMA_CARBOXYLATION_TRANSPORT_AND_AMINO_TERMINAL_CLEAVAGE_OF_PROTEINS,Macrophages,0.11588672304868972,CARD
REACTOME_GPCR_LIGAND_BINDING,Macrophages,0.8662882555827317,CARD
REACTOME_G_ALPHA_I_SIGNALLING_EVENTS,Macrophages,0.8662882555827317,CARD
REACTOME_HEMOSTASIS,Macrophages,0.11647237071501697,CARD
REACTOME_IMMUNE_SYSTEM,Macrophages,0.8609847114414791,CARD
REACTOME_IMMUNOREGULATORY_INTERACTIONS_BETWEEN_A_LYMPHOID_AND_A_NON_LYMPHOID_CELL,Macrophages,0.8662882555827317,CARD
REACTOME_INITIAL_TRIGGERING_OF_COMPLEMENT,Macrophages,0.86560412163656,CARD
REACTOME_INNATE_IMMUNE_SYSTEM,Macrophages,0.8609847114414791,CARD
REACTOME_INTRINSIC_PATHWAY_OF_FIBRIN_CLOT_FORMATION,Macrophages,0.11608705053107918,CARD
REACTOME_MEMBRANE_TRAFFICKING,Macrophages,0.11795871080216994,CARD
REACTOME_METABOLISM_OF_PROTEINS,Macrophages,0.26815308423694184,CARD
REACTOME_NEUTROPHIL_DEGRANULATION,Macrophages,0.8662882555827317,CARD
REACTOME_PEPTIDE_LIGAND_BINDING_RECEPTORS,Macrophages,0.8662882555827317,CARD
REACTOME_PLATELET_ACTIVATION_SIGNALING_AND_AGGREGATION,Macrophages,0.11795871080216994,CARD
REACTOME_POST_TRANSLATIONAL_PROTEIN_MODIFICATION,Macrophages,0.26815308423694184,CARD
REACTOME_REGULATION_OF_INSULIN_LIKE_GROWTH_FACTOR_IGF_TRANSPORT_AND_UPTAKE_BY_INSULIN_LIKE_GROWTH_FACTOR_BINDING_PROTEINS_IGFBPS,Macrophages,0.4945048600445163,CARD
REACTOME_RESPONSE_TO_ELEVATED_PLATELET_CYTOSOLIC_CA2,Macrophages,0.11795871080216994,CARD
REACTOME_SIGNALING_BY_GPCR,Macrophages,0.8662882555827317,CARD
REACTOME_TERMINAL_PATHWAY_OF_COMPLEMENT,Macrophages,0.8575298342980756,CARD
REACTOME_TRANSPORT_OF_GAMMA_CARBOXYLATED_PROTEIN_PRECURSORS_FROM_THE_ENDOPLASMIC_RETICULUM_TO_THE_GOLGI_APPARATUS,Macrophages,0.11588672304868972,CARD
REACTOME_TRANSPORT_TO_THE_GOLGI_AND_SUBSEQUENT_MODIFICATION,Macrophages,0.11795871080216994,CARD
REACTOME_VESICLE_MEDIATED_TRANSPORT,Macrophages,0.11795871080216994,CARD
REACTOME_ACTIVATION_OF_C3_AND_C5,Plasma_IgG,0.8675098881465756,CARD
REACTOME_ADAPTIVE_IMMUNE_SYSTEM,Plasma_IgG,0.8700823160859816,CARD
REACTOME_ALTERNATIVE_COMPLEMENT_ACTIVATION,Plasma_IgG,0.8700823160859816,CARD
REACTOME_ASPARAGINE_N_LINKED_GLYCOSYLATION,Plasma_IgG,0.11910463370822148,CARD
REACTOME_CARGO_CONCENTRATION_IN_THE_ER,Plasma_IgG,0.11910463370822148,CARD
REACTOME_CLASS_A_1_RHODOPSIN_LIKE_RECEPTORS,Plasma_IgG,0.8700823160859816,CARD
REACTOME_COMMON_PATHWAY_OF_FIBRIN_CLOT_FORMATION,Plasma_IgG,0.11801074051413595,CARD
REACTOME_COMPLEMENT_CASCADE,Plasma_IgG,0.8615884816596547,CARD
REACTOME_COPII_MEDIATED_VESICLE_TRANSPORT,Plasma_IgG,0.11910463370822148,CARD
REACTOME_ER_TO_GOLGI_ANTEROGRADE_TRANSPORT,Plasma_IgG,0.11910463370822148,CARD
REACTOME_EXTRINSIC_PATHWAY_OF_FIBRIN_CLOT_FORMATION,Plasma_IgG,0.11583657909381265,CARD
REACTOME_FORMATION_OF_FIBRIN_CLOT_CLOTTING_CASCADE,Plasma_IgG,0.11749383182580138,CARD
REACTOME_GAMMA_CARBOXYLATION_HYPUSINYLATION_HYDROXYLATION_AND_ARYLSULFATASE_ACTIVATION,Plasma_IgG,0.11649655090144065,CARD
REACTOME_GAMMA_CARBOXYLATION_OF_PROTEIN_PRECURSORS,Plasma_IgG,0.11442373048732404,CARD
REACTOME_GAMMA_CARBOXYLATION_TRANSPORT_AND_AMINO_TERMINAL_CLEAVAGE_OF_PROTEINS,Plasma_IgG,0.11442373048732404,CARD
REACTOME_GPCR_LIGAND_BINDING,Plasma_IgG,0.8700823160859816,CARD
REACTOME_G_ALPHA_I_SIGNALLING_EVENTS,Plasma_IgG,0.8700823160859816,CARD
REACTOME_HEMOSTASIS,Plasma_IgG,0.11749383182580138,CARD
REACTOME_IMMUNE_SYSTEM,Plasma_IgG,0.8615884816596547,CARD
REACTOME_IMMUNOREGULATORY_INTERACTIONS_BETWEEN_A_LYMPHOID_AND_A_NON_LYMPHOID_CELL,Plasma_IgG,0.8700823160859816,CARD
REACTOME_INITIAL_TRIGGERING_OF_COMPLEMENT,Plasma_IgG,0.8675098881465756,CARD
REACTOME_INNATE_IMMUNE_SYSTEM,Plasma_IgG,0.8615884816596547,CARD
REACTOME_INTRINSIC_PATHWAY_OF_FIBRIN_CLOT_FORMATION,Plasma_IgG,0.11696430031929397,CARD
REACTOME_MEMBRANE_TRAFFICKING,Plasma_IgG,0.11910463370822148,CARD
REACTOME_METABOLISM_OF_PROTEINS,Plasma_IgG,0.26952373744085373,CARD
REACTOME_NEUTROPHIL_DEGRANULATION,Plasma_IgG,0.8700823160859816,CARD
REACTOME_PEPTIDE_LIGAND_BINDING_RECEPTORS,Plasma_IgG,0.8700823160859816,CARD
REACTOME_PLATELET_ACTIVATION_SIGNALING_AND_AGGREGATION,Plasma_IgG,0.11910463370822148,CARD
REACTOME_POST_TRANSLATIONAL_PROTEIN_MODIFICATION,Plasma_IgG,0.26952373744085373,CARD
REACTOME_REGULATION_OF_INSULIN_LIKE_GROWTH_FACTOR_IGF_TRANSPORT_AND_UPTAKE_BY_INSULIN_LIKE_GROWTH_FACTOR_BINDING_PROTEINS_IGFBPS,Plasma_IgG,0.49678312536967106,CARD
REACTOME_RESPONSE_TO_ELEVATED_PLATELET_CYTOSOLIC_CA2,Plasma_IgG,0.11910463370822148,CARD
REACTOME_SIGNALING_BY_GPCR,Plasma_IgG,0.8700823160859816,CARD
REACTOME_TERMINAL_PATHWAY_OF_COMPLEMENT,Plasma_IgG,0.8571527377586267,CARD
REACTOME_TRANSPORT_OF_GAMMA_CARBOXYLATED_PROTEIN_PRECURSORS_FROM_THE_ENDOPLASMIC_RETICULUM_TO_THE_GOLGI_APPARATUS,Plasma_IgG,0.11442373048732404,CARD
REACTOME_TRANSPORT_TO_THE_GOLGI_AND_SUBSEQUENT_MODIFICATION,Plasma_IgG,0.11910463370822148,CARD
REACTOME_VESICLE_MEDIATED_TRANSPORT,Plasma_IgG,0.11910463370822148,CARD
REACTOME_ACTIVATION_OF_C3_AND_C5,Fibroblasts,0.8660101994903304,CARD
REACTOME_ADAPTIVE_IMMUNE_SYSTEM,Fibroblasts,0.8683369254426848,CARD
REACTOME_ALTERNATIVE_COMPLEMENT_ACTIVATION,Fibroblasts,0.8683369254426848,CARD
REACTOME_ASPARAGINE_N_LINKED_GLYCOSYLATION,Fibroblasts,0.1194102427076388,CARD
REACTOME_CARGO_CONCENTRATION_IN_THE_ER,Fibroblasts,0.1194102427076388,CARD
REACTOME_CLASS_A_1_RHODOPSIN_LIKE_RECEPTORS,Fibroblasts,0.8683369254426848,CARD
REACTOME_COMMON_PATHWAY_OF_FIBRIN_CLOT_FORMATION,Fibroblasts,0.1179979687369686,CARD
REACTOME_COMPLEMENT_CASCADE,Fibroblasts,0.8601798335698005,CARD
REACTOME_COPII_MEDIATED_VESICLE_TRANSPORT,Fibroblasts,0.1194102427076388,CARD
REACTOME_ER_TO_GOLGI_ANTEROGRADE_TRANSPORT,Fibroblasts,0.1194102427076388,CARD
REACTOME_EXTRINSIC_PATHWAY_OF_FIBRIN_CLOT_FORMATION,Fibroblasts,0.1162935332552375,CARD
REACTOME_FORMATION_OF_FIBRIN_CLOT_CLOTTING_CASCADE,Fibroblasts,0.11724201845685286,CARD
REACTOME_GAMMA_CARBOXYLATION_HYPUSINYLATION_HYDROXYLATION_AND_ARYLSULFATASE_ACTIVATION,Fibroblasts,0.11591211379212926,CARD
REACTOME_GAMMA_CARBOXYLATION_OF_PROTEIN_PRECURSORS,Fibroblasts,0.11380803374694057,CARD
REACTOME_GAMMA_CARBOXYLATION_TRANSPORT_AND_AMINO_TERMINAL_CLEAVAGE_OF_PROTEINS,Fibroblasts,0.11380803374694057,CARD
REACTOME_GPCR_LIGAND_BINDING,Fibroblasts,0.8683369254426848,CARD
REACTOME_G_ALPHA_I_SIGNALLING_EVENTS,Fibroblasts,0.8683369254426848,CARD
REACTOME_HEMOSTASIS,Fibroblasts,0.11724201845685286,CARD
REACTOME_IMMUNE_SYSTEM,Fibroblasts,0.8601798335698005,CARD
REACTOME_IMMUNOREGULATORY_INTERACTIONS_BETWEEN_A_LYMPHOID_AND_A_NON_LYMPHOID_CELL,Fibroblasts,0.8683369254426848,CARD
REACTOME_INITIAL_TRIGGERING_OF_COMPLEMENT,Fibroblasts,0.8660101994903304,CARD
REACTOME_INNATE_IMMUNE_SYSTEM,Fibroblasts,0.8601798335698005,CARD
REACTOME_INTRINSIC_PATHWAY_OF_FIBRIN_CLOT_FORMATION,Fibroblasts,0.1156161544460382,CARD
REACTOME_MEMBRANE_TRAFFICKING,Fibroblasts,0.1194102427076388,CARD
REACTOME_METABOLISM_OF_PROTEINS,Fibroblasts,0.2688654419950201,CARD
REACTOME_NEUTROPHIL_DEGRANULATION,Fibroblasts,0.8683369254426848,CARD
REACTOME_PEPTIDE_LIGAND_BINDING_RECEPTORS,Fibroblasts,0.8683369254426848,CARD
REACTOME_PLATELET_ACTIVATION_SIGNALING_AND_AGGREGATION,Fibroblasts,0.1194102427076388,CARD
REACTOME_POST_TRANSLATIONAL_PROTEIN_MODIFICATION,Fibroblasts,0.2688654419950201,CARD
REACTOME_REGULATION_OF_INSULIN_LIKE_GROWTH_FACTOR_IGF_TRANSPORT_AND_UPTAKE_BY_INSULIN_LIKE_GROWTH_FACTOR_BINDING_PROTEINS_IGFBPS,Fibroblasts,0.496145893069033,CARD
REACTOME_RESPONSE_TO_ELEVATED_PLATELET_CYTOSOLIC_CA2,Fibroblasts,0.1194102427076388,CARD
REACTOME_SIGNALING_BY_GPCR,Fibroblasts,0.8683369254426848,CARD
REACTOME_TERMINAL_PATHWAY_OF_COMPLEMENT,Fibroblasts,0.8558367546581648,CARD
REACTOME_TRANSPORT_OF_GAMMA_CARBOXYLATED_PROTEIN_PRECURSORS_FROM_THE_ENDOPLASMIC_RETICULUM_TO_THE_GOLGI_APPARATUS,Fibroblasts,0.11380803374694057,CARD
REACTOME_TRANSPORT_TO_THE_GOLGI_AND_SUBSEQUENT_MODIFICATION,Fibroblasts,0.1194102427076388,CARD
REACTOME_VESICLE_MEDIATED_TRANSPORT,Fibroblasts,0.1194102427076388,CARD
REACTOME_ACTIVATION_OF_C3_AND_C5,CAM,0.8584804185090211,CARD
REACTOME_ADAPTIVE_IMMUNE_SYSTEM,CAM,0.8573580200405829,CARD
REACTOME_ALTERNATIVE_COMPLEMENT_ACTIVATION,CAM,0.8573580200405829,CARD
REACTOME_ASPARAGINE_N_LINKED_GLYCOSYLATION,CAM,0.1122635016142163,CARD
REACTOME_CARGO_CONCENTRATION_IN_THE_ER,CAM,0.1122635016142163,CARD
REACTOME_CLASS_A_1_RHODOPSIN_LIKE_RECEPTORS,CAM,0.8573580200405829,CARD
REACTOME_COMMON_PATHWAY_OF_FIBRIN_CLOT_FORMATION,CAM,0.1118868827935135,CARD
REACTOME_COMPLEMENT_CASCADE,CAM,0.8537892562928492,CARD
REACTOME_COPII_MEDIATED_VESICLE_TRANSPORT,CAM,0.1122635016142163,CARD
REACTOME_ER_TO_GOLGI_ANTEROGRADE_TRANSPORT,CAM,0.1122635016142163,CARD
REACTOME_EXTRINSIC_PATHWAY_OF_FIBRIN_CLOT_FORMATION,CAM,0.11529058148628142,CARD
REACTOME_FORMATION_OF_FIBRIN_CLOT_CLOTTING_CASCADE,CAM,0.11719228880691213,CARD
REACTOME_GAMMA_CARBOXYLATION_HYPUSINYLATION_HYDROXYLATION_AND_ARYLSULFATASE_ACTIVATION,CAM,0.11181624110432133,CARD
REACTOME_GAMMA_CARBOXYLATION_OF_PROTEIN_PRECURSORS,CAM,0.11054615976351577,CARD
REACTOME_GAMMA_CARBOXYLATION_TRANSPORT_AND_AMINO_TERMINAL_CLEAVAGE_OF_PROTEINS,CAM,0.11054615976351577,CARD
REACTOME_GPCR_LIGAND_BINDING,CAM,0.8573580200405829,CARD
REACTOME_G_ALPHA_I_SIGNALLING_EVENTS,CAM,0.8573580200405829,CARD
REACTOME_HEMOSTASIS,CAM,0.11719228880691213,CARD
REACTOME_IMMUNE_SYSTEM,CAM,0.8537892562928492,CARD
REACTOME_IMMUNOREGULATORY_INTERACTIONS_BETWEEN_A_LYMPHOID_AND_A_NON_LYMPHOID_CELL,CAM,0.8573580200405829,CARD
REACTOME_INITIAL_TRIGGERING_OF_COMPLEMENT,CAM,0.8584804185090211,CARD
REACTOME_INNATE_IMMUNE_SYSTEM,CAM,0.8537892562928492,CARD
REACTOME_INTRINSIC_PATHWAY_OF_FIBRIN_CLOT_FORMATION,CAM,0.11679700059125492,CARD
REACTOME_MEMBRANE_TRAFFICKING,CAM,0.1122635016142163,CARD
REACTOME_METABOLISM_OF_PROTEINS,CAM,0.26124537286619554,CARD
REACTOME_NEUTROPHIL_DEGRANULATION,CAM,0.8573580200405829,CARD
REACTOME_PEPTIDE_LIGAND_BINDING_RECEPTORS,CAM,0.8573580200405829,CARD
REACTOME_PLATELET_ACTIVATION_SIGNALING_AND_AGGREGATION,CAM,0.1122635016142163,CARD
REACTOME_POST_TRANSLATIONAL_PROTEIN_MODIFICATION,CAM,0.26124537286619554,CARD
REACTOME_REGULATION_OF_INSULIN_LIKE_GROWTH_FACTOR_IGF_TRANSPORT_AND_UPTAKE_BY_INSULIN_LIKE_GROWTH_FACTOR_BINDING_PROTEINS_IGFBPS,CAM,0.4847259321659704,CARD
REACTOME_RESPONSE_TO_ELEVATED_PLATELET_CYTOSOLIC_CA2,CAM,0.1122635016142163,CARD
REACTOME_SIGNALING_BY_GPCR,CAM,0.8573580200405829,CARD
REACTOME_TERMINAL_PATHWAY_OF_COMPLEMENT,CAM,0.8503855085371003,CARD
REACTOME_TRANSPORT_OF_GAMMA_CARBOXYLATED_PROTEIN_PRECURSORS_FROM_THE_ENDOPLASMIC_RETICULUM_TO_THE_GOLGI_APPARATUS,CAM,0.11054615976351577,CARD
REACTOME_TRANSPORT_TO_THE_GOLGI_AND_SUBSEQUENT_MODIFICATION,CAM,0.1122635016142163,CARD
REACTOME_VESICLE_MEDIATED_TRANSPORT,CAM,0.1122635016142163,CARD
REACTOME_ACTIVATION_OF_C3_AND_C5,Tumor,0.8505612396162918,CARD
REACTOME_ADAPTIVE_IMMUNE_SYSTEM,Tumor,0.8491811500980714,CARD
REACTOME_ALTERNATIVE_COMPLEMENT_ACTIVATION,Tumor,0.8491811500980714,CARD
REACTOME_ASPARAGINE_N_LINKED_GLYCOSYLATION,Tumor,0.10976440489407976,CARD
REACTOME_CARGO_CONCENTRATION_IN_THE_ER,Tumor,0.10976440489407976,CARD
REACTOME_CLASS_A_1_RHODOPSIN_LIKE_RECEPTORS,Tumor,0.8491811500980714,CARD
REACTOME_COMMON_PATHWAY_OF_FIBRIN_CLOT_FORMATION,Tumor,0.10867395958645415,CARD
REACTOME_COMPLEMENT_CASCADE,Tumor,0.8463969457520479,CARD
REACTOME_COPII_MEDIATED_VESICLE_TRANSPORT,Tumor,0.10976440489407976,CARD
REACTOME_ER_TO_GOLGI_ANTEROGRADE_TRANSPORT,Tumor,0.10976440489407976,CARD
REACTOME_EXTRINSIC_PATHWAY_OF_FIBRIN_CLOT_FORMATION,Tumor,0.11166666666559431,CARD
REACTOME_FORMATION_OF_FIBRIN_CLOT_CLOTTING_CASCADE,Tumor,0.11394714933788473,CARD
REACTOME_GAMMA_CARBOXYLATION_HYPUSINYLATION_HYDROXYLATION_AND_ARYLSULFATASE_ACTIVATION,Tumor,0.10795996755590487,CARD
REACTOME_GAMMA_CARBOXYLATION_OF_PROTEIN_PRECURSORS,Tumor,0.10551125665670373,CARD
REACTOME_GAMMA_CARBOXYLATION_TRANSPORT_AND_AMINO_TERMINAL_CLEAVAGE_OF_PROTEINS,Tumor,0.10551125665670373,CARD
REACTOME_GPCR_LIGAND_BINDING,Tumor,0.8491811500980714,CARD
REACTOME_G_ALPHA_I_SIGNALLING_EVENTS,Tumor,0.8491811500980714,CARD
REACTOME_HEMOSTASIS,Tumor,0.11394714933788473,CARD
REACTOME_IMMUNE_SYSTEM,Tumor,0.8463969457520479,CARD
REACTOME_IMMUNOREGULATORY_INTERACTIONS_BETWEEN_A_LYMPHOID_AND_A_NON_LYMPHOID_CELL,Tumor,0.8491811500980714,CARD
REACTOME_INITIAL_TRIGGERING_OF_COMPLEMENT,Tumor,0.8505612396162918,CARD
REACTOME_INNATE_IMMUNE_SYSTEM,Tumor,0.8463969457520479,CARD
REACTOME_INTRINSIC_PATHWAY_OF_FIBRIN_CLOT_FORMATION,Tumor,0.1129007906117204,CARD
REACTOME_MEMBRANE_TRAFFICKING,Tumor,0.10976440489407976,CARD
REACTOME_METABOLISM_OF_PROTEINS,Tumor,0.25634826518016196,CARD
REACTOME_NEUTROPHIL_DEGRANULATION,Tumor,0.8491811500980714,CARD
REACTOME_PEPTIDE_LIGAND_BINDING_RECEPTORS,Tumor,0.8491811500980714,CARD
REACTOME_PLATELET_ACTIVATION_SIGNALING_AND_AGGREGATION,Tumor,0.10976440489407976,CARD
REACTOME_POST_TRANSLATIONAL_PROTEIN_MODIFICATION,Tumor,0.25634826518016196,CARD
REACTOME_REGULATION_OF_INSULIN_LIKE_GROWTH_FACTOR_IGF_TRANSPORT_AND_UPTAKE_BY_INSULIN_LIKE_GROWTH_FACTOR_BINDING_PROTEINS_IGFBPS,Tumor,0.47847461049359014,CARD
REACTOME_RESPONSE_TO_ELEVATED_PLATELET_CYTOSOLIC_CA2,Tumor,0.10976440489407976,CARD
REACTOME_SIGNALING_BY_GPCR,Tumor,0.8491811500980714,CARD
REACTOME_TERMINAL_PATHWAY_OF_COMPLEMENT,Tumor,0.8434220236348563,CARD
REACTOME_TRANSPORT_OF_GAMMA_CARBOXYLATED_PROTEIN_PRECURSORS_FROM_THE_ENDOPLASMIC_RETICULUM_TO_THE_GOLGI_APPARATUS,Tumor,0.10551125665670373,CARD
REACTOME_TRANSPORT_TO_THE_GOLGI_AND_SUBSEQUENT_MODIFICATION,Tumor,0.10976440489407976,CARD
REACTOME_VESICLE_MEDIATED_TRANSPORT,Tumor,0.10976440489407976,CARD
REACTOME_ACTIVATION_OF_C3_AND_C5,Germinal_Center_Plasma_IgM_B_cell,0.8644769290689734,CARD
REACTOME_ADAPTIVE_IMMUNE_SYSTEM,Germinal_Center_Plasma_IgM_B_cell,0.8663297300640699,CARD
REACTOME_ALTERNATIVE_COMPLEMENT_ACTIVATION,Germinal_Center_Plasma_IgM_B_cell,0.8663297300640699,CARD
REACTOME_ASPARAGINE_N_LINKED_GLYCOSYLATION,Germinal_Center_Plasma_IgM_B_cell,0.1193871394089463,CARD
REACTOME_CARGO_CONCENTRATION_IN_THE_ER,Germinal_Center_Plasma_IgM_B_cell,0.1193871394089463,CARD
REACTOME_CLASS_A_1_RHODOPSIN_LIKE_RECEPTORS,Germinal_Center_Plasma_IgM_B_cell,0.8663297300640699,CARD
REACTOME_COMMON_PATHWAY_OF_FIBRIN_CLOT_FORMATION,Germinal_Center_Plasma_IgM_B_cell,0.11800277462663591,CARD
REACTOME_COMPLEMENT_CASCADE,Germinal_Center_Plasma_IgM_B_cell,0.8592564100018598,CARD
REACTOME_COPII_MEDIATED_VESICLE_TRANSPORT,Germinal_Center_Plasma_IgM_B_cell,0.1193871394089463,CARD
REACTOME_ER_TO_GOLGI_ANTEROGRADE_TRANSPORT,Germinal_Center_Plasma_IgM_B_cell,0.1193871394089463,CARD
REACTOME_EXTRINSIC_PATHWAY_OF_FIBRIN_CLOT_FORMATION,Germinal_Center_Plasma_IgM_B_cell,0.11407102026863618,CARD
REACTOME_FORMATION_OF_FIBRIN_CLOT_CLOTTING_CASCADE,Germinal_Center_Plasma_IgM_B_cell,0.11611981282565018,CARD
REACTOME_GAMMA_CARBOXYLATION_HYPUSINYLATION_HYDROXYLATION_AND_ARYLSULFATASE_ACTIVATION,Germinal_Center_Plasma_IgM_B_cell,0.11568715111757935,CARD
REACTOME_GAMMA_CARBOXYLATION_OF_PROTEIN_PRECURSORS,Germinal_Center_Plasma_IgM_B_cell,0.11397973611026971,CARD
REACTOME_GAMMA_CARBOXYLATION_TRANSPORT_AND_AMINO_TERMINAL_CLEAVAGE_OF_PROTEINS,Germinal_Center_Plasma_IgM_B_cell,0.11397973611026971,CARD
REACTOME_GPCR_LIGAND_BINDING,Germinal_Center_Plasma_IgM_B_cell,0.8663297300640699,CARD
REACTOME_G_ALPHA_I_SIGNALLING_EVENTS,Germinal_Center_Plasma_IgM_B_cell,0.8663297300640699,CARD
REACTOME_HEMOSTASIS,Germinal_Center_Plasma_IgM_B_cell,0.11611981282565018,CARD
REACTOME_IMMUNE_SYSTEM,Germinal_Center_Plasma_IgM_B_cell,0.8592564100018598,CARD
REACTOME_IMMUNOREGULATORY_INTERACTIONS_BETWEEN_A_LYMPHOID_AND_A_NON_LYMPHOID_CELL,Germinal_Center_Plasma_IgM_B_cell,0.8663297300640699,CARD
REACTOME_INITIAL_TRIGGERING_OF_COMPLEMENT,Germinal_Center_Plasma_IgM_B_cell,0.8644769290689734,CARD
REACTOME_INNATE_IMMUNE_SYSTEM,Germinal_Center_Plasma_IgM_B_cell,0.8592564100018598,CARD
REACTOME_INTRINSIC_PATHWAY_OF_FIBRIN_CLOT_FORMATION,Germinal_Center_Plasma_IgM_B_cell,0.11549969363900006,CARD
REACTOME_MEMBRANE_TRAFFICKING,Germinal_Center_Plasma_IgM_B_cell,0.1193871394089463,CARD
REACTOME_METABOLISM_OF_PROTEINS,Germinal_Center_Plasma_IgM_B_cell,0.26811933199640603,CARD
REACTOME_NEUTROPHIL_DEGRANULATION,Germinal_Center_Plasma_IgM_B_cell,0.8663297300640699,CARD
REACTOME_PEPTIDE_LIGAND_BINDING_RECEPTORS,Germinal_Center_Plasma_IgM_B_cell,0.8663297300640699,CARD
REACTOME_PLATELET_ACTIVATION_SIGNALING_AND_AGGREGATION,Germinal_Center_Plasma_IgM_B_cell,0.1193871394089463,CARD
REACTOME_POST_TRANSLATIONAL_PROTEIN_MODIFICATION,Germinal_Center_Plasma_IgM_B_cell,0.26811933199640603,CARD
REACTOME_REGULATION_OF_INSULIN_LIKE_GROWTH_FACTOR_IGF_TRANSPORT_AND_UPTAKE_BY_INSULIN_LIKE_GROWTH_FACTOR_BINDING_PROTEINS_IGFBPS,Germinal_Center_Plasma_IgM_B_cell,0.494972295477286,CARD
REACTOME_RESPONSE_TO_ELEVATED_PLATELET_CYTOSOLIC_CA2,Germinal_Center_Plasma_IgM_B_cell,0.1193871394089463,CARD
REACTOME_SIGNALING_BY_GPCR,Germinal_Center_Plasma_IgM_B_cell,0.8663297300640699,CARD
REACTOME_TERMINAL_PATHWAY_OF_COMPLEMENT,Germinal_Center_Plasma_IgM_B_cell,0.8554260637998934,CARD
REACTOME_TRANSPORT_OF_GAMMA_CARBOXYLATED_PROTEIN_PRECURSORS_FROM_THE_ENDOPLASMIC_RETICULUM_TO_THE_GOLGI_APPARATUS,Germinal_Center_Plasma_IgM_B_cell,0.11397973611026971,CARD
REACTOME_TRANSPORT_TO_THE_GOLGI_AND_SUBSEQUENT_MODIFICATION,Germinal_Center_Plasma_IgM_B_cell,0.1193871394089463,CARD
REACTOME_VESICLE_MEDIATED_TRANSPORT,Germinal_Center_Plasma_IgM_B_cell,0.1193871394089463,CARD
REACTOME_ACTIVATION_OF_C3_AND_C5,Plasma_IgA,0.8653130794635059,CARD
REACTOME_ADAPTIVE_IMMUNE_SYSTEM,Plasma_IgA,0.8670951360259644,CARD
REACTOME_ALTERNATIVE_COMPLEMENT_ACTIVATION,Plasma_IgA,0.8670951360259644,CARD
REACTOME_ASPARAGINE_N_LINKED_GLYCOSYLATION,Plasma_IgA,0.1194698294108156,CARD
REACTOME_CARGO_CONCENTRATION_IN_THE_ER,Plasma_IgA,0.1194698294108156,CARD
REACTOME_CLASS_A_1_RHODOPSIN_LIKE_RECEPTORS,Plasma_IgA,0.8670951360259644,CARD
REACTOME_COMMON_PATHWAY_OF_FIBRIN_CLOT_FORMATION,Plasma_IgA,0.11812397264599866,CARD
REACTOME_COMPLEMENT_CASCADE,Plasma_IgA,0.8607881523832904,CARD
REACTOME_COPII_MEDIATED_VESICLE_TRANSPORT,Plasma_IgA,0.1194698294108156,CARD
REACTOME_ER_TO_GOLGI_ANTEROGRADE_TRANSPORT,Plasma_IgA,0.1194698294108156,CARD
REACTOME_EXTRINSIC_PATHWAY_OF_FIBRIN_CLOT_FORMATION,Plasma_IgA,0.11562266720968425,CARD
REACTOME_FORMATION_OF_FIBRIN_CLOT_CLOTTING_CASCADE,Plasma_IgA,0.11712591311157927,CARD
REACTOME_GAMMA_CARBOXYLATION_HYPUSINYLATION_HYDROXYLATION_AND_ARYLSULFATASE_ACTIVATION,Plasma_IgA,0.11604604509660556,CARD
REACTOME_GAMMA_CARBOXYLATION_OF_PROTEIN_PRECURSORS,Plasma_IgA,0.1142497372172793,CARD
REACTOME_GAMMA_CARBOXYLATION_TRANSPORT_AND_AMINO_TERMINAL_CLEAVAGE_OF_PROTEINS,Plasma_IgA,0.1142497372172793,CARD
REACTOME_GPCR_LIGAND_BINDING,Plasma_IgA,0.8670951360259644,CARD
REACTOME_G_ALPHA_I_SIGNALLING_EVENTS,Plasma_IgA,0.8670951360259644,CARD
REACTOME_HEMOSTASIS,Plasma_IgA,0.11712591311157927,CARD
REACTOME_IMMUNE_SYSTEM,Plasma_IgA,0.8607881523832904,CARD
REACTOME_IMMUNOREGULATORY_INTERACTIONS_BETWEEN_A_LYMPHOID_AND_A_NON_LYMPHOID_CELL,Plasma_IgA,0.8670951360259644,CARD
REACTOME_INITIAL_TRIGGERING_OF_COMPLEMENT,Plasma_IgA,0.8653130794635059,CARD
REACTOME_INNATE_IMMUNE_SYSTEM,Plasma_IgA,0.8607881523832904,CARD
REACTOME_INTRINSIC_PATHWAY_OF_FIBRIN_CLOT_FORMATION,Plasma_IgA,0.1160530394975322,CARD
REACTOME_MEMBRANE_TRAFFICKING,Plasma_IgA,0.1194698294108156,CARD
REACTOME_METABOLISM_OF_PROTEINS,Plasma_IgA,0.26847840161581854,CARD
REACTOME_NEUTROPHIL_DEGRANULATION,Plasma_IgA,0.8670951360259644,CARD
REACTOME_PEPTIDE_LIGAND_BINDING_RECEPTORS,Plasma_IgA,0.8670951360259644,CARD
REACTOME_PLATELET_ACTIVATION_SIGNALING_AND_AGGREGATION,Plasma_IgA,0.1194698294108156,CARD
REACTOME_POST_TRANSLATIONAL_PROTEIN_MODIFICATION,Plasma_IgA,0.26847840161581854,CARD
REACTOME_REGULATION_OF_INSULIN_LIKE_GROWTH_FACTOR_IGF_TRANSPORT_AND_UPTAKE_BY_INSULIN_LIKE_GROWTH_FACTOR_BINDING_PROTEINS_IGFBPS,Plasma_IgA,0.4953109294203538,CARD
REACTOME_RESPONSE_TO_ELEVATED_PLATELET_CYTOSOLIC_CA2,Plasma_IgA,0.1194698294108156,CARD
REACTOME_SIGNALING_BY_GPCR,Plasma_IgA,0.8670951360259644,CARD
REACTOME_TERMINAL_PATHWAY_OF_COMPLEMENT,Plasma_IgA,0.8573721831418267,CARD
REACTOME_TRANSPORT_OF_GAMMA_CARBOXYLATED_PROTEIN_PRECURSORS_FROM_THE_ENDOPLASMIC_RETICULUM_TO_THE_GOLGI_APPARATUS,Plasma_IgA,0.1142497372172793,CARD
REACTOME_TRANSPORT_TO_THE_GOLGI_AND_SUBSEQUENT_MODIFICATION,Plasma_IgA,0.1194698294108156,CARD
REACTOME_VESICLE_MEDIATED_TRANSPORT,Plasma_IgA,0.1194698294108156,CARD
REACTOME_ACTIVATION_OF_C3_AND_C5,Tumor_Keratin_Pearl,0.852118325285117,CARD
REACTOME_ADAPTIVE_IMMUNE_SYSTEM,Tumor_Keratin_Pearl,0.8519697867502573,CARD
REACTOME_ALTERNATIVE_COMPLEMENT_ACTIVATION,Tumor_Keratin_Pearl,0.8519697867502573,CARD
REACTOME_ASPARAGINE_N_LINKED_GLYCOSYLATION,Tumor_Keratin_Pearl,0.11475930440020277,CARD
REACTOME_CARGO_CONCENTRATION_IN_THE_ER,Tumor_Keratin_Pearl,0.11475930440020277,CARD
REACTOME_CLASS_A_1_RHODOPSIN_LIKE_RECEPTORS,Tumor_Keratin_Pearl,0.8519697867502573,CARD
REACTOME_COMMON_PATHWAY_OF_FIBRIN_CLOT_FORMATION,Tumor_Keratin_Pearl,0.11195027482829811,CARD
REACTOME_COMPLEMENT_CASCADE,Tumor_Keratin_Pearl,0.8470949912333797,CARD
REACTOME_COPII_MEDIATED_VESICLE_TRANSPORT,Tumor_Keratin_Pearl,0.11475930440020277,CARD
REACTOME_ER_TO_GOLGI_ANTEROGRADE_TRANSPORT,Tumor_Keratin_Pearl,0.11475930440020277,CARD
REACTOME_EXTRINSIC_PATHWAY_OF_FIBRIN_CLOT_FORMATION,Tumor_Keratin_Pearl,0.1119384211204824,CARD
REACTOME_FORMATION_OF_FIBRIN_CLOT_CLOTTING_CASCADE,Tumor_Keratin_Pearl,0.11585228121753602,CARD
REACTOME_GAMMA_CARBOXYLATION_HYPUSINYLATION_HYDROXYLATION_AND_ARYLSULFATASE_ACTIVATION,Tumor_Keratin_Pearl,0.11136690883808356,CARD
REACTOME_GAMMA_CARBOXYLATION_OF_PROTEIN_PRECURSORS,Tumor_Keratin_Pearl,0.10528460263096148,CARD
REACTOME_GAMMA_CARBOXYLATION_TRANSPORT_AND_AMINO_TERMINAL_CLEAVAGE_OF_PROTEINS,Tumor_Keratin_Pearl,0.10528460263096148,CARD
REACTOME_GPCR_LIGAND_BINDING,Tumor_Keratin_Pearl,0.8519697867502573,CARD
REACTOME_G_ALPHA_I_SIGNALLING_EVENTS,Tumor_Keratin_Pearl,0.8519697867502573,CARD
REACTOME_HEMOSTASIS,Tumor_Keratin_Pearl,0.11585228121753602,CARD
REACTOME_IMMUNE_SYSTEM,Tumor_Keratin_Pearl,0.8470949912333797,CARD
REACTOME_IMMUNOREGULATORY_INTERACTIONS_BETWEEN_A_LYMPHOID_AND_A_NON_LYMPHOID_CELL,Tumor_Keratin_Pearl,0.8519697867502573,CARD
REACTOME_INITIAL_TRIGGERING_OF_COMPLEMENT,Tumor_Keratin_Pearl,0.852118325285117,CARD
REACTOME_INNATE_IMMUNE_SYSTEM,Tumor_Keratin_Pearl,0.8470949912333797,CARD
REACTOME_INTRINSIC_PATHWAY_OF_FIBRIN_CLOT_FORMATION,Tumor_Keratin_Pearl,0.11548226351355238,CARD
REACTOME_MEMBRANE_TRAFFICKING,Tumor_Keratin_Pearl,0.11475930440020277,CARD
REACTOME_METABOLISM_OF_PROTEINS,Tumor_Keratin_Pearl,0.2593162857434225,CARD
REACTOME_NEUTROPHIL_DEGRANULATION,Tumor_Keratin_Pearl,0.8519697867502573,CARD
REACTOME_PEPTIDE_LIGAND_BINDING_RECEPTORS,Tumor_Keratin_Pearl,0.8519697867502573,CARD
REACTOME_PLATELET_ACTIVATION_SIGNALING_AND_AGGREGATION,Tumor_Keratin_Pearl,0.11475930440020277,CARD
REACTOME_POST_TRANSLATIONAL_PROTEIN_MODIFICATION,Tumor_Keratin_Pearl,0.2593162857434225,CARD
REACTOME_REGULATION_OF_INSULIN_LIKE_GROWTH_FACTOR_IGF_TRANSPORT_AND_UPTAKE_BY_INSULIN_LIKE_GROWTH_FACTOR_BINDING_PROTEINS_IGFBPS,Tumor_Keratin_Pearl,0.4803726241918625,CARD
REACTOME_RESPONSE_TO_ELEVATED_PLATELET_CYTOSOLIC_CA2,Tumor_Keratin_Pearl,0.11475930440020277,CARD
REACTOME_SIGNALING_BY_GPCR,Tumor_Keratin_Pearl,0.8519697867502573,CARD
REACTOME_TERMINAL_PATHWAY_OF_COMPLEMENT,Tumor_Keratin_Pearl,0.8434743449562351,CARD
REACTOME_TRANSPORT_OF_GAMMA_CARBOXYLATED_PROTEIN_PRECURSORS_FROM_THE_ENDOPLASMIC_RETICULUM_TO_THE_GOLGI_APPARATUS,Tumor_Keratin_Pearl,0.10528460263096148,CARD
REACTOME_TRANSPORT_TO_THE_GOLGI_AND_SUBSEQUENT_MODIFICATION,Tumor_Keratin_Pearl,0.11475930440020277,CARD
REACTOME_VESICLE_MEDIATED_TRANSPORT,Tumor_Keratin_Pearl,0.11475930440020277,CARD
REACTOME_ACTIVATION_OF_C3_AND_C5,Cortex_CCL21,0.8648878199426466,CARD
REACTOME_ADAPTIVE_IMMUNE_SYSTEM,Cortex_CCL21,0.8654762916683354,CARD
REACTOME_ALTERNATIVE_COMPLEMENT_ACTIVATION,Cortex_CCL21,0.8654762916683354,CARD
REACTOME_ASPARAGINE_N_LINKED_GLYCOSYLATION,Cortex_CCL21,0.1203365269884885,CARD
REACTOME_CARGO_CONCENTRATION_IN_THE_ER,Cortex_CCL21,0.1203365269884885,CARD
REACTOME_CLASS_A_1_RHODOPSIN_LIKE_RECEPTORS,Cortex_CCL21,0.8654762916683354,CARD
REACTOME_COMMON_PATHWAY_OF_FIBRIN_CLOT_FORMATION,Cortex_CCL21,0.11906303676520376,CARD
REACTOME_COMPLEMENT_CASCADE,Cortex_CCL21,0.861003173600872,CARD
REACTOME_COPII_MEDIATED_VESICLE_TRANSPORT,Cortex_CCL21,0.1203365269884885,CARD
REACTOME_ER_TO_GOLGI_ANTEROGRADE_TRANSPORT,Cortex_CCL21,0.1203365269884885,CARD
REACTOME_EXTRINSIC_PATHWAY_OF_FIBRIN_CLOT_FORMATION,Cortex_CCL21,0.11560753195365654,CARD
REACTOME_FORMATION_OF_FIBRIN_CLOT_CLOTTING_CASCADE,Cortex_CCL21,0.11774783965596261,CARD
REACTOME_GAMMA_CARBOXYLATION_HYPUSINYLATION_HYDROXYLATION_AND_ARYLSULFATASE_ACTIVATION,Cortex_CCL21,0.11675205647931589,CARD
REACTOME_GAMMA_CARBOXYLATION_OF_PROTEIN_PRECURSORS,Cortex_CCL21,0.11504536623351859,CARD
REACTOME_GAMMA_CARBOXYLATION_TRANSPORT_AND_AMINO_TERMINAL_CLEAVAGE_OF_PROTEINS,Cortex_CCL21,0.11504536623351859,CARD
REACTOME_GPCR_LIGAND_BINDING,Cortex_CCL21,0.8654762916683354,CARD
REACTOME_G_ALPHA_I_SIGNALLING_EVENTS,Cortex_CCL21,0.8654762916683354,CARD
REACTOME_HEMOSTASIS,Cortex_CCL21,0.11774783965596261,CARD
REACTOME_IMMUNE_SYSTEM,Cortex_CCL21,0.861003173600872,CARD
REACTOME_IMMUNOREGULATORY_INTERACTIONS_BETWEEN_A_LYMPHOID_AND_A_NON_LYMPHOID_CELL,Cortex_CCL21,0.8654762916683354,CARD
REACTOME_INITIAL_TRIGGERING_OF_COMPLEMENT,Cortex_CCL21,0.8648878199426466,CARD
REACTOME_INNATE_IMMUNE_SYSTEM,Cortex_CCL21,0.861003173600872,CARD
REACTOME_INTRINSIC_PATHWAY_OF_FIBRIN_CLOT_FORMATION,Cortex_CCL21,0.11708293633075564,CARD
REACTOME_MEMBRANE_TRAFFICKING,Cortex_CCL21,0.1203365269884885,CARD
REACTOME_METABOLISM_OF_PROTEINS,Cortex_CCL21,0.26846188550926464,CARD
REACTOME_NEUTROPHIL_DEGRANULATION,Cortex_CCL21,0.8654762916683354,CARD
REACTOME_PEPTIDE_LIGAND_BINDING_RECEPTORS,Cortex_CCL21,0.8654762916683354,CARD
REACTOME_PLATELET_ACTIVATION_SIGNALING_AND_AGGREGATION,Cortex_CCL21,0.1203365269884885,CARD
REACTOME_POST_TRANSLATIONAL_PROTEIN_MODIFICATION,Cortex_CCL21,0.26846188550926464,CARD
REACTOME_REGULATION_OF_INSULIN_LIKE_GROWTH_FACTOR_IGF_TRANSPORT_AND_UPTAKE_BY_INSULIN_LIKE_GROWTH_FACTOR_BINDING_PROTEINS_IGFBPS,Cortex_CCL21,0.4945469474219753,CARD
REACTOME_RESPONSE_TO_ELEVATED_PLATELET_CYTOSOLIC_CA2,Cortex_CCL21,0.1203365269884885,CARD
REACTOME_SIGNALING_BY_GPCR,Cortex_CCL21,0.8654762916683354,CARD
REACTOME_TERMINAL_PATHWAY_OF_COMPLEMENT,Cortex_CCL21,0.8580464131445463,CARD
REACTOME_TRANSPORT_OF_GAMMA_CARBOXYLATED_PROTEIN_PRECURSORS_FROM_THE_ENDOPLASMIC_RETICULUM_TO_THE_GOLGI_APPARATUS,Cortex_CCL21,0.11504536623351859,CARD
REACTOME_TRANSPORT_TO_THE_GOLGI_AND_SUBSEQUENT_MODIFICATION,Cortex_CCL21,0.1203365269884885,CARD
REACTOME_VESICLE_MEDIATED_TRANSPORT,Cortex_CCL21,0.1203365269884885,CARD
REACTOME_ACTIVATION_OF_C3_AND_C5,High_Endothelial_Venules,0.8695657083274552,CARD
REACTOME_ADAPTIVE_IMMUNE_SYSTEM,High_Endothelial_Venules,0.8747251046152038,CARD
REACTOME_ALTERNATIVE_COMPLEMENT_ACTIVATION,High_Endothelial_Venules,0.8747251046152038,CARD
REACTOME_ASPARAGINE_N_LINKED_GLYCOSYLATION,High_Endothelial_Venules,0.12085903542484011,CARD
REACTOME_CARGO_CONCENTRATION_IN_THE_ER,High_Endothelial_Venules,0.12085903542484011,CARD
REACTOME_CLASS_A_1_RHODOPSIN_LIKE_RECEPTORS,High_Endothelial_Venules,0.8747251046152038,CARD
REACTOME_COMMON_PATHWAY_OF_FIBRIN_CLOT_FORMATION,High_Endothelial_Venules,0.11934725174309067,CARD
REACTOME_COMPLEMENT_CASCADE,High_Endothelial_Venules,0.8650485934980352,CARD
REACTOME_COPII_MEDIATED_VESICLE_TRANSPORT,High_Endothelial_Venules,0.12085903542484011,CARD
REACTOME_ER_TO_GOLGI_ANTEROGRADE_TRANSPORT,High_Endothelial_Venules,0.12085903542484011,CARD
REACTOME_EXTRINSIC_PATHWAY_OF_FIBRIN_CLOT_FORMATION,High_Endothelial_Venules,0.11546207149402148,CARD
REACTOME_FORMATION_OF_FIBRIN_CLOT_CLOTTING_CASCADE,High_Endothelial_Venules,0.11744098827396637,CARD
REACTOME_GAMMA_CARBOXYLATION_HYPUSINYLATION_HYDROXYLATION_AND_ARYLSULFATASE_ACTIVATION,High_Endothelial_Venules,0.1154151766834126,CARD
REACTOME_GAMMA_CARBOXYLATION_OF_PROTEIN_PRECURSORS,High_Endothelial_Venules,0.11551703723801536,CARD
REACTOME_GAMMA_CARBOXYLATION_TRANSPORT_AND_AMINO_TERMINAL_CLEAVAGE_OF_PROTEINS,High_Endothelial_Venules,0.11551703723801536,CARD
REACTOME_GPCR_LIGAND_BINDING,High_Endothelial_Venules,0.8747251046152038,CARD
REACTOME_G_ALPHA_I_SIGNALLING_EVENTS,High_Endothelial_Venules,0.8747251046152038,CARD
REACTOME_HEMOSTASIS,High_Endothelial_Venules,0.11744098827396637,CARD
REACTOME_IMMUNE_SYSTEM,High_Endothelial_Venules,0.8650485934980352,CARD
REACTOME_IMMUNOREGULATORY_INTERACTIONS_BETWEEN_A_LYMPHOID_AND_A_NON_LYMPHOID_CELL,High_Endothelial_Venules,0.8747251046152038,CARD
REACTOME_INITIAL_TRIGGERING_OF_COMPLEMENT,High_Endothelial_Venules,0.8695657083274552,CARD
REACTOME_INNATE_IMMUNE_SYSTEM,High_Endothelial_Venules,0.8650485934980352,CARD
REACTOME_INTRINSIC_PATHWAY_OF_FIBRIN_CLOT_FORMATION,High_Endothelial_Venules,0.11550753621554517,CARD
REACTOME_MEMBRANE_TRAFFICKING,High_Endothelial_Venules,0.12085903542484011,CARD
REACTOME_METABOLISM_OF_PROTEINS,High_Endothelial_Venules,0.27203017972291715,CARD
REACTOME_NEUTROPHIL_DEGRANULATION,High_Endothelial_Venules,0.8747251046152038,CARD
REACTOME_PEPTIDE_LIGAND_BINDING_RECEPTORS,High_Endothelial_Venules,0.8747251046152038,CARD
REACTOME_PLATELET_ACTIVATION_SIGNALING_AND_AGGREGATION,High_Endothelial_Venules,0.12085903542484011,CARD
REACTOME_POST_TRANSLATIONAL_PROTEIN_MODIFICATION,High_Endothelial_Venules,0.27203017972291715,CARD
REACTOME_REGULATION_OF_INSULIN_LIKE_GROWTH_FACTOR_IGF_TRANSPORT_AND_UPTAKE_BY_INSULIN_LIKE_GROWTH_FACTOR_BINDING_PROTEINS_IGFBPS,High_Endothelial_Venules,0.5038786185877289,CARD
REACTOME_RESPONSE_TO_ELEVATED_PLATELET_CYTOSOLIC_CA2,High_Endothelial_Venules,0.12085903542484011,CARD
REACTOME_SIGNALING_BY_GPCR,High_Endothelial_Venules,0.8747251046152038,CARD
REACTOME_TERMINAL_PATHWAY_OF_COMPLEMENT,High_Endothelial_Venules,0.8614808716728637,CARD
REACTOME_TRANSPORT_OF_GAMMA_CARBOXYLATED_PROTEIN_PRECURSORS_FROM_THE_ENDOPLASMIC_RETICULUM_TO_THE_GOLGI_APPARATUS,High_Endothelial_Venules,0.11551703723801536,CARD
REACTOME_TRANSPORT_TO_THE_GOLGI_AND_SUBSEQUENT_MODIFICATION,High_Endothelial_Venules,0.12085903542484011,CARD
REACTOME_VESICLE_MEDIATED_TRANSPORT,High_Endothelial_Venules,0.12085903542484011,CARD
REACTOME_ACTIVATION_OF_C3_AND_C5,Cytotoxic_IFN_signaling,0.8684131781919193,CARD
REACTOME_ADAPTIVE_IMMUNE_SYSTEM,Cytotoxic_IFN_signaling,0.8712863947963636,CARD
REACTOME_ALTERNATIVE_COMPLEMENT_ACTIVATION,Cytotoxic_IFN_signaling,0.8712863947963636,CARD
REACTOME_ASPARAGINE_N_LINKED_GLYCOSYLATION,Cytotoxic_IFN_signaling,0.14524723685704072,CARD
REACTOME_CARGO_CONCENTRATION_IN_THE_ER,Cytotoxic_IFN_signaling,0.14524723685704072,CARD
REACTOME_CLASS_A_1_RHODOPSIN_LIKE_RECEPTORS,Cytotoxic_IFN_signaling,0.8712863947963636,CARD
REACTOME_COMMON_PATHWAY_OF_FIBRIN_CLOT_FORMATION,Cytotoxic_IFN_signaling,0.13645575905025842,CARD
REACTOME_COMPLEMENT_CASCADE,Cytotoxic_IFN_signaling,0.8685058393513599,CARD
REACTOME_COPII_MEDIATED_VESICLE_TRANSPORT,Cytotoxic_IFN_signaling,0.14524723685704072,CARD
REACTOME_ER_TO_GOLGI_ANTEROGRADE_TRANSPORT,Cytotoxic_IFN_signaling,0.14524723685704072,CARD
REACTOME_EXTRINSIC_PATHWAY_OF_FIBRIN_CLOT_FORMATION,Cytotoxic_IFN_signaling,0.13637479121725185,CARD
REACTOME_FORMATION_OF_FIBRIN_CLOT_CLOTTING_CASCADE,Cytotoxic_IFN_signaling,0.13700270955198912,CARD
REACTOME_GAMMA_CARBOXYLATION_HYPUSINYLATION_HYDROXYLATION_AND_ARYLSULFATASE_ACTIVATION,Cytotoxic_IFN_signaling,0.13638656346917544,CARD
REACTOME_GAMMA_CARBOXYLATION_OF_PROTEIN_PRECURSORS,Cytotoxic_IFN_signaling,0.1166794972612573,CARD
REACTOME_GAMMA_CARBOXYLATION_TRANSPORT_AND_AMINO_TERMINAL_CLEAVAGE_OF_PROTEINS,Cytotoxic_IFN_signaling,0.1166794972612573,CARD
REACTOME_GPCR_LIGAND_BINDING,Cytotoxic_IFN_signaling,0.8712863947963636,CARD
REACTOME_G_ALPHA_I_SIGNALLING_EVENTS,Cytotoxic_IFN_signaling,0.8712863947963636,CARD
REACTOME_HEMOSTASIS,Cytotoxic_IFN_signaling,0.13700270955198912,CARD
REACTOME_IMMUNE_SYSTEM,Cytotoxic_IFN_signaling,0.8685058393513599,CARD
REACTOME_IMMUNOREGULATORY_INTERACTIONS_BETWEEN_A_LYMPHOID_AND_A_NON_LYMPHOID_CELL,Cytotoxic_IFN_signaling,0.8712863947963636,CARD
REACTOME_INITIAL_TRIGGERING_OF_COMPLEMENT,Cytotoxic_IFN_signaling,0.8684131781919193,CARD
REACTOME_INNATE_IMMUNE_SYSTEM,Cytotoxic_IFN_signaling,0.8685058393513599,CARD
REACTOME_INTRINSIC_PATHWAY_OF_FIBRIN_CLOT_FORMATION,Cytotoxic_IFN_signaling,0.13175155011867004,CARD
REACTOME_MEMBRANE_TRAFFICKING,Cytotoxic_IFN_signaling,0.14524723685704072,CARD
REACTOME_METABOLISM_OF_PROTEINS,Cytotoxic_IFN_signaling,0.2804026765400279,CARD
REACTOME_NEUTROPHIL_DEGRANULATION,Cytotoxic_IFN_signaling,0.8712863947963636,CARD
REACTOME_PEPTIDE_LIGAND_BINDING_RECEPTORS,Cytotoxic_IFN_signaling,0.8712863947963636,CARD
REACTOME_PLATELET_ACTIVATION_SIGNALING_AND_AGGREGATION,Cytotoxic_IFN_signaling,0.14524723685704072,CARD
REACTOME_POST_TRANSLATIONAL_PROTEIN_MODIFICATION,Cytotoxic_IFN_signaling,0.2804026765400279,CARD
REACTOME_REGULATION_OF_INSULIN_LIKE_GROWTH_FACTOR_IGF_TRANSPORT_AND_UPTAKE_BY_INSULIN_LIKE_GROWTH_FACTOR_BINDING_PROTEINS_IGFBPS,Cytotoxic_IFN_signaling,0.4961988536823867,CARD
REACTOME_RESPONSE_TO_ELEVATED_PLATELET_CYTOSOLIC_CA2,Cytotoxic_IFN_signaling,0.14524723685704072,CARD
REACTOME_SIGNALING_BY_GPCR,Cytotoxic_IFN_signaling,0.8712863947963636,CARD
REACTOME_TERMINAL_PATHWAY_OF_COMPLEMENT,Cytotoxic_IFN_signaling,0.8680078771799287,CARD
REACTOME_TRANSPORT_OF_GAMMA_CARBOXYLATED_PROTEIN_PRECURSORS_FROM_THE_ENDOPLASMIC_RETICULUM_TO_THE_GOLGI_APPARATUS,Cytotoxic_IFN_signaling,0.1166794972612573,CARD
REACTOME_TRANSPORT_TO_THE_GOLGI_AND_SUBSEQUENT_MODIFICATION,Cytotoxic_IFN_signaling,0.14524723685704072,CARD
REACTOME_VESICLE_MEDIATED_TRANSPORT,Cytotoxic_IFN_signaling,0.14524723685704072,CARD
REACTOME_ACTIVATION_OF_C3_AND_C5,T_cell,0.8607357559801856,CARD
REACTOME_ADAPTIVE_IMMUNE_SYSTEM,T_cell,0.8591850214766525,CARD
REACTOME_ALTERNATIVE_COMPLEMENT_ACTIVATION,T_cell,0.8591850214766525,CARD
REACTOME_ASPARAGINE_N_LINKED_GLYCOSYLATION,T_cell,0.1144676326943605,CARD
REACTOME_CARGO_CONCENTRATION_IN_THE_ER,T_cell,0.1144676326943605,CARD
REACTOME_CLASS_A_1_RHODOPSIN_LIKE_RECEPTORS,T_cell,0.8591850214766525,CARD
REACTOME_COMMON_PATHWAY_OF_FIBRIN_CLOT_FORMATION,T_cell,0.11471920890168849,CARD
REACTOME_COMPLEMENT_CASCADE,T_cell,0.8754711423889705,CARD
REACTOME_COPII_MEDIATED_VESICLE_TRANSPORT,T_cell,0.1144676326943605,CARD
REACTOME_ER_TO_GOLGI_ANTEROGRADE_TRANSPORT,T_cell,0.1144676326943605,CARD
REACTOME_EXTRINSIC_PATHWAY_OF_FIBRIN_CLOT_FORMATION,T_cell,0.1146956259622495,CARD
REACTOME_FORMATION_OF_FIBRIN_CLOT_CLOTTING_CASCADE,T_cell,0.114683931474587,CARD
REACTOME_GAMMA_CARBOXYLATION_HYPUSINYLATION_HYDROXYLATION_AND_ARYLSULFATASE_ACTIVATION,T_cell,0.1146484600833715,CARD
REACTOME_GAMMA_CARBOXYLATION_OF_PROTEIN_PRECURSORS,T_cell,0.1147506181892785,CARD
REACTOME_GAMMA_CARBOXYLATION_TRANSPORT_AND_AMINO_TERMINAL_CLEAVAGE_OF_PROTEINS,T_cell,0.1147506181892785,CARD
REACTOME_GPCR_LIGAND_BINDING,T_cell,0.8591850214766525,CARD
REACTOME_G_ALPHA_I_SIGNALLING_EVENTS,T_cell,0.8591850214766525,CARD
REACTOME_HEMOSTASIS,T_cell,0.114683931474587,CARD
REACTOME_IMMUNE_SYSTEM,T_cell,0.8754711423889705,CARD
REACTOME_IMMUNOREGULATORY_INTERACTIONS_BETWEEN_A_LYMPHOID_AND_A_NON_LYMPHOID_CELL,T_cell,0.8591850214766525,CARD
REACTOME_INITIAL_TRIGGERING_OF_COMPLEMENT,T_cell,0.8607357559801856,CARD
REACTOME_INNATE_IMMUNE_SYSTEM,T_cell,0.8754711423889705,CARD
REACTOME_INTRINSIC_PATHWAY_OF_FIBRIN_CLOT_FORMATION,T_cell,0.11474086089068,CARD
REACTOME_MEMBRANE_TRAFFICKING,T_cell,0.1144676326943605,CARD
REACTOME_METABOLISM_OF_PROTEINS,T_cell,0.2635575623002565,CARD
REACTOME_NEUTROPHIL_DEGRANULATION,T_cell,0.8591850214766525,CARD
REACTOME_PEPTIDE_LIGAND_BINDING_RECEPTORS,T_cell,0.8591850214766525,CARD
REACTOME_PLATELET_ACTIVATION_SIGNALING_AND_AGGREGATION,T_cell,0.1144676326943605,CARD
REACTOME_POST_TRANSLATIONAL_PROTEIN_MODIFICATION,T_cell,0.2635575623002565,CARD
REACTOME_REGULATION_OF_INSULIN_LIKE_GROWTH_FACTOR_IGF_TRANSPORT_AND_UPTAKE_BY_INSULIN_LIKE_GROWTH_FACTOR_BINDING_PROTEINS_IGFBPS,T_cell,0.4868588574131135,CARD
REACTOME_RESPONSE_TO_ELEVATED_PLATELET_CYTOSOLIC_CA2,T_cell,0.1144676326943605,CARD
REACTOME_SIGNALING_BY_GPCR,T_cell,0.8591850214766525,CARD
REACTOME_TERMINAL_PATHWAY_OF_COMPLEMENT,T_cell,0.8845239856433464,CARD
REACTOME_TRANSPORT_OF_GAMMA_CARBOXYLATED_PROTEIN_PRECURSORS_FROM_THE_ENDOPLASMIC_RETICULUM_TO_THE_GOLGI_APPARATUS,T_cell,0.1147506181892785,CARD
REACTOME_TRANSPORT_TO_THE_GOLGI_AND_SUBSEQUENT_MODIFICATION,T_cell,0.1144676326943605,CARD
REACTOME_VESICLE_MEDIATED_TRANSPORT,T_cell,0.1144676326943605,CARD
REACTOME_ACTIVATION_OF_C3_AND_C5,Fibroblasts,0.8745441913296901,SingleR
REACTOME_ADAPTIVE_IMMUNE_SYSTEM,Fibroblasts,0.883896673178043,SingleR
REACTOME_ALTERNATIVE_COMPLEMENT_ACTIVATION,Fibroblasts,0.883896673178043,SingleR
REACTOME_ASPARAGINE_N_LINKED_GLYCOSYLATION,Fibroblasts,0.1189930432177277,SingleR
REACTOME_CARGO_CONCENTRATION_IN_THE_ER,Fibroblasts,0.1189930432177277,SingleR
REACTOME_CLASS_A_1_RHODOPSIN_LIKE_RECEPTORS,Fibroblasts,0.883896673178043,SingleR
REACTOME_COMMON_PATHWAY_OF_FIBRIN_CLOT_FORMATION,Fibroblasts,0.11744612112003919,SingleR
REACTOME_COMPLEMENT_CASCADE,Fibroblasts,0.8634912772417018,SingleR
REACTOME_COPII_MEDIATED_VESICLE_TRANSPORT,Fibroblasts,0.1189930432177277,SingleR
REACTOME_ER_TO_GOLGI_ANTEROGRADE_TRANSPORT,Fibroblasts,0.1189930432177277,SingleR
REACTOME_EXTRINSIC_PATHWAY_OF_FIBRIN_CLOT_FORMATION,Fibroblasts,0.11795238257561891,SingleR
REACTOME_FORMATION_OF_FIBRIN_CLOT_CLOTTING_CASCADE,Fibroblasts,0.11837909790450653,SingleR
REACTOME_GAMMA_CARBOXYLATION_HYPUSINYLATION_HYDROXYLATION_AND_ARYLSULFATASE_ACTIVATION,Fibroblasts,0.11472005296949296,SingleR
REACTOME_GAMMA_CARBOXYLATION_OF_PROTEIN_PRECURSORS,Fibroblasts,0.11308314345353764,SingleR
REACTOME_GAMMA_CARBOXYLATION_TRANSPORT_AND_AMINO_TERMINAL_CLEAVAGE_OF_PROTEINS,Fibroblasts,0.11308314345353764,SingleR
REACTOME_GPCR_LIGAND_BINDING,Fibroblasts,0.883896673178043,SingleR
REACTOME_G_ALPHA_I_SIGNALLING_EVENTS,Fibroblasts,0.883896673178043,SingleR
REACTOME_HEMOSTASIS,Fibroblasts,0.11837909790450653,SingleR
REACTOME_IMMUNE_SYSTEM,Fibroblasts,0.8634912772417018,SingleR
REACTOME_IMMUNOREGULATORY_INTERACTIONS_BETWEEN_A_LYMPHOID_AND_A_NON_LYMPHOID_CELL,Fibroblasts,0.883896673178043,SingleR
REACTOME_INITIAL_TRIGGERING_OF_COMPLEMENT,Fibroblasts,0.8745441913296901,SingleR
REACTOME_INNATE_IMMUNE_SYSTEM,Fibroblasts,0.8634912772417018,SingleR
REACTOME_INTRINSIC_PATHWAY_OF_FIBRIN_CLOT_FORMATION,Fibroblasts,0.11531473858037977,SingleR
REACTOME_MEMBRANE_TRAFFICKING,Fibroblasts,0.1189930432177277,SingleR
REACTOME_METABOLISM_OF_PROTEINS,Fibroblasts,0.2742341190075808,SingleR
REACTOME_NEUTROPHIL_DEGRANULATION,Fibroblasts,0.883896673178043,SingleR
REACTOME_PEPTIDE_LIGAND_BINDING_RECEPTORS,Fibroblasts,0.883896673178043,SingleR
REACTOME_PLATELET_ACTIVATION_SIGNALING_AND_AGGREGATION,Fibroblasts,0.1189930432177277,SingleR
REACTOME_POST_TRANSLATIONAL_PROTEIN_MODIFICATION,Fibroblasts,0.2742341190075808,SingleR
REACTOME_REGULATION_OF_INSULIN_LIKE_GROWTH_FACTOR_IGF_TRANSPORT_AND_UPTAKE_BY_INSULIN_LIKE_GROWTH_FACTOR_BINDING_PROTEINS_IGFBPS,Fibroblasts,0.5084988756336593,SingleR
REACTOME_RESPONSE_TO_ELEVATED_PLATELET_CYTOSOLIC_CA2,Fibroblasts,0.1189930432177277,SingleR
REACTOME_SIGNALING_BY_GPCR,Fibroblasts,0.883896673178043,SingleR
REACTOME_TERMINAL_PATHWAY_OF_COMPLEMENT,Fibroblasts,0.8553150692653037,SingleR
REACTOME_TRANSPORT_OF_GAMMA_CARBOXYLATED_PROTEIN_PRECURSORS_FROM_THE_ENDOPLASMIC_RETICULUM_TO_THE_GOLGI_APPARATUS,Fibroblasts,0.11308314345353764,SingleR
REACTOME_TRANSPORT_TO_THE_GOLGI_AND_SUBSEQUENT_MODIFICATION,Fibroblasts,0.1189930432177277,SingleR
REACTOME_VESICLE_MEDIATED_TRANSPORT,Fibroblasts,0.1189930432177277,SingleR
REACTOME_ACTIVATION_OF_C3_AND_C5,M1_macrophages,0.8723307444676189,SingleR
REACTOME_ADAPTIVE_IMMUNE_SYSTEM,M1_macrophages,0.878925345513659,SingleR
REACTOME_ALTERNATIVE_COMPLEMENT_ACTIVATION,M1_macrophages,0.878925345513659,SingleR
REACTOME_ASPARAGINE_N_LINKED_GLYCOSYLATION,M1_macrophages,0.11715594219321573,SingleR
REACTOME_CARGO_CONCENTRATION_IN_THE_ER,M1_macrophages,0.11715594219321573,SingleR
REACTOME_CLASS_A_1_RHODOPSIN_LIKE_RECEPTORS,M1_macrophages,0.878925345513659,SingleR
REACTOME_COMMON_PATHWAY_OF_FIBRIN_CLOT_FORMATION,M1_macrophages,0.1164864344805779,SingleR
REACTOME_COMPLEMENT_CASCADE,M1_macrophages,0.8627882097306386,SingleR
REACTOME_COPII_MEDIATED_VESICLE_TRANSPORT,M1_macrophages,0.11715594219321573,SingleR
REACTOME_ER_TO_GOLGI_ANTEROGRADE_TRANSPORT,M1_macrophages,0.11715594219321573,SingleR
REACTOME_EXTRINSIC_PATHWAY_OF_FIBRIN_CLOT_FORMATION,M1_macrophages,0.11487726299005646,SingleR
REACTOME_FORMATION_OF_FIBRIN_CLOT_CLOTTING_CASCADE,M1_macrophages,0.11547645807762846,SingleR
REACTOME_GAMMA_CARBOXYLATION_HYPUSINYLATION_HYDROXYLATION_AND_ARYLSULFATASE_ACTIVATION,M1_macrophages,0.11588989982405976,SingleR
REACTOME_GAMMA_CARBOXYLATION_OF_PROTEIN_PRECURSORS,M1_macrophages,0.11358852627913564,SingleR
REACTOME_GAMMA_CARBOXYLATION_TRANSPORT_AND_AMINO_TERMINAL_CLEAVAGE_OF_PROTEINS,M1_macrophages,0.11358852627913564,SingleR
REACTOME_GPCR_LIGAND_BINDING,M1_macrophages,0.878925345513659,SingleR
REACTOME_G_ALPHA_I_SIGNALLING_EVENTS,M1_macrophages,0.878925345513659,SingleR
REACTOME_HEMOSTASIS,M1_macrophages,0.11547645807762846,SingleR
REACTOME_IMMUNE_SYSTEM,M1_macrophages,0.8627882097306386,SingleR
REACTOME_IMMUNOREGULATORY_INTERACTIONS_BETWEEN_A_LYMPHOID_AND_A_NON_LYMPHOID_CELL,M1_macrophages,0.878925345513659,SingleR
REACTOME_INITIAL_TRIGGERING_OF_COMPLEMENT,M1_macrophages,0.8723307444676189,SingleR
REACTOME_INNATE_IMMUNE_SYSTEM,M1_macrophages,0.8627882097306386,SingleR
REACTOME_INTRINSIC_PATHWAY_OF_FIBRIN_CLOT_FORMATION,M1_macrophages,0.11522497522441218,SingleR
REACTOME_MEMBRANE_TRAFFICKING,M1_macrophages,0.11715594219321573,SingleR
REACTOME_METABOLISM_OF_PROTEINS,M1_macrophages,0.2718201217277174,SingleR
REACTOME_NEUTROPHIL_DEGRANULATION,M1_macrophages,0.878925345513659,SingleR
REACTOME_PEPTIDE_LIGAND_BINDING_RECEPTORS,M1_macrophages,0.878925345513659,SingleR
REACTOME_PLATELET_ACTIVATION_SIGNALING_AND_AGGREGATION,M1_macrophages,0.11715594219321573,SingleR
REACTOME_POST_TRANSLATIONAL_PROTEIN_MODIFICATION,M1_macrophages,0.2718201217277174,SingleR
REACTOME_REGULATION_OF_INSULIN_LIKE_GROWTH_FACTOR_IGF_TRANSPORT_AND_UPTAKE_BY_INSULIN_LIKE_GROWTH_FACTOR_BINDING_PROTEINS_IGFBPS,M1_macrophages,0.5019214848900971,SingleR
REACTOME_RESPONSE_TO_ELEVATED_PLATELET_CYTOSOLIC_CA2,M1_macrophages,0.11715594219321573,SingleR
REACTOME_SIGNALING_BY_GPCR,M1_macrophages,0.878925345513659,SingleR
REACTOME_TERMINAL_PATHWAY_OF_COMPLEMENT,M1_macrophages,0.8557171562087247,SingleR
REACTOME_TRANSPORT_OF_GAMMA_CARBOXYLATED_PROTEIN_PRECURSORS_FROM_THE_ENDOPLASMIC_RETICULUM_TO_THE_GOLGI_APPARATUS,M1_macrophages,0.11358852627913564,SingleR
REACTOME_TRANSPORT_TO_THE_GOLGI_AND_SUBSEQUENT_MODIFICATION,M1_macrophages,0.11715594219321573,SingleR
REACTOME_VESICLE_MEDIATED_TRANSPORT,M1_macrophages,0.11715594219321573,SingleR
REACTOME_ACTIVATION_OF_C3_AND_C5,CAF,0.8659873670826063,SingleR
REACTOME_ADAPTIVE_IMMUNE_SYSTEM,CAF,0.8705319260855086,SingleR
REACTOME_ALTERNATIVE_COMPLEMENT_ACTIVATION,CAF,0.8705319260855086,SingleR
REACTOME_ASPARAGINE_N_LINKED_GLYCOSYLATION,CAF,0.11726044247556146,SingleR
REACTOME_CARGO_CONCENTRATION_IN_THE_ER,CAF,0.11726044247556146,SingleR
REACTOME_CLASS_A_1_RHODOPSIN_LIKE_RECEPTORS,CAF,0.8705319260855086,SingleR
REACTOME_COMMON_PATHWAY_OF_FIBRIN_CLOT_FORMATION,CAF,0.11544963991431911,SingleR
REACTOME_COMPLEMENT_CASCADE,CAF,0.8573919505870773,SingleR
REACTOME_COPII_MEDIATED_VESICLE_TRANSPORT,CAF,0.11726044247556146,SingleR
REACTOME_ER_TO_GOLGI_ANTEROGRADE_TRANSPORT,CAF,0.11726044247556146,SingleR
REACTOME_EXTRINSIC_PATHWAY_OF_FIBRIN_CLOT_FORMATION,CAF,0.11552893027655696,SingleR
REACTOME_FORMATION_OF_FIBRIN_CLOT_CLOTTING_CASCADE,CAF,0.11688054639813061,SingleR
REACTOME_GAMMA_CARBOXYLATION_HYPUSINYLATION_HYDROXYLATION_AND_ARYLSULFATASE_ACTIVATION,CAF,0.11314468380820325,SingleR
REACTOME_GAMMA_CARBOXYLATION_OF_PROTEIN_PRECURSORS,CAF,0.11010941053277501,SingleR
REACTOME_GAMMA_CARBOXYLATION_TRANSPORT_AND_AMINO_TERMINAL_CLEAVAGE_OF_PROTEINS,CAF,0.11010941053277501,SingleR
REACTOME_GPCR_LIGAND_BINDING,CAF,0.8705319260855086,SingleR
REACTOME_G_ALPHA_I_SIGNALLING_EVENTS,CAF,0.8705319260855086,SingleR
REACTOME_HEMOSTASIS,CAF,0.11688054639813061,SingleR
REACTOME_IMMUNE_SYSTEM,CAF,0.8573919505870773,SingleR
REACTOME_IMMUNOREGULATORY_INTERACTIONS_BETWEEN_A_LYMPHOID_AND_A_NON_LYMPHOID_CELL,CAF,0.8705319260855086,SingleR
REACTOME_INITIAL_TRIGGERING_OF_COMPLEMENT,CAF,0.8659873670826063,SingleR
REACTOME_INNATE_IMMUNE_SYSTEM,CAF,0.8573919505870773,SingleR
REACTOME_INTRINSIC_PATHWAY_OF_FIBRIN_CLOT_FORMATION,CAF,0.11449618366754513,SingleR
REACTOME_MEMBRANE_TRAFFICKING,CAF,0.11726044247556146,SingleR
REACTOME_METABOLISM_OF_PROTEINS,CAF,0.26815379708221265,SingleR
REACTOME_NEUTROPHIL_DEGRANULATION,CAF,0.8705319260855086,SingleR
REACTOME_PEPTIDE_LIGAND_BINDING_RECEPTORS,CAF,0.8705319260855086,SingleR
REACTOME_PLATELET_ACTIVATION_SIGNALING_AND_AGGREGATION,CAF,0.11726044247556146,SingleR
REACTOME_POST_TRANSLATIONAL_PROTEIN_MODIFICATION,CAF,0.26815379708221265,SingleR
REACTOME_REGULATION_OF_INSULIN_LIKE_GROWTH_FACTOR_IGF_TRANSPORT_AND_UPTAKE_BY_INSULIN_LIKE_GROWTH_FACTOR_BINDING_PROTEINS_IGFBPS,CAF,0.49727332043429795,SingleR
REACTOME_RESPONSE_TO_ELEVATED_PLATELET_CYTOSOLIC_CA2,CAF,0.11726044247556146,SingleR
REACTOME_SIGNALING_BY_GPCR,CAF,0.8705319260855086,SingleR
REACTOME_TERMINAL_PATHWAY_OF_COMPLEMENT,CAF,0.8510415329989793,SingleR
REACTOME_TRANSPORT_OF_GAMMA_CARBOXYLATED_PROTEIN_PRECURSORS_FROM_THE_ENDOPLASMIC_RETICULUM_TO_THE_GOLGI_APPARATUS,CAF,0.11010941053277501,SingleR
REACTOME_TRANSPORT_TO_THE_GOLGI_AND_SUBSEQUENT_MODIFICATION,CAF,0.11726044247556146,SingleR
REACTOME_VESICLE_MEDIATED_TRANSPORT,CAF,0.11726044247556146,SingleR
REACTOME_ACTIVATION_OF_C3_AND_C5,High_Endothelial_Venules,0.8655177082861604,SingleR
REACTOME_ADAPTIVE_IMMUNE_SYSTEM,High_Endothelial_Venules,0.8676812504547387,SingleR
REACTOME_ALTERNATIVE_COMPLEMENT_ACTIVATION,High_Endothelial_Venules,0.8676812504547387,SingleR
REACTOME_ASPARAGINE_N_LINKED_GLYCOSYLATION,High_Endothelial_Venules,0.11861006137213904,SingleR
REACTOME_CARGO_CONCENTRATION_IN_THE_ER,High_Endothelial_Venules,0.11861006137213904,SingleR
REACTOME_CLASS_A_1_RHODOPSIN_LIKE_RECEPTORS,High_Endothelial_Venules,0.8676812504547387,SingleR
REACTOME_COMMON_PATHWAY_OF_FIBRIN_CLOT_FORMATION,High_Endothelial_Venules,0.1173069481825876,SingleR
REACTOME_COMPLEMENT_CASCADE,High_Endothelial_Venules,0.8604861938447852,SingleR
REACTOME_COPII_MEDIATED_VESICLE_TRANSPORT,High_Endothelial_Venules,0.11861006137213904,SingleR
REACTOME_ER_TO_GOLGI_ANTEROGRADE_TRANSPORT,High_Endothelial_Venules,0.11861006137213904,SingleR
REACTOME_EXTRINSIC_PATHWAY_OF_FIBRIN_CLOT_FORMATION,High_Endothelial_Venules,0.11434673364099097,SingleR
REACTOME_FORMATION_OF_FIBRIN_CLOT_CLOTTING_CASCADE,High_Endothelial_Venules,0.11621489489576901,SingleR
REACTOME_GAMMA_CARBOXYLATION_HYPUSINYLATION_HYDROXYLATION_AND_ARYLSULFATASE_ACTIVATION,High_Endothelial_Venules,0.11561175715243913,SingleR
REACTOME_GAMMA_CARBOXYLATION_OF_PROTEIN_PRECURSORS,High_Endothelial_Venules,0.11351586466344223,SingleR
REACTOME_GAMMA_CARBOXYLATION_TRANSPORT_AND_AMINO_TERMINAL_CLEAVAGE_OF_PROTEINS,High_Endothelial_Venules,0.11351586466344223,SingleR
REACTOME_GPCR_LIGAND_BINDING,High_Endothelial_Venules,0.8676812504547387,SingleR
REACTOME_G_ALPHA_I_SIGNALLING_EVENTS,High_Endothelial_Venules,0.8676812504547387,SingleR
REACTOME_HEMOSTASIS,High_Endothelial_Venules,0.11621489489576901,SingleR
REACTOME_IMMUNE_SYSTEM,High_Endothelial_Venules,0.8604861938447852,SingleR
REACTOME_IMMUNOREGULATORY_INTERACTIONS_BETWEEN_A_LYMPHOID_AND_A_NON_LYMPHOID_CELL,High_Endothelial_Venules,0.8676812504547387,SingleR
REACTOME_INITIAL_TRIGGERING_OF_COMPLEMENT,High_Endothelial_Venules,0.8655177082861604,SingleR
REACTOME_INNATE_IMMUNE_SYSTEM,High_Endothelial_Venules,0.8604861938447852,SingleR
REACTOME_INTRINSIC_PATHWAY_OF_FIBRIN_CLOT_FORMATION,High_Endothelial_Venules,0.11576270898252246,SingleR
REACTOME_MEMBRANE_TRAFFICKING,High_Endothelial_Venules,0.11861006137213904,SingleR
REACTOME_METABOLISM_OF_PROTEINS,High_Endothelial_Venules,0.26819889862226504,SingleR
REACTOME_NEUTROPHIL_DEGRANULATION,High_Endothelial_Venules,0.8676812504547387,SingleR
REACTOME_PEPTIDE_LIGAND_BINDING_RECEPTORS,High_Endothelial_Venules,0.8676812504547387,SingleR
REACTOME_PLATELET_ACTIVATION_SIGNALING_AND_AGGREGATION,High_Endothelial_Venules,0.11861006137213904,SingleR
REACTOME_POST_TRANSLATIONAL_PROTEIN_MODIFICATION,High_Endothelial_Venules,0.26819889862226504,SingleR
REACTOME_REGULATION_OF_INSULIN_LIKE_GROWTH_FACTOR_IGF_TRANSPORT_AND_UPTAKE_BY_INSULIN_LIKE_GROWTH_FACTOR_BINDING_PROTEINS_IGFBPS,High_Endothelial_Venules,0.49505674523117593,SingleR
REACTOME_RESPONSE_TO_ELEVATED_PLATELET_CYTOSOLIC_CA2,High_Endothelial_Venules,0.11861006137213904,SingleR
REACTOME_SIGNALING_BY_GPCR,High_Endothelial_Venules,0.8676812504547387,SingleR
REACTOME_TERMINAL_PATHWAY_OF_COMPLEMENT,High_Endothelial_Venules,0.8566811750414395,SingleR
REACTOME_TRANSPORT_OF_GAMMA_CARBOXYLATED_PROTEIN_PRECURSORS_FROM_THE_ENDOPLASMIC_RETICULUM_TO_THE_GOLGI_APPARATUS,High_Endothelial_Venules,0.11351586466344223,SingleR
REACTOME_TRANSPORT_TO_THE_GOLGI_AND_SUBSEQUENT_MODIFICATION,High_Endothelial_Venules,0.11861006137213904,SingleR
REACTOME_VESICLE_MEDIATED_TRANSPORT,High_Endothelial_Venules,0.11861006137213904,SingleR
REACTOME_ACTIVATION_OF_C3_AND_C5,Cytotoxic_IFN_signaling,0.8663012146938415,SingleR
REACTOME_ADAPTIVE_IMMUNE_SYSTEM,Cytotoxic_IFN_signaling,0.8682522247153911,SingleR
REACTOME_ALTERNATIVE_COMPLEMENT_ACTIVATION,Cytotoxic_IFN_signaling,0.8682522247153911,SingleR
REACTOME_ASPARAGINE_N_LINKED_GLYCOSYLATION,Cytotoxic_IFN_signaling,0.12105065833284227,SingleR
REACTOME_CARGO_CONCENTRATION_IN_THE_ER,Cytotoxic_IFN_signaling,0.12105065833284227,SingleR
REACTOME_CLASS_A_1_RHODOPSIN_LIKE_RECEPTORS,Cytotoxic_IFN_signaling,0.8682522247153911,SingleR
REACTOME_COMMON_PATHWAY_OF_FIBRIN_CLOT_FORMATION,Cytotoxic_IFN_signaling,0.11976768899186149,SingleR
REACTOME_COMPLEMENT_CASCADE,Cytotoxic_IFN_signaling,0.8615429101686981,SingleR
REACTOME_COPII_MEDIATED_VESICLE_TRANSPORT,Cytotoxic_IFN_signaling,0.12105065833284227,SingleR
REACTOME_ER_TO_GOLGI_ANTEROGRADE_TRANSPORT,Cytotoxic_IFN_signaling,0.12105065833284227,SingleR
REACTOME_EXTRINSIC_PATHWAY_OF_FIBRIN_CLOT_FORMATION,Cytotoxic_IFN_signaling,0.11659635882512431,SingleR
REACTOME_FORMATION_OF_FIBRIN_CLOT_CLOTTING_CASCADE,Cytotoxic_IFN_signaling,0.11809181215795318,SingleR
REACTOME_GAMMA_CARBOXYLATION_HYPUSINYLATION_HYDROXYLATION_AND_ARYLSULFATASE_ACTIVATION,Cytotoxic_IFN_signaling,0.11718731887340468,SingleR
REACTOME_GAMMA_CARBOXYLATION_OF_PROTEIN_PRECURSORS,Cytotoxic_IFN_signaling,0.11584112972927003,SingleR
REACTOME_GAMMA_CARBOXYLATION_TRANSPORT_AND_AMINO_TERMINAL_CLEAVAGE_OF_PROTEINS,Cytotoxic_IFN_signaling,0.11584112972927003,SingleR
REACTOME_GPCR_LIGAND_BINDING,Cytotoxic_IFN_signaling,0.8682522247153911,SingleR
REACTOME_G_ALPHA_I_SIGNALLING_EVENTS,Cytotoxic_IFN_signaling,0.8682522247153911,SingleR
REACTOME_HEMOSTASIS,Cytotoxic_IFN_signaling,0.11809181215795318,SingleR
REACTOME_IMMUNE_SYSTEM,Cytotoxic_IFN_signaling,0.8615429101686981,SingleR
REACTOME_IMMUNOREGULATORY_INTERACTIONS_BETWEEN_A_LYMPHOID_AND_A_NON_LYMPHOID_CELL,Cytotoxic_IFN_signaling,0.8682522247153911,SingleR
REACTOME_INITIAL_TRIGGERING_OF_COMPLEMENT,Cytotoxic_IFN_signaling,0.8663012146938415,SingleR
REACTOME_INNATE_IMMUNE_SYSTEM,Cytotoxic_IFN_signaling,0.8615429101686981,SingleR
REACTOME_INTRINSIC_PATHWAY_OF_FIBRIN_CLOT_FORMATION,Cytotoxic_IFN_signaling,0.11682375377262248,SingleR
REACTOME_MEMBRANE_TRAFFICKING,Cytotoxic_IFN_signaling,0.12105065833284227,SingleR
REACTOME_METABOLISM_OF_PROTEINS,Cytotoxic_IFN_signaling,0.2699098656874338,SingleR
REACTOME_NEUTROPHIL_DEGRANULATION,Cytotoxic_IFN_signaling,0.8682522247153911,SingleR
REACTOME_PEPTIDE_LIGAND_BINDING_RECEPTORS,Cytotoxic_IFN_signaling,0.8682522247153911,SingleR
REACTOME_PLATELET_ACTIVATION_SIGNALING_AND_AGGREGATION,Cytotoxic_IFN_signaling,0.12105065833284227,SingleR
REACTOME_POST_TRANSLATIONAL_PROTEIN_MODIFICATION,Cytotoxic_IFN_signaling,0.2699098656874338,SingleR
REACTOME_REGULATION_OF_INSULIN_LIKE_GROWTH_FACTOR_IGF_TRANSPORT_AND_UPTAKE_BY_INSULIN_LIKE_GROWTH_FACTOR_BINDING_PROTEINS_IGFBPS,Cytotoxic_IFN_signaling,0.4972174296127721,SingleR
REACTOME_RESPONSE_TO_ELEVATED_PLATELET_CYTOSOLIC_CA2,Cytotoxic_IFN_signaling,0.12105065833284227,SingleR
REACTOME_SIGNALING_BY_GPCR,Cytotoxic_IFN_signaling,0.8682522247153911,SingleR
REACTOME_TERMINAL_PATHWAY_OF_COMPLEMENT,Cytotoxic_IFN_signaling,0.8580185508732465,SingleR
REACTOME_TRANSPORT_OF_GAMMA_CARBOXYLATED_PROTEIN_PRECURSORS_FROM_THE_ENDOPLASMIC_RETICULUM_TO_THE_GOLGI_APPARATUS,Cytotoxic_IFN_signaling,0.11584112972927003,SingleR
REACTOME_TRANSPORT_TO_THE_GOLGI_AND_SUBSEQUENT_MODIFICATION,Cytotoxic_IFN_signaling,0.12105065833284227,SingleR
REACTOME_VESICLE_MEDIATED_TRANSPORT,Cytotoxic_IFN_signaling,0.12105065833284227,SingleR
REACTOME_ACTIVATION_OF_C3_AND_C5,Macrophages,0.8665030493903372,SingleR
REACTOME_ADAPTIVE_IMMUNE_SYSTEM,Macrophages,0.8676512958736958,SingleR
REACTOME_ALTERNATIVE_COMPLEMENT_ACTIVATION,Macrophages,0.8676512958736958,SingleR
REACTOME_ASPARAGINE_N_LINKED_GLYCOSYLATION,Macrophages,0.12094203463535017,SingleR
REACTOME_CARGO_CONCENTRATION_IN_THE_ER,Macrophages,0.12094203463535017,SingleR
REACTOME_CLASS_A_1_RHODOPSIN_LIKE_RECEPTORS,Macrophages,0.8676512958736958,SingleR
REACTOME_COMMON_PATHWAY_OF_FIBRIN_CLOT_FORMATION,Macrophages,0.12026055102227243,SingleR
REACTOME_COMPLEMENT_CASCADE,Macrophages,0.8618952151504752,SingleR
REACTOME_COPII_MEDIATED_VESICLE_TRANSPORT,Macrophages,0.12094203463535017,SingleR
REACTOME_ER_TO_GOLGI_ANTEROGRADE_TRANSPORT,Macrophages,0.12094203463535017,SingleR
REACTOME_EXTRINSIC_PATHWAY_OF_FIBRIN_CLOT_FORMATION,Macrophages,0.11698624771476096,SingleR
REACTOME_FORMATION_OF_FIBRIN_CLOT_CLOTTING_CASCADE,Macrophages,0.118503534215077,SingleR
REACTOME_GAMMA_CARBOXYLATION_HYPUSINYLATION_HYDROXYLATION_AND_ARYLSULFATASE_ACTIVATION,Macrophages,0.11754759134058909,SingleR
REACTOME_GAMMA_CARBOXYLATION_OF_PROTEIN_PRECURSORS,Macrophages,0.11648750701494381,SingleR
REACTOME_GAMMA_CARBOXYLATION_TRANSPORT_AND_AMINO_TERMINAL_CLEAVAGE_OF_PROTEINS,Macrophages,0.11648750701494381,SingleR
REACTOME_GPCR_LIGAND_BINDING,Macrophages,0.8676512958736958,SingleR
REACTOME_G_ALPHA_I_SIGNALLING_EVENTS,Macrophages,0.8676512958736958,SingleR
REACTOME_HEMOSTASIS,Macrophages,0.118503534215077,SingleR
REACTOME_IMMUNE_SYSTEM,Macrophages,0.8618952151504752,SingleR
REACTOME_IMMUNOREGULATORY_INTERACTIONS_BETWEEN_A_LYMPHOID_AND_A_NON_LYMPHOID_CELL,Macrophages,0.8676512958736958,SingleR
REACTOME_INITIAL_TRIGGERING_OF_COMPLEMENT,Macrophages,0.8665030493903372,SingleR
REACTOME_INNATE_IMMUNE_SYSTEM,Macrophages,0.8618952151504752,SingleR
REACTOME_INTRINSIC_PATHWAY_OF_FIBRIN_CLOT_FORMATION,Macrophages,0.11747346588612177,SingleR
REACTOME_MEMBRANE_TRAFFICKING,Macrophages,0.12094203463535017,SingleR
REACTOME_METABOLISM_OF_PROTEINS,Macrophages,0.2699471855143988,SingleR
REACTOME_NEUTROPHIL_DEGRANULATION,Macrophages,0.8676512958736958,SingleR
REACTOME_PEPTIDE_LIGAND_BINDING_RECEPTORS,Macrophages,0.8676512958736958,SingleR
REACTOME_PLATELET_ACTIVATION_SIGNALING_AND_AGGREGATION,Macrophages,0.12094203463535017,SingleR
REACTOME_POST_TRANSLATIONAL_PROTEIN_MODIFICATION,Macrophages,0.2699471855143988,SingleR
REACTOME_REGULATION_OF_INSULIN_LIKE_GROWTH_FACTOR_IGF_TRANSPORT_AND_UPTAKE_BY_INSULIN_LIKE_GROWTH_FACTOR_BINDING_PROTEINS_IGFBPS,Macrophages,0.4967306445540314,SingleR
REACTOME_RESPONSE_TO_ELEVATED_PLATELET_CYTOSOLIC_CA2,Macrophages,0.12094203463535017,SingleR
REACTOME_SIGNALING_BY_GPCR,Macrophages,0.8676512958736958,SingleR
REACTOME_TERMINAL_PATHWAY_OF_COMPLEMENT,Macrophages,0.8584491100805148,SingleR
REACTOME_TRANSPORT_OF_GAMMA_CARBOXYLATED_PROTEIN_PRECURSORS_FROM_THE_ENDOPLASMIC_RETICULUM_TO_THE_GOLGI_APPARATUS,Macrophages,0.11648750701494381,SingleR
REACTOME_TRANSPORT_TO_THE_GOLGI_AND_SUBSEQUENT_MODIFICATION,Macrophages,0.12094203463535017,SingleR
REACTOME_VESICLE_MEDIATED_TRANSPORT,Macrophages,0.12094203463535017,SingleR
REACTOME_ACTIVATION_OF_C3_AND_C5,Plasma_IgG,0.8685900145338875,SingleR
REACTOME_ADAPTIVE_IMMUNE_SYSTEM,Plasma_IgG,0.871248715768327,SingleR
REACTOME_ALTERNATIVE_COMPLEMENT_ACTIVATION,Plasma_IgG,0.871248715768327,SingleR
REACTOME_ASPARAGINE_N_LINKED_GLYCOSYLATION,Plasma_IgG,0.11957244916308978,SingleR
REACTOME_CARGO_CONCENTRATION_IN_THE_ER,Plasma_IgG,0.11957244916308978,SingleR
REACTOME_CLASS_A_1_RHODOPSIN_LIKE_RECEPTORS,Plasma_IgG,0.871248715768327,SingleR
REACTOME_COMMON_PATHWAY_OF_FIBRIN_CLOT_FORMATION,Plasma_IgG,0.1187708392967111,SingleR
REACTOME_COMPLEMENT_CASCADE,Plasma_IgG,0.8622979357333835,SingleR
REACTOME_COPII_MEDIATED_VESICLE_TRANSPORT,Plasma_IgG,0.11957244916308978,SingleR
REACTOME_ER_TO_GOLGI_ANTEROGRADE_TRANSPORT,Plasma_IgG,0.11957244916308978,SingleR
REACTOME_EXTRINSIC_PATHWAY_OF_FIBRIN_CLOT_FORMATION,Plasma_IgG,0.11662883786025705,SingleR
REACTOME_FORMATION_OF_FIBRIN_CLOT_CLOTTING_CASCADE,Plasma_IgG,0.11823449554828465,SingleR
REACTOME_GAMMA_CARBOXYLATION_HYPUSINYLATION_HYDROXYLATION_AND_ARYLSULFATASE_ACTIVATION,Plasma_IgG,0.11718097561957354,SingleR
REACTOME_GAMMA_CARBOXYLATION_OF_PROTEIN_PRECURSORS,Plasma_IgG,0.11522284343642268,SingleR
REACTOME_GAMMA_CARBOXYLATION_TRANSPORT_AND_AMINO_TERMINAL_CLEAVAGE_OF_PROTEINS,Plasma_IgG,0.11522284343642268,SingleR
REACTOME_GPCR_LIGAND_BINDING,Plasma_IgG,0.871248715768327,SingleR
REACTOME_G_ALPHA_I_SIGNALLING_EVENTS,Plasma_IgG,0.871248715768327,SingleR
REACTOME_HEMOSTASIS,Plasma_IgG,0.11823449554828465,SingleR
REACTOME_IMMUNE_SYSTEM,Plasma_IgG,0.8622979357333835,SingleR
REACTOME_IMMUNOREGULATORY_INTERACTIONS_BETWEEN_A_LYMPHOID_AND_A_NON_LYMPHOID_CELL,Plasma_IgG,0.871248715768327,SingleR
REACTOME_INITIAL_TRIGGERING_OF_COMPLEMENT,Plasma_IgG,0.8685900145338875,SingleR
REACTOME_INNATE_IMMUNE_SYSTEM,Plasma_IgG,0.8622979357333835,SingleR
REACTOME_INTRINSIC_PATHWAY_OF_FIBRIN_CLOT_FORMATION,Plasma_IgG,0.11774118674793808,SingleR
REACTOME_MEMBRANE_TRAFFICKING,Plasma_IgG,0.11957244916308978,SingleR
REACTOME_METABOLISM_OF_PROTEINS,Plasma_IgG,0.27042501164483684,SingleR
REACTOME_NEUTROPHIL_DEGRANULATION,Plasma_IgG,0.871248715768327,SingleR
REACTOME_PEPTIDE_LIGAND_BINDING_RECEPTORS,Plasma_IgG,0.871248715768327,SingleR
REACTOME_PLATELET_ACTIVATION_SIGNALING_AND_AGGREGATION,Plasma_IgG,0.11957244916308978,SingleR
REACTOME_POST_TRANSLATIONAL_PROTEIN_MODIFICATION,Plasma_IgG,0.27042501164483684,SingleR
REACTOME_REGULATION_OF_INSULIN_LIKE_GROWTH_FACTOR_IGF_TRANSPORT_AND_UPTAKE_BY_INSULIN_LIKE_GROWTH_FACTOR_BINDING_PROTEINS_IGFBPS,Plasma_IgG,0.49786587103978436,SingleR
REACTOME_RESPONSE_TO_ELEVATED_PLATELET_CYTOSOLIC_CA2,Plasma_IgG,0.11957244916308978,SingleR
REACTOME_SIGNALING_BY_GPCR,Plasma_IgG,0.871248715768327,SingleR
REACTOME_TERMINAL_PATHWAY_OF_COMPLEMENT,Plasma_IgG,0.8575904641199676,SingleR
REACTOME_TRANSPORT_OF_GAMMA_CARBOXYLATED_PROTEIN_PRECURSORS_FROM_THE_ENDOPLASMIC_RETICULUM_TO_THE_GOLGI_APPARATUS,Plasma_IgG,0.11522284343642268,SingleR
REACTOME_TRANSPORT_TO_THE_GOLGI_AND_SUBSEQUENT_MODIFICATION,Plasma_IgG,0.11957244916308978,SingleR
REACTOME_VESICLE_MEDIATED_TRANSPORT,Plasma_IgG,0.11957244916308978,SingleR
REACTOME_ACTIVATION_OF_C3_AND_C5,Plasma_IgA,0.8683896516117349,SingleR
REACTOME_ADAPTIVE_IMMUNE_SYSTEM,Plasma_IgA,0.871350159221983,SingleR
REACTOME_ALTERNATIVE_COMPLEMENT_ACTIVATION,Plasma_IgA,0.871350159221983,SingleR
REACTOME_ASPARAGINE_N_LINKED_GLYCOSYLATION,Plasma_IgA,0.11500397151303501,SingleR
REACTOME_CARGO_CONCENTRATION_IN_THE_ER,Plasma_IgA,0.11500397151303501,SingleR
REACTOME_CLASS_A_1_RHODOPSIN_LIKE_RECEPTORS,Plasma_IgA,0.871350159221983,SingleR
REACTOME_COMMON_PATHWAY_OF_FIBRIN_CLOT_FORMATION,Plasma_IgA,0.11504408462283662,SingleR
REACTOME_COMPLEMENT_CASCADE,Plasma_IgA,0.8626190383159554,SingleR
REACTOME_COPII_MEDIATED_VESICLE_TRANSPORT,Plasma_IgA,0.11500397151303501,SingleR
REACTOME_ER_TO_GOLGI_ANTEROGRADE_TRANSPORT,Plasma_IgA,0.11500397151303501,SingleR
REACTOME_EXTRINSIC_PATHWAY_OF_FIBRIN_CLOT_FORMATION,Plasma_IgA,0.11594496426890975,SingleR
REACTOME_FORMATION_OF_FIBRIN_CLOT_CLOTTING_CASCADE,Plasma_IgA,0.11621359000074152,SingleR
REACTOME_GAMMA_CARBOXYLATION_HYPUSINYLATION_HYDROXYLATION_AND_ARYLSULFATASE_ACTIVATION,Plasma_IgA,0.1149734044572845,SingleR
REACTOME_GAMMA_CARBOXYLATION_OF_PROTEIN_PRECURSORS,Plasma_IgA,0.11461393580651698,SingleR
REACTOME_GAMMA_CARBOXYLATION_TRANSPORT_AND_AMINO_TERMINAL_CLEAVAGE_OF_PROTEINS,Plasma_IgA,0.11461393580651698,SingleR
REACTOME_GPCR_LIGAND_BINDING,Plasma_IgA,0.871350159221983,SingleR
REACTOME_G_ALPHA_I_SIGNALLING_EVENTS,Plasma_IgA,0.871350159221983,SingleR
REACTOME_HEMOSTASIS,Plasma_IgA,0.11621359000074152,SingleR
REACTOME_IMMUNE_SYSTEM,Plasma_IgA,0.8626190383159554,SingleR
REACTOME_IMMUNOREGULATORY_INTERACTIONS_BETWEEN_A_LYMPHOID_AND_A_NON_LYMPHOID_CELL,Plasma_IgA,0.871350159221983,SingleR
REACTOME_INITIAL_TRIGGERING_OF_COMPLEMENT,Plasma_IgA,0.8683896516117349,SingleR
REACTOME_INNATE_IMMUNE_SYSTEM,Plasma_IgA,0.8626190383159554,SingleR
REACTOME_INTRINSIC_PATHWAY_OF_FIBRIN_CLOT_FORMATION,Plasma_IgA,0.11601007822471203,SingleR
REACTOME_MEMBRANE_TRAFFICKING,Plasma_IgA,0.11500397151303501,SingleR
REACTOME_METABOLISM_OF_PROTEINS,Plasma_IgA,0.2682053045357141,SingleR
REACTOME_NEUTROPHIL_DEGRANULATION,Plasma_IgA,0.871350159221983,SingleR
REACTOME_PEPTIDE_LIGAND_BINDING_RECEPTORS,Plasma_IgA,0.871350159221983,SingleR
REACTOME_PLATELET_ACTIVATION_SIGNALING_AND_AGGREGATION,Plasma_IgA,0.11500397151303501,SingleR
REACTOME_POST_TRANSLATIONAL_PROTEIN_MODIFICATION,Plasma_IgA,0.2682053045357141,SingleR
REACTOME_REGULATION_OF_INSULIN_LIKE_GROWTH_FACTOR_IGF_TRANSPORT_AND_UPTAKE_BY_INSULIN_LIKE_GROWTH_FACTOR_BINDING_PROTEINS_IGFBPS,Plasma_IgA,0.49590593972842917,SingleR
REACTOME_RESPONSE_TO_ELEVATED_PLATELET_CYTOSOLIC_CA2,Plasma_IgA,0.11500397151303501,SingleR
REACTOME_SIGNALING_BY_GPCR,Plasma_IgA,0.871350159221983,SingleR
REACTOME_TERMINAL_PATHWAY_OF_COMPLEMENT,Plasma_IgA,0.8582880078322456,SingleR
REACTOME_TRANSPORT_OF_GAMMA_CARBOXYLATED_PROTEIN_PRECURSORS_FROM_THE_ENDOPLASMIC_RETICULUM_TO_THE_GOLGI_APPARATUS,Plasma_IgA,0.11461393580651698,SingleR
REACTOME_TRANSPORT_TO_THE_GOLGI_AND_SUBSEQUENT_MODIFICATION,Plasma_IgA,0.11500397151303501,SingleR
REACTOME_VESICLE_MEDIATED_TRANSPORT,Plasma_IgA,0.11500397151303501,SingleR
REACTOME_ACTIVATION_OF_C3_AND_C5,Tumor,0.8500823135055967,SingleR
REACTOME_ADAPTIVE_IMMUNE_SYSTEM,Tumor,0.8486528037337077,SingleR
REACTOME_ALTERNATIVE_COMPLEMENT_ACTIVATION,Tumor,0.8486528037337077,SingleR
REACTOME_ASPARAGINE_N_LINKED_GLYCOSYLATION,Tumor,0.10974883069463288,SingleR
REACTOME_CARGO_CONCENTRATION_IN_THE_ER,Tumor,0.10974883069463288,SingleR
REACTOME_CLASS_A_1_RHODOPSIN_LIKE_RECEPTORS,Tumor,0.8486528037337077,SingleR
REACTOME_COMMON_PATHWAY_OF_FIBRIN_CLOT_FORMATION,Tumor,0.10857155863793601,SingleR
REACTOME_COMPLEMENT_CASCADE,Tumor,0.8459105920095947,SingleR
REACTOME_COPII_MEDIATED_VESICLE_TRANSPORT,Tumor,0.10974883069463288,SingleR
REACTOME_ER_TO_GOLGI_ANTEROGRADE_TRANSPORT,Tumor,0.10974883069463288,SingleR
REACTOME_EXTRINSIC_PATHWAY_OF_FIBRIN_CLOT_FORMATION,Tumor,0.11167941465860777,SingleR
REACTOME_FORMATION_OF_FIBRIN_CLOT_CLOTTING_CASCADE,Tumor,0.1139852260229194,SingleR
REACTOME_GAMMA_CARBOXYLATION_HYPUSINYLATION_HYDROXYLATION_AND_ARYLSULFATASE_ACTIVATION,Tumor,0.10784741473410851,SingleR
REACTOME_GAMMA_CARBOXYLATION_OF_PROTEIN_PRECURSORS,Tumor,0.10519812729573473,SingleR
REACTOME_GAMMA_CARBOXYLATION_TRANSPORT_AND_AMINO_TERMINAL_CLEAVAGE_OF_PROTEINS,Tumor,0.10519812729573473,SingleR
REACTOME_GPCR_LIGAND_BINDING,Tumor,0.8486528037337077,SingleR
REACTOME_G_ALPHA_I_SIGNALLING_EVENTS,Tumor,0.8486528037337077,SingleR
REACTOME_HEMOSTASIS,Tumor,0.1139852260229194,SingleR
REACTOME_IMMUNE_SYSTEM,Tumor,0.8459105920095947,SingleR
REACTOME_IMMUNOREGULATORY_INTERACTIONS_BETWEEN_A_LYMPHOID_AND_A_NON_LYMPHOID_CELL,Tumor,0.8486528037337077,SingleR
REACTOME_INITIAL_TRIGGERING_OF_COMPLEMENT,Tumor,0.8500823135055967,SingleR
REACTOME_INNATE_IMMUNE_SYSTEM,Tumor,0.8459105920095947,SingleR
REACTOME_INTRINSIC_PATHWAY_OF_FIBRIN_CLOT_FORMATION,Tumor,0.11285710064193215,SingleR
REACTOME_MEMBRANE_TRAFFICKING,Tumor,0.10974883069463288,SingleR
REACTOME_METABOLISM_OF_PROTEINS,Tumor,0.25609458631888005,SingleR
REACTOME_NEUTROPHIL_DEGRANULATION,Tumor,0.8486528037337077,SingleR
REACTOME_PEPTIDE_LIGAND_BINDING_RECEPTORS,Tumor,0.8486528037337077,SingleR
REACTOME_PLATELET_ACTIVATION_SIGNALING_AND_AGGREGATION,Tumor,0.10974883069463288,SingleR
REACTOME_POST_TRANSLATIONAL_PROTEIN_MODIFICATION,Tumor,0.25609458631888005,SingleR
REACTOME_REGULATION_OF_INSULIN_LIKE_GROWTH_FACTOR_IGF_TRANSPORT_AND_UPTAKE_BY_INSULIN_LIKE_GROWTH_FACTOR_BINDING_PROTEINS_IGFBPS,Tumor,0.4780294615185802,SingleR
REACTOME_RESPONSE_TO_ELEVATED_PLATELET_CYTOSOLIC_CA2,Tumor,0.10974883069463288,SingleR
REACTOME_SIGNALING_BY_GPCR,Tumor,0.8486528037337077,SingleR
REACTOME_TERMINAL_PATHWAY_OF_COMPLEMENT,Tumor,0.8429344705304117,SingleR
REACTOME_TRANSPORT_OF_GAMMA_CARBOXYLATED_PROTEIN_PRECURSORS_FROM_THE_ENDOPLASMIC_RETICULUM_TO_THE_GOLGI_APPARATUS,Tumor,0.10519812729573473,SingleR
REACTOME_TRANSPORT_TO_THE_GOLGI_AND_SUBSEQUENT_MODIFICATION,Tumor,0.10974883069463288,SingleR
REACTOME_VESICLE_MEDIATED_TRANSPORT,Tumor,0.10974883069463288,SingleR
REACTOME_ACTIVATION_OF_C3_AND_C5,CAM,0.8580904261631017,SingleR
REACTOME_ADAPTIVE_IMMUNE_SYSTEM,CAM,0.8561607666893146,SingleR
REACTOME_ALTERNATIVE_COMPLEMENT_ACTIVATION,CAM,0.8561607666893146,SingleR
REACTOME_ASPARAGINE_N_LINKED_GLYCOSYLATION,CAM,0.11300127261888722,SingleR
REACTOME_CARGO_CONCENTRATION_IN_THE_ER,CAM,0.11300127261888722,SingleR
REACTOME_CLASS_A_1_RHODOPSIN_LIKE_RECEPTORS,CAM,0.8561607666893146,SingleR
REACTOME_COMMON_PATHWAY_OF_FIBRIN_CLOT_FORMATION,CAM,0.11220071438174095,SingleR
REACTOME_COMPLEMENT_CASCADE,CAM,0.852875633438501,SingleR
REACTOME_COPII_MEDIATED_VESICLE_TRANSPORT,CAM,0.11300127261888722,SingleR
REACTOME_ER_TO_GOLGI_ANTEROGRADE_TRANSPORT,CAM,0.11300127261888722,SingleR
REACTOME_EXTRINSIC_PATHWAY_OF_FIBRIN_CLOT_FORMATION,CAM,0.11493965774443912,SingleR
REACTOME_FORMATION_OF_FIBRIN_CLOT_CLOTTING_CASCADE,CAM,0.11745855484588422,SingleR
REACTOME_GAMMA_CARBOXYLATION_HYPUSINYLATION_HYDROXYLATION_AND_ARYLSULFATASE_ACTIVATION,CAM,0.11167270628097067,SingleR
REACTOME_GAMMA_CARBOXYLATION_OF_PROTEIN_PRECURSORS,CAM,0.10993210580689057,SingleR
REACTOME_GAMMA_CARBOXYLATION_TRANSPORT_AND_AMINO_TERMINAL_CLEAVAGE_OF_PROTEINS,CAM,0.10993210580689057,SingleR
REACTOME_GPCR_LIGAND_BINDING,CAM,0.8561607666893146,SingleR
REACTOME_G_ALPHA_I_SIGNALLING_EVENTS,CAM,0.8561607666893146,SingleR
REACTOME_HEMOSTASIS,CAM,0.11745855484588422,SingleR
REACTOME_IMMUNE_SYSTEM,CAM,0.852875633438501,SingleR
REACTOME_IMMUNOREGULATORY_INTERACTIONS_BETWEEN_A_LYMPHOID_AND_A_NON_LYMPHOID_CELL,CAM,0.8561607666893146,SingleR
REACTOME_INITIAL_TRIGGERING_OF_COMPLEMENT,CAM,0.8580904261631017,SingleR
REACTOME_INNATE_IMMUNE_SYSTEM,CAM,0.852875633438501,SingleR
REACTOME_INTRINSIC_PATHWAY_OF_FIBRIN_CLOT_FORMATION,CAM,0.11693468351949356,SingleR
REACTOME_MEMBRANE_TRAFFICKING,CAM,0.11300127261888722,SingleR
REACTOME_METABOLISM_OF_PROTEINS,CAM,0.2609856868266817,SingleR
REACTOME_NEUTROPHIL_DEGRANULATION,CAM,0.8561607666893146,SingleR
REACTOME_PEPTIDE_LIGAND_BINDING_RECEPTORS,CAM,0.8561607666893146,SingleR
REACTOME_PLATELET_ACTIVATION_SIGNALING_AND_AGGREGATION,CAM,0.11300127261888722,SingleR
REACTOME_POST_TRANSLATIONAL_PROTEIN_MODIFICATION,CAM,0.2609856868266817,SingleR
REACTOME_REGULATION_OF_INSULIN_LIKE_GROWTH_FACTOR_IGF_TRANSPORT_AND_UPTAKE_BY_INSULIN_LIKE_GROWTH_FACTOR_BINDING_PROTEINS_IGFBPS,CAM,0.4843176001788104,SingleR
REACTOME_RESPONSE_TO_ELEVATED_PLATELET_CYTOSOLIC_CA2,CAM,0.11300127261888722,SingleR
REACTOME_SIGNALING_BY_GPCR,CAM,0.8561607666893146,SingleR
REACTOME_TERMINAL_PATHWAY_OF_COMPLEMENT,CAM,0.8491265739174226,SingleR
REACTOME_TRANSPORT_OF_GAMMA_CARBOXYLATED_PROTEIN_PRECURSORS_FROM_THE_ENDOPLASMIC_RETICULUM_TO_THE_GOLGI_APPARATUS,CAM,0.10993210580689057,SingleR
REACTOME_TRANSPORT_TO_THE_GOLGI_AND_SUBSEQUENT_MODIFICATION,CAM,0.11300127261888722,SingleR
REACTOME_VESICLE_MEDIATED_TRANSPORT,CAM,0.11300127261888722,SingleR
REACTOME_ACTIVATION_OF_C3_AND_C5,Tumor_Keratin_Pearl,0.848603751887263,SingleR
REACTOME_ADAPTIVE_IMMUNE_SYSTEM,Tumor_Keratin_Pearl,0.8480475348755477,SingleR
REACTOME_ALTERNATIVE_COMPLEMENT_ACTIVATION,Tumor_Keratin_Pearl,0.8480475348755477,SingleR
REACTOME_ASPARAGINE_N_LINKED_GLYCOSYLATION,Tumor_Keratin_Pearl,0.10929095433490703,SingleR
REACTOME_CARGO_CONCENTRATION_IN_THE_ER,Tumor_Keratin_Pearl,0.10929095433490703,SingleR
REACTOME_CLASS_A_1_RHODOPSIN_LIKE_RECEPTORS,Tumor_Keratin_Pearl,0.8480475348755477,SingleR
REACTOME_COMMON_PATHWAY_OF_FIBRIN_CLOT_FORMATION,Tumor_Keratin_Pearl,0.10751047721567142,SingleR
REACTOME_COMPLEMENT_CASCADE,Tumor_Keratin_Pearl,0.8436882838834562,SingleR
REACTOME_COPII_MEDIATED_VESICLE_TRANSPORT,Tumor_Keratin_Pearl,0.10929095433490703,SingleR
REACTOME_ER_TO_GOLGI_ANTEROGRADE_TRANSPORT,Tumor_Keratin_Pearl,0.10929095433490703,SingleR
REACTOME_EXTRINSIC_PATHWAY_OF_FIBRIN_CLOT_FORMATION,Tumor_Keratin_Pearl,0.11059426324463198,SingleR
REACTOME_FORMATION_OF_FIBRIN_CLOT_CLOTTING_CASCADE,Tumor_Keratin_Pearl,0.11379374894989229,SingleR
REACTOME_GAMMA_CARBOXYLATION_HYPUSINYLATION_HYDROXYLATION_AND_ARYLSULFATASE_ACTIVATION,Tumor_Keratin_Pearl,0.10744038369823311,SingleR
REACTOME_GAMMA_CARBOXYLATION_OF_PROTEIN_PRECURSORS,Tumor_Keratin_Pearl,0.10309962692144607,SingleR
REACTOME_GAMMA_CARBOXYLATION_TRANSPORT_AND_AMINO_TERMINAL_CLEAVAGE_OF_PROTEINS,Tumor_Keratin_Pearl,0.10309962692144607,SingleR
REACTOME_GPCR_LIGAND_BINDING,Tumor_Keratin_Pearl,0.8480475348755477,SingleR
REACTOME_G_ALPHA_I_SIGNALLING_EVENTS,Tumor_Keratin_Pearl,0.8480475348755477,SingleR
REACTOME_HEMOSTASIS,Tumor_Keratin_Pearl,0.11379374894989229,SingleR
REACTOME_IMMUNE_SYSTEM,Tumor_Keratin_Pearl,0.8436882838834562,SingleR
REACTOME_IMMUNOREGULATORY_INTERACTIONS_BETWEEN_A_LYMPHOID_AND_A_NON_LYMPHOID_CELL,Tumor_Keratin_Pearl,0.8480475348755477,SingleR
REACTOME_INITIAL_TRIGGERING_OF_COMPLEMENT,Tumor_Keratin_Pearl,0.848603751887263,SingleR
REACTOME_INNATE_IMMUNE_SYSTEM,Tumor_Keratin_Pearl,0.8436882838834562,SingleR
REACTOME_INTRINSIC_PATHWAY_OF_FIBRIN_CLOT_FORMATION,Tumor_Keratin_Pearl,0.11323464561806677,SingleR
REACTOME_MEMBRANE_TRAFFICKING,Tumor_Keratin_Pearl,0.10929095433490703,SingleR
REACTOME_METABOLISM_OF_PROTEINS,Tumor_Keratin_Pearl,0.2552581858606632,SingleR
REACTOME_NEUTROPHIL_DEGRANULATION,Tumor_Keratin_Pearl,0.8480475348755477,SingleR
REACTOME_PEPTIDE_LIGAND_BINDING_RECEPTORS,Tumor_Keratin_Pearl,0.8480475348755477,SingleR
REACTOME_PLATELET_ACTIVATION_SIGNALING_AND_AGGREGATION,Tumor_Keratin_Pearl,0.10929095433490703,SingleR
REACTOME_POST_TRANSLATIONAL_PROTEIN_MODIFICATION,Tumor_Keratin_Pearl,0.2552581858606632,SingleR
REACTOME_REGULATION_OF_INSULIN_LIKE_GROWTH_FACTOR_IGF_TRANSPORT_AND_UPTAKE_BY_INSULIN_LIKE_GROWTH_FACTOR_BINDING_PROTEINS_IGFBPS,Tumor_Keratin_Pearl,0.4763576492296984,SingleR
REACTOME_RESPONSE_TO_ELEVATED_PLATELET_CYTOSOLIC_CA2,Tumor_Keratin_Pearl,0.10929095433490703,SingleR
REACTOME_SIGNALING_BY_GPCR,Tumor_Keratin_Pearl,0.8480475348755477,SingleR
REACTOME_TERMINAL_PATHWAY_OF_COMPLEMENT,Tumor_Keratin_Pearl,0.8401789568097016,SingleR
REACTOME_TRANSPORT_OF_GAMMA_CARBOXYLATED_PROTEIN_PRECURSORS_FROM_THE_ENDOPLASMIC_RETICULUM_TO_THE_GOLGI_APPARATUS,Tumor_Keratin_Pearl,0.10309962692144607,SingleR
REACTOME_TRANSPORT_TO_THE_GOLGI_AND_SUBSEQUENT_MODIFICATION,Tumor_Keratin_Pearl,0.10929095433490703,SingleR
REACTOME_VESICLE_MEDIATED_TRANSPORT,Tumor_Keratin_Pearl,0.10929095433490703,SingleR
REACTOME_ACTIVATION_OF_C3_AND_C5,T_cell,0.8650948615212691,SingleR
REACTOME_ADAPTIVE_IMMUNE_SYSTEM,T_cell,0.8654680139394721,SingleR
REACTOME_ALTERNATIVE_COMPLEMENT_ACTIVATION,T_cell,0.8654680139394721,SingleR
REACTOME_ASPARAGINE_N_LINKED_GLYCOSYLATION,T_cell,0.12144117323646018,SingleR
REACTOME_CARGO_CONCENTRATION_IN_THE_ER,T_cell,0.12144117323646018,SingleR
REACTOME_CLASS_A_1_RHODOPSIN_LIKE_RECEPTORS,T_cell,0.8654680139394721,SingleR
REACTOME_COMMON_PATHWAY_OF_FIBRIN_CLOT_FORMATION,T_cell,0.11988379589316685,SingleR
REACTOME_COMPLEMENT_CASCADE,T_cell,0.8613397025107954,SingleR
REACTOME_COPII_MEDIATED_VESICLE_TRANSPORT,T_cell,0.12144117323646018,SingleR
REACTOME_ER_TO_GOLGI_ANTEROGRADE_TRANSPORT,T_cell,0.12144117323646018,SingleR
REACTOME_EXTRINSIC_PATHWAY_OF_FIBRIN_CLOT_FORMATION,T_cell,0.11597884757054688,SingleR
REACTOME_FORMATION_OF_FIBRIN_CLOT_CLOTTING_CASCADE,T_cell,0.11827988715198308,SingleR
REACTOME_GAMMA_CARBOXYLATION_HYPUSINYLATION_HYDROXYLATION_AND_ARYLSULFATASE_ACTIVATION,T_cell,0.11709554982620037,SingleR
REACTOME_GAMMA_CARBOXYLATION_OF_PROTEIN_PRECURSORS,T_cell,0.1157865785122034,SingleR
REACTOME_GAMMA_CARBOXYLATION_TRANSPORT_AND_AMINO_TERMINAL_CLEAVAGE_OF_PROTEINS,T_cell,0.1157865785122034,SingleR
REACTOME_GPCR_LIGAND_BINDING,T_cell,0.8654680139394721,SingleR
REACTOME_G_ALPHA_I_SIGNALLING_EVENTS,T_cell,0.8654680139394721,SingleR
REACTOME_HEMOSTASIS,T_cell,0.11827988715198308,SingleR
REACTOME_IMMUNE_SYSTEM,T_cell,0.8613397025107954,SingleR
REACTOME_IMMUNOREGULATORY_INTERACTIONS_BETWEEN_A_LYMPHOID_AND_A_NON_LYMPHOID_CELL,T_cell,0.8654680139394721,SingleR
REACTOME_INITIAL_TRIGGERING_OF_COMPLEMENT,T_cell,0.8650948615212691,SingleR
REACTOME_INNATE_IMMUNE_SYSTEM,T_cell,0.8613397025107954,SingleR
REACTOME_INTRINSIC_PATHWAY_OF_FIBRIN_CLOT_FORMATION,T_cell,0.11733425102525356,SingleR
REACTOME_MEMBRANE_TRAFFICKING,T_cell,0.12144117323646018,SingleR
REACTOME_METABOLISM_OF_PROTEINS,T_cell,0.268937860576372,SingleR
REACTOME_NEUTROPHIL_DEGRANULATION,T_cell,0.8654680139394721,SingleR
REACTOME_PEPTIDE_LIGAND_BINDING_RECEPTORS,T_cell,0.8654680139394721,SingleR
REACTOME_PLATELET_ACTIVATION_SIGNALING_AND_AGGREGATION,T_cell,0.12144117323646018,SingleR
REACTOME_POST_TRANSLATIONAL_PROTEIN_MODIFICATION,T_cell,0.268937860576372,SingleR
REACTOME_REGULATION_OF_INSULIN_LIKE_GROWTH_FACTOR_IGF_TRANSPORT_AND_UPTAKE_BY_INSULIN_LIKE_GROWTH_FACTOR_BINDING_PROTEINS_IGFBPS,T_cell,0.49540697645138076,SingleR
REACTOME_RESPONSE_TO_ELEVATED_PLATELET_CYTOSOLIC_CA2,T_cell,0.12144117323646018,SingleR
REACTOME_SIGNALING_BY_GPCR,T_cell,0.8654680139394721,SingleR
REACTOME_TERMINAL_PATHWAY_OF_COMPLEMENT,T_cell,0.8585413797834669,SingleR
REACTOME_TRANSPORT_OF_GAMMA_CARBOXYLATED_PROTEIN_PRECURSORS_FROM_THE_ENDOPLASMIC_RETICULUM_TO_THE_GOLGI_APPARATUS,T_cell,0.1157865785122034,SingleR
REACTOME_TRANSPORT_TO_THE_GOLGI_AND_SUBSEQUENT_MODIFICATION,T_cell,0.12144117323646018,SingleR
REACTOME_VESICLE_MEDIATED_TRANSPORT,T_cell,0.12144117323646018,SingleR
REACTOME_ACTIVATION_OF_C3_AND_C5,unknown,0.8658954372549268,SingleR
REACTOME_ADAPTIVE_IMMUNE_SYSTEM,unknown,0.8649365716130272,SingleR
REACTOME_ALTERNATIVE_COMPLEMENT_ACTIVATION,unknown,0.8649365716130272,SingleR
REACTOME_ASPARAGINE_N_LINKED_GLYCOSYLATION,unknown,0.11668034573290101,SingleR
REACTOME_CARGO_CONCENTRATION_IN_THE_ER,unknown,0.11668034573290101,SingleR
REACTOME_CLASS_A_1_RHODOPSIN_LIKE_RECEPTORS,unknown,0.8649365716130272,SingleR
REACTOME_COMMON_PATHWAY_OF_FIBRIN_CLOT_FORMATION,unknown,0.1169313115171375,SingleR
REACTOME_COMPLEMENT_CASCADE,unknown,0.8625254198673837,SingleR
REACTOME_COPII_MEDIATED_VESICLE_TRANSPORT,unknown,0.11668034573290101,SingleR
REACTOME_ER_TO_GOLGI_ANTEROGRADE_TRANSPORT,unknown,0.11668034573290101,SingleR
REACTOME_EXTRINSIC_PATHWAY_OF_FIBRIN_CLOT_FORMATION,unknown,0.12016407120231538,SingleR
REACTOME_FORMATION_OF_FIBRIN_CLOT_CLOTTING_CASCADE,unknown,0.11857459391464384,SingleR
REACTOME_GAMMA_CARBOXYLATION_HYPUSINYLATION_HYDROXYLATION_AND_ARYLSULFATASE_ACTIVATION,unknown,0.11686056269882003,SingleR
REACTOME_GAMMA_CARBOXYLATION_OF_PROTEIN_PRECURSORS,unknown,0.11696230094082308,SingleR
REACTOME_GAMMA_CARBOXYLATION_TRANSPORT_AND_AMINO_TERMINAL_CLEAVAGE_OF_PROTEINS,unknown,0.11696230094082308,SingleR
REACTOME_GPCR_LIGAND_BINDING,unknown,0.8649365716130272,SingleR
REACTOME_G_ALPHA_I_SIGNALLING_EVENTS,unknown,0.8649365716130272,SingleR
REACTOME_HEMOSTASIS,unknown,0.11857459391464384,SingleR
REACTOME_IMMUNE_SYSTEM,unknown,0.8625254198673837,SingleR
REACTOME_IMMUNOREGULATORY_INTERACTIONS_BETWEEN_A_LYMPHOID_AND_A_NON_LYMPHOID_CELL,unknown,0.8649365716130272,SingleR
REACTOME_INITIAL_TRIGGERING_OF_COMPLEMENT,unknown,0.8658954372549268,SingleR
REACTOME_INNATE_IMMUNE_SYSTEM,unknown,0.8625254198673837,SingleR
REACTOME_INTRINSIC_PATHWAY_OF_FIBRIN_CLOT_FORMATION,unknown,0.11695269649358421,SingleR
REACTOME_MEMBRANE_TRAFFICKING,unknown,0.11668034573290101,SingleR
REACTOME_METABOLISM_OF_PROTEINS,unknown,0.26699190349826973,SingleR
REACTOME_NEUTROPHIL_DEGRANULATION,unknown,0.8649365716130272,SingleR
REACTOME_PEPTIDE_LIGAND_BINDING_RECEPTORS,unknown,0.8649365716130272,SingleR
REACTOME_PLATELET_ACTIVATION_SIGNALING_AND_AGGREGATION,unknown,0.11668034573290101,SingleR
REACTOME_POST_TRANSLATIONAL_PROTEIN_MODIFICATION,unknown,0.26699190349826973,SingleR
REACTOME_REGULATION_OF_INSULIN_LIKE_GROWTH_FACTOR_IGF_TRANSPORT_AND_UPTAKE_BY_INSULIN_LIKE_GROWTH_FACTOR_BINDING_PROTEINS_IGFBPS,unknown,0.4916023372806291,SingleR
REACTOME_RESPONSE_TO_ELEVATED_PLATELET_CYTOSOLIC_CA2,unknown,0.11668034573290101,SingleR
REACTOME_SIGNALING_BY_GPCR,unknown,0.8649365716130272,SingleR
REACTOME_TERMINAL_PATHWAY_OF_COMPLEMENT,unknown,0.860010527432119,SingleR
REACTOME_TRANSPORT_OF_GAMMA_CARBOXYLATED_PROTEIN_PRECURSORS_FROM_THE_ENDOPLASMIC_RETICULUM_TO_THE_GOLGI_APPARATUS,unknown,0.11696230094082308,SingleR
REACTOME_TRANSPORT_TO_THE_GOLGI_AND_SUBSEQUENT_MODIFICATION,unknown,0.11668034573290101,SingleR
REACTOME_VESICLE_MEDIATED_TRANSPORT,unknown,0.11668034573290101,SingleR
REACTOME_ACTIVATION_OF_C3_AND_C5,Cortex_CCL21,0.868956256572422,SingleR
REACTOME_ADAPTIVE_IMMUNE_SYSTEM,Cortex_CCL21,0.8712334345150696,SingleR
REACTOME_ALTERNATIVE_COMPLEMENT_ACTIVATION,Cortex_CCL21,0.8712334345150696,SingleR
REACTOME_ASPARAGINE_N_LINKED_GLYCOSYLATION,Cortex_CCL21,0.11642182079319544,SingleR
REACTOME_CARGO_CONCENTRATION_IN_THE_ER,Cortex_CCL21,0.11642182079319544,SingleR
REACTOME_CLASS_A_1_RHODOPSIN_LIKE_RECEPTORS,Cortex_CCL21,0.8712334345150696,SingleR
REACTOME_COMMON_PATHWAY_OF_FIBRIN_CLOT_FORMATION,Cortex_CCL21,0.11667298324154947,SingleR
REACTOME_COMPLEMENT_CASCADE,Cortex_CCL21,0.8643167163130681,SingleR
REACTOME_COPII_MEDIATED_VESICLE_TRANSPORT,Cortex_CCL21,0.11642182079319544,SingleR
REACTOME_ER_TO_GOLGI_ANTEROGRADE_TRANSPORT,Cortex_CCL21,0.11642182079319544,SingleR
REACTOME_EXTRINSIC_PATHWAY_OF_FIBRIN_CLOT_FORMATION,Cortex_CCL21,0.11664959281590163,SingleR
REACTOME_FORMATION_OF_FIBRIN_CLOT_CLOTTING_CASCADE,Cortex_CCL21,0.1166381009028173,SingleR
REACTOME_GAMMA_CARBOXYLATION_HYPUSINYLATION_HYDROXYLATION_AND_ARYLSULFATASE_ACTIVATION,Cortex_CCL21,0.11660242693702338,SingleR
REACTOME_GAMMA_CARBOXYLATION_OF_PROTEIN_PRECURSORS,Cortex_CCL21,0.1167043731470499,SingleR
REACTOME_GAMMA_CARBOXYLATION_TRANSPORT_AND_AMINO_TERMINAL_CLEAVAGE_OF_PROTEINS,Cortex_CCL21,0.1167043731470499,SingleR
REACTOME_GPCR_LIGAND_BINDING,Cortex_CCL21,0.8712334345150696,SingleR
REACTOME_G_ALPHA_I_SIGNALLING_EVENTS,Cortex_CCL21,0.8712334345150696,SingleR
REACTOME_HEMOSTASIS,Cortex_CCL21,0.1166381009028173,SingleR
REACTOME_IMMUNE_SYSTEM,Cortex_CCL21,0.8643167163130681,SingleR
REACTOME_IMMUNOREGULATORY_INTERACTIONS_BETWEEN_A_LYMPHOID_AND_A_NON_LYMPHOID_CELL,Cortex_CCL21,0.8712334345150696,SingleR
REACTOME_INITIAL_TRIGGERING_OF_COMPLEMENT,Cortex_CCL21,0.868956256572422,SingleR
REACTOME_INNATE_IMMUNE_SYSTEM,Cortex_CCL21,0.8643167163130681,SingleR
REACTOME_INTRINSIC_PATHWAY_OF_FIBRIN_CLOT_FORMATION,Cortex_CCL21,0.11669475087419215,SingleR
REACTOME_MEMBRANE_TRAFFICKING,Cortex_CCL21,0.11642182079319544,SingleR
REACTOME_METABOLISM_OF_PROTEINS,Cortex_CCL21,0.26915440780405503,SingleR
REACTOME_NEUTROPHIL_DEGRANULATION,Cortex_CCL21,0.8712334345150696,SingleR
REACTOME_PEPTIDE_LIGAND_BINDING_RECEPTORS,Cortex_CCL21,0.8712334345150696,SingleR
REACTOME_PLATELET_ACTIVATION_SIGNALING_AND_AGGREGATION,Cortex_CCL21,0.11642182079319544,SingleR
REACTOME_POST_TRANSLATIONAL_PROTEIN_MODIFICATION,Cortex_CCL21,0.26915440780405503,SingleR
REACTOME_REGULATION_OF_INSULIN_LIKE_GROWTH_FACTOR_IGF_TRANSPORT_AND_UPTAKE_BY_INSULIN_LIKE_GROWTH_FACTOR_BINDING_PROTEINS_IGFBPS,Cortex_CCL21,0.49626502056374905,SingleR
REACTOME_RESPONSE_TO_ELEVATED_PLATELET_CYTOSOLIC_CA2,Cortex_CCL21,0.11642182079319544,SingleR
REACTOME_SIGNALING_BY_GPCR,Cortex_CCL21,0.8712334345150696,SingleR
REACTOME_TERMINAL_PATHWAY_OF_COMPLEMENT,Cortex_CCL21,0.8607745364536766,SingleR
REACTOME_TRANSPORT_OF_GAMMA_CARBOXYLATED_PROTEIN_PRECURSORS_FROM_THE_ENDOPLASMIC_RETICULUM_TO_THE_GOLGI_APPARATUS,Cortex_CCL21,0.1167043731470499,SingleR
REACTOME_TRANSPORT_TO_THE_GOLGI_AND_SUBSEQUENT_MODIFICATION,Cortex_CCL21,0.11642182079319544,SingleR
REACTOME_VESICLE_MEDIATED_TRANSPORT,Cortex_CCL21,0.11642182079319544,SingleR
REACTOME_ACTIVATION_OF_C3_AND_C5,Germinal_Center_Plasma_IgM_B_cell,0.8637931603901753,SingleR
REACTOME_ADAPTIVE_IMMUNE_SYSTEM,Germinal_Center_Plasma_IgM_B_cell,0.8652636457059246,SingleR
REACTOME_ALTERNATIVE_COMPLEMENT_ACTIVATION,Germinal_Center_Plasma_IgM_B_cell,0.8652636457059246,SingleR
REACTOME_ASPARAGINE_N_LINKED_GLYCOSYLATION,Germinal_Center_Plasma_IgM_B_cell,0.11927991184920686,SingleR
REACTOME_CARGO_CONCENTRATION_IN_THE_ER,Germinal_Center_Plasma_IgM_B_cell,0.11927991184920686,SingleR
REACTOME_CLASS_A_1_RHODOPSIN_LIKE_RECEPTORS,Germinal_Center_Plasma_IgM_B_cell,0.8652636457059246,SingleR
REACTOME_COMMON_PATHWAY_OF_FIBRIN_CLOT_FORMATION,Germinal_Center_Plasma_IgM_B_cell,0.1180432685493043,SingleR
REACTOME_COMPLEMENT_CASCADE,Germinal_Center_Plasma_IgM_B_cell,0.8588990697850901,SingleR
REACTOME_COPII_MEDIATED_VESICLE_TRANSPORT,Germinal_Center_Plasma_IgM_B_cell,0.11927991184920686,SingleR
REACTOME_ER_TO_GOLGI_ANTEROGRADE_TRANSPORT,Germinal_Center_Plasma_IgM_B_cell,0.11927991184920686,SingleR
REACTOME_EXTRINSIC_PATHWAY_OF_FIBRIN_CLOT_FORMATION,Germinal_Center_Plasma_IgM_B_cell,0.11418607446688285,SingleR
REACTOME_FORMATION_OF_FIBRIN_CLOT_CLOTTING_CASCADE,Germinal_Center_Plasma_IgM_B_cell,0.1162545356189663,SingleR
REACTOME_GAMMA_CARBOXYLATION_HYPUSINYLATION_HYDROXYLATION_AND_ARYLSULFATASE_ACTIVATION,Germinal_Center_Plasma_IgM_B_cell,0.1161846476071606,SingleR
REACTOME_GAMMA_CARBOXYLATION_OF_PROTEIN_PRECURSORS,Germinal_Center_Plasma_IgM_B_cell,0.11422547704896778,SingleR
REACTOME_GAMMA_CARBOXYLATION_TRANSPORT_AND_AMINO_TERMINAL_CLEAVAGE_OF_PROTEINS,Germinal_Center_Plasma_IgM_B_cell,0.11422547704896778,SingleR
REACTOME_GPCR_LIGAND_BINDING,Germinal_Center_Plasma_IgM_B_cell,0.8652636457059246,SingleR
REACTOME_G_ALPHA_I_SIGNALLING_EVENTS,Germinal_Center_Plasma_IgM_B_cell,0.8652636457059246,SingleR
REACTOME_HEMOSTASIS,Germinal_Center_Plasma_IgM_B_cell,0.1162545356189663,SingleR
REACTOME_IMMUNE_SYSTEM,Germinal_Center_Plasma_IgM_B_cell,0.8588990697850901,SingleR
REACTOME_IMMUNOREGULATORY_INTERACTIONS_BETWEEN_A_LYMPHOID_AND_A_NON_LYMPHOID_CELL,Germinal_Center_Plasma_IgM_B_cell,0.8652636457059246,SingleR
REACTOME_INITIAL_TRIGGERING_OF_COMPLEMENT,Germinal_Center_Plasma_IgM_B_cell,0.8637931603901753,SingleR
REACTOME_INNATE_IMMUNE_SYSTEM,Germinal_Center_Plasma_IgM_B_cell,0.8588990697850901,SingleR
REACTOME_INTRINSIC_PATHWAY_OF_FIBRIN_CLOT_FORMATION,Germinal_Center_Plasma_IgM_B_cell,0.11605637458730494,SingleR
REACTOME_MEMBRANE_TRAFFICKING,Germinal_Center_Plasma_IgM_B_cell,0.11927991184920686,SingleR
REACTOME_METABOLISM_OF_PROTEINS,Germinal_Center_Plasma_IgM_B_cell,0.26775770941220267,SingleR
REACTOME_NEUTROPHIL_DEGRANULATION,Germinal_Center_Plasma_IgM_B_cell,0.8652636457059246,SingleR
REACTOME_PEPTIDE_LIGAND_BINDING_RECEPTORS,Germinal_Center_Plasma_IgM_B_cell,0.8652636457059246,SingleR
REACTOME_PLATELET_ACTIVATION_SIGNALING_AND_AGGREGATION,Germinal_Center_Plasma_IgM_B_cell,0.11927991184920686,SingleR
REACTOME_POST_TRANSLATIONAL_PROTEIN_MODIFICATION,Germinal_Center_Plasma_IgM_B_cell,0.26775770941220267,SingleR
REACTOME_REGULATION_OF_INSULIN_LIKE_GROWTH_FACTOR_IGF_TRANSPORT_AND_UPTAKE_BY_INSULIN_LIKE_GROWTH_FACTOR_BINDING_PROTEINS_IGFBPS,Germinal_Center_Plasma_IgM_B_cell,0.4935967522487164,SingleR
REACTOME_RESPONSE_TO_ELEVATED_PLATELET_CYTOSOLIC_CA2,Germinal_Center_Plasma_IgM_B_cell,0.11927991184920686,SingleR
REACTOME_SIGNALING_BY_GPCR,Germinal_Center_Plasma_IgM_B_cell,0.8652636457059246,SingleR
REACTOME_TERMINAL_PATHWAY_OF_COMPLEMENT,Germinal_Center_Plasma_IgM_B_cell,0.8553258120496585,SingleR
REACTOME_TRANSPORT_OF_GAMMA_CARBOXYLATED_PROTEIN_PRECURSORS_FROM_THE_ENDOPLASMIC_RETICULUM_TO_THE_GOLGI_APPARATUS,Germinal_Center_Plasma_IgM_B_cell,0.11422547704896778,SingleR
REACTOME_TRANSPORT_TO_THE_GOLGI_AND_SUBSEQUENT_MODIFICATION,Germinal_Center_Plasma_IgM_B_cell,0.11927991184920686,SingleR
REACTOME_VESICLE_MEDIATED_TRANSPORT,Germinal_Center_Plasma_IgM_B_cell,0.11927991184920686,SingleR
REACTOME_ACTIVATION_OF_C3_AND_C5,CAM,0.8606409245764374,cell2location
REACTOME_ADAPTIVE_IMMUNE_SYSTEM,CAM,0.859711287292255,cell2location
REACTOME_ALTERNATIVE_COMPLEMENT_ACTIVATION,CAM,0.859711287292255,cell2location
REACTOME_ASPARAGINE_N_LINKED_GLYCOSYLATION,CAM,0.11488208992858727,cell2location
REACTOME_CARGO_CONCENTRATION_IN_THE_ER,CAM,0.11488208992858727,cell2location
REACTOME_CLASS_A_1_RHODOPSIN_LIKE_RECEPTORS,CAM,0.859711287292255,cell2location
REACTOME_COMMON_PATHWAY_OF_FIBRIN_CLOT_FORMATION,CAM,0.114039749753396,cell2location
REACTOME_COMPLEMENT_CASCADE,CAM,0.8549090258221632,cell2location
REACTOME_COPII_MEDIATED_VESICLE_TRANSPORT,CAM,0.11488208992858727,cell2location
REACTOME_ER_TO_GOLGI_ANTEROGRADE_TRANSPORT,CAM,0.11488208992858727,cell2location
REACTOME_EXTRINSIC_PATHWAY_OF_FIBRIN_CLOT_FORMATION,CAM,0.11443030213625376,cell2location
REACTOME_FORMATION_OF_FIBRIN_CLOT_CLOTTING_CASCADE,CAM,0.11539183343343382,cell2location
REACTOME_GAMMA_CARBOXYLATION_HYPUSINYLATION_HYDROXYLATION_AND_ARYLSULFATASE_ACTIVATION,CAM,0.11232523301525077,cell2location
REACTOME_GAMMA_CARBOXYLATION_OF_PROTEIN_PRECURSORS,CAM,0.11096743234653042,cell2location
REACTOME_GAMMA_CARBOXYLATION_TRANSPORT_AND_AMINO_TERMINAL_CLEAVAGE_OF_PROTEINS,CAM,0.11096743234653042,cell2location
REACTOME_GPCR_LIGAND_BINDING,CAM,0.859711287292255,cell2location
REACTOME_G_ALPHA_I_SIGNALLING_EVENTS,CAM,0.859711287292255,cell2location
REACTOME_HEMOSTASIS,CAM,0.11539183343343382,cell2location
REACTOME_IMMUNE_SYSTEM,CAM,0.8549090258221632,cell2location
REACTOME_IMMUNOREGULATORY_INTERACTIONS_BETWEEN_A_LYMPHOID_AND_A_NON_LYMPHOID_CELL,CAM,0.859711287292255,cell2location
REACTOME_INITIAL_TRIGGERING_OF_COMPLEMENT,CAM,0.8606409245764374,cell2location
REACTOME_INNATE_IMMUNE_SYSTEM,CAM,0.8549090258221632,cell2location
REACTOME_INTRINSIC_PATHWAY_OF_FIBRIN_CLOT_FORMATION,CAM,0.11380350519965736,cell2location
REACTOME_MEMBRANE_TRAFFICKING,CAM,0.11488208992858727,cell2location
REACTOME_METABOLISM_OF_PROTEINS,CAM,0.2633756504873979,cell2location
REACTOME_NEUTROPHIL_DEGRANULATION,CAM,0.859711287292255,cell2location
REACTOME_PEPTIDE_LIGAND_BINDING_RECEPTORS,CAM,0.859711287292255,cell2location
REACTOME_PLATELET_ACTIVATION_SIGNALING_AND_AGGREGATION,CAM,0.11488208992858727,cell2location
REACTOME_POST_TRANSLATIONAL_PROTEIN_MODIFICATION,CAM,0.2633756504873979,cell2location
REACTOME_REGULATION_OF_INSULIN_LIKE_GROWTH_FACTOR_IGF_TRANSPORT_AND_UPTAKE_BY_INSULIN_LIKE_GROWTH_FACTOR_BINDING_PROTEINS_IGFBPS,CAM,0.4886129023087919,cell2location
REACTOME_RESPONSE_TO_ELEVATED_PLATELET_CYTOSOLIC_CA2,CAM,0.11488208992858727,cell2location
REACTOME_SIGNALING_BY_GPCR,CAM,0.859711287292255,cell2location
REACTOME_TERMINAL_PATHWAY_OF_COMPLEMENT,CAM,0.850734343570109,cell2location
REACTOME_TRANSPORT_OF_GAMMA_CARBOXYLATED_PROTEIN_PRECURSORS_FROM_THE_ENDOPLASMIC_RETICULUM_TO_THE_GOLGI_APPARATUS,CAM,0.11096743234653042,cell2location
REACTOME_TRANSPORT_TO_THE_GOLGI_AND_SUBSEQUENT_MODIFICATION,CAM,0.11488208992858727,cell2location
REACTOME_VESICLE_MEDIATED_TRANSPORT,CAM,0.11488208992858727,cell2location
REACTOME_ACTIVATION_OF_C3_AND_C5,CAF,0.867785177596912,cell2location
REACTOME_ADAPTIVE_IMMUNE_SYSTEM,CAF,0.8729978298680824,cell2location
REACTOME_ALTERNATIVE_COMPLEMENT_ACTIVATION,CAF,0.8729978298680824,cell2location
REACTOME_ASPARAGINE_N_LINKED_GLYCOSYLATION,CAF,0.11790721147425924,cell2location
REACTOME_CARGO_CONCENTRATION_IN_THE_ER,CAF,0.11790721147425924,cell2location
REACTOME_CLASS_A_1_RHODOPSIN_LIKE_RECEPTORS,CAF,0.8729978298680824,cell2location
REACTOME_COMMON_PATHWAY_OF_FIBRIN_CLOT_FORMATION,CAF,0.11663312753466822,cell2location
REACTOME_COMPLEMENT_CASCADE,CAF,0.8587922668054292,cell2location
REACTOME_COPII_MEDIATED_VESICLE_TRANSPORT,CAF,0.11790721147425924,cell2location
REACTOME_ER_TO_GOLGI_ANTEROGRADE_TRANSPORT,CAF,0.11790721147425924,cell2location
REACTOME_EXTRINSIC_PATHWAY_OF_FIBRIN_CLOT_FORMATION,CAF,0.11594737041705061,cell2location
REACTOME_FORMATION_OF_FIBRIN_CLOT_CLOTTING_CASCADE,CAF,0.11733977721359368,cell2location
REACTOME_GAMMA_CARBOXYLATION_HYPUSINYLATION_HYDROXYLATION_AND_ARYLSULFATASE_ACTIVATION,CAF,0.1143474863096207,cell2location
REACTOME_GAMMA_CARBOXYLATION_OF_PROTEIN_PRECURSORS,CAF,0.11171977707694664,cell2location
REACTOME_GAMMA_CARBOXYLATION_TRANSPORT_AND_AMINO_TERMINAL_CLEAVAGE_OF_PROTEINS,CAF,0.11171977707694664,cell2location
REACTOME_GPCR_LIGAND_BINDING,CAF,0.8729978298680824,cell2location
REACTOME_G_ALPHA_I_SIGNALLING_EVENTS,CAF,0.8729978298680824,cell2location
REACTOME_HEMOSTASIS,CAF,0.11733977721359368,cell2location
REACTOME_IMMUNE_SYSTEM,CAF,0.8587922668054292,cell2location
REACTOME_IMMUNOREGULATORY_INTERACTIONS_BETWEEN_A_LYMPHOID_AND_A_NON_LYMPHOID_CELL,CAF,0.8729978298680824,cell2location
REACTOME_INITIAL_TRIGGERING_OF_COMPLEMENT,CAF,0.867785177596912,cell2location
REACTOME_INNATE_IMMUNE_SYSTEM,CAF,0.8587922668054292,cell2location
REACTOME_INTRINSIC_PATHWAY_OF_FIBRIN_CLOT_FORMATION,CAF,0.1154808129837379,cell2location
REACTOME_MEMBRANE_TRAFFICKING,CAF,0.11790721147425924,cell2location
REACTOME_METABOLISM_OF_PROTEINS,CAF,0.2697488179249452,cell2location
REACTOME_NEUTROPHIL_DEGRANULATION,CAF,0.8729978298680824,cell2location
REACTOME_PEPTIDE_LIGAND_BINDING_RECEPTORS,CAF,0.8729978298680824,cell2location
REACTOME_PLATELET_ACTIVATION_SIGNALING_AND_AGGREGATION,CAF,0.11790721147425924,cell2location
REACTOME_POST_TRANSLATIONAL_PROTEIN_MODIFICATION,CAF,0.2697488179249452,cell2location
REACTOME_REGULATION_OF_INSULIN_LIKE_GROWTH_FACTOR_IGF_TRANSPORT_AND_UPTAKE_BY_INSULIN_LIKE_GROWTH_FACTOR_BINDING_PROTEINS_IGFBPS,CAF,0.49928497310440106,cell2location
REACTOME_RESPONSE_TO_ELEVATED_PLATELET_CYTOSOLIC_CA2,CAF,0.11790721147425924,cell2location
REACTOME_SIGNALING_BY_GPCR,CAF,0.8729978298680824,cell2location
REACTOME_TERMINAL_PATHWAY_OF_COMPLEMENT,CAF,0.8521498064238258,cell2location
REACTOME_TRANSPORT_OF_GAMMA_CARBOXYLATED_PROTEIN_PRECURSORS_FROM_THE_ENDOPLASMIC_RETICULUM_TO_THE_GOLGI_APPARATUS,CAF,0.11171977707694664,cell2location
REACTOME_TRANSPORT_TO_THE_GOLGI_AND_SUBSEQUENT_MODIFICATION,CAF,0.11790721147425924,cell2location
REACTOME_VESICLE_MEDIATED_TRANSPORT,CAF,0.11790721147425924,cell2location
REACTOME_ACTIVATION_OF_C3_AND_C5,Fibroblasts,0.8746580250784134,cell2location
REACTOME_ADAPTIVE_IMMUNE_SYSTEM,Fibroblasts,0.8844718530927318,cell2location
REACTOME_ALTERNATIVE_COMPLEMENT_ACTIVATION,Fibroblasts,0.8844718530927318,cell2location
REACTOME_ASPARAGINE_N_LINKED_GLYCOSYLATION,Fibroblasts,0.1169894566073153,cell2location
REACTOME_CARGO_CONCENTRATION_IN_THE_ER,Fibroblasts,0.1169894566073153,cell2location
REACTOME_CLASS_A_1_RHODOPSIN_LIKE_RECEPTORS,Fibroblasts,0.8844718530927318,cell2location
REACTOME_COMMON_PATHWAY_OF_FIBRIN_CLOT_FORMATION,Fibroblasts,0.11634897607639436,cell2location
REACTOME_COMPLEMENT_CASCADE,Fibroblasts,0.8651460170907965,cell2location
REACTOME_COPII_MEDIATED_VESICLE_TRANSPORT,Fibroblasts,0.1169894566073153,cell2location
REACTOME_ER_TO_GOLGI_ANTEROGRADE_TRANSPORT,Fibroblasts,0.1169894566073153,cell2location
REACTOME_EXTRINSIC_PATHWAY_OF_FIBRIN_CLOT_FORMATION,Fibroblasts,0.11583492005062734,cell2location
REACTOME_FORMATION_OF_FIBRIN_CLOT_CLOTTING_CASCADE,Fibroblasts,0.11615558966306992,cell2location
REACTOME_GAMMA_CARBOXYLATION_HYPUSINYLATION_HYDROXYLATION_AND_ARYLSULFATASE_ACTIVATION,Fibroblasts,0.11501524126782149,cell2location
REACTOME_GAMMA_CARBOXYLATION_OF_PROTEIN_PRECURSORS,Fibroblasts,0.11394219209741388,cell2location
REACTOME_GAMMA_CARBOXYLATION_TRANSPORT_AND_AMINO_TERMINAL_CLEAVAGE_OF_PROTEINS,Fibroblasts,0.11394219209741388,cell2location
REACTOME_GPCR_LIGAND_BINDING,Fibroblasts,0.8844718530927318,cell2location
REACTOME_G_ALPHA_I_SIGNALLING_EVENTS,Fibroblasts,0.8844718530927318,cell2location
REACTOME_HEMOSTASIS,Fibroblasts,0.11615558966306992,cell2location
REACTOME_IMMUNE_SYSTEM,Fibroblasts,0.8651460170907965,cell2location
REACTOME_IMMUNOREGULATORY_INTERACTIONS_BETWEEN_A_LYMPHOID_AND_A_NON_LYMPHOID_CELL,Fibroblasts,0.8844718530927318,cell2location
REACTOME_INITIAL_TRIGGERING_OF_COMPLEMENT,Fibroblasts,0.8746580250784134,cell2location
REACTOME_INNATE_IMMUNE_SYSTEM,Fibroblasts,0.8651460170907965,cell2location
REACTOME_INTRINSIC_PATHWAY_OF_FIBRIN_CLOT_FORMATION,Fibroblasts,0.11493438372018669,cell2location
REACTOME_MEMBRANE_TRAFFICKING,Fibroblasts,0.1169894566073153,cell2location
REACTOME_METABOLISM_OF_PROTEINS,Fibroblasts,0.2737895430617612,cell2location
REACTOME_NEUTROPHIL_DEGRANULATION,Fibroblasts,0.8844718530927318,cell2location
REACTOME_PEPTIDE_LIGAND_BINDING_RECEPTORS,Fibroblasts,0.8844718530927318,cell2location
REACTOME_PLATELET_ACTIVATION_SIGNALING_AND_AGGREGATION,Fibroblasts,0.1169894566073153,cell2location
REACTOME_POST_TRANSLATIONAL_PROTEIN_MODIFICATION,Fibroblasts,0.2737895430617612,cell2location
REACTOME_REGULATION_OF_INSULIN_LIKE_GROWTH_FACTOR_IGF_TRANSPORT_AND_UPTAKE_BY_INSULIN_LIKE_GROWTH_FACTOR_BINDING_PROTEINS_IGFBPS,Fibroblasts,0.5072269595551345,cell2location
REACTOME_RESPONSE_TO_ELEVATED_PLATELET_CYTOSOLIC_CA2,Fibroblasts,0.1169894566073153,cell2location
REACTOME_SIGNALING_BY_GPCR,Fibroblasts,0.8844718530927318,cell2location
REACTOME_TERMINAL_PATHWAY_OF_COMPLEMENT,Fibroblasts,0.8580119350260221,cell2location
REACTOME_TRANSPORT_OF_GAMMA_CARBOXYLATED_PROTEIN_PRECURSORS_FROM_THE_ENDOPLASMIC_RETICULUM_TO_THE_GOLGI_APPARATUS,Fibroblasts,0.11394219209741388,cell2location
REACTOME_TRANSPORT_TO_THE_GOLGI_AND_SUBSEQUENT_MODIFICATION,Fibroblasts,0.1169894566073153,cell2location
REACTOME_VESICLE_MEDIATED_TRANSPORT,Fibroblasts,0.1169894566073153,cell2location
REACTOME_ACTIVATION_OF_C3_AND_C5,Tumor,0.8503855936477627,cell2location
REACTOME_ADAPTIVE_IMMUNE_SYSTEM,Tumor,0.8489577898256195,cell2location
REACTOME_ALTERNATIVE_COMPLEMENT_ACTIVATION,Tumor,0.8489577898256195,cell2location
REACTOME_ASPARAGINE_N_LINKED_GLYCOSYLATION,Tumor,0.1098114457611334,cell2location
REACTOME_CARGO_CONCENTRATION_IN_THE_ER,Tumor,0.1098114457611334,cell2location
REACTOME_CLASS_A_1_RHODOPSIN_LIKE_RECEPTORS,Tumor,0.8489577898256195,cell2location
REACTOME_COMMON_PATHWAY_OF_FIBRIN_CLOT_FORMATION,Tumor,0.10864602291847608,cell2location
REACTOME_COMPLEMENT_CASCADE,Tumor,0.8461758432734844,cell2location
REACTOME_COPII_MEDIATED_VESICLE_TRANSPORT,Tumor,0.1098114457611334,cell2location
REACTOME_ER_TO_GOLGI_ANTEROGRADE_TRANSPORT,Tumor,0.1098114457611334,cell2location
REACTOME_EXTRINSIC_PATHWAY_OF_FIBRIN_CLOT_FORMATION,Tumor,0.11190987565718528,cell2location
REACTOME_FORMATION_OF_FIBRIN_CLOT_CLOTTING_CASCADE,Tumor,0.11426760159657608,cell2location
REACTOME_GAMMA_CARBOXYLATION_HYPUSINYLATION_HYDROXYLATION_AND_ARYLSULFATASE_ACTIVATION,Tumor,0.10798864480010864,cell2location
REACTOME_GAMMA_CARBOXYLATION_OF_PROTEIN_PRECURSORS,Tumor,0.10532741271150066,cell2location
REACTOME_GAMMA_CARBOXYLATION_TRANSPORT_AND_AMINO_TERMINAL_CLEAVAGE_OF_PROTEINS,Tumor,0.10532741271150066,cell2location
REACTOME_GPCR_LIGAND_BINDING,Tumor,0.8489577898256195,cell2location
REACTOME_G_ALPHA_I_SIGNALLING_EVENTS,Tumor,0.8489577898256195,cell2location
REACTOME_HEMOSTASIS,Tumor,0.11426760159657608,cell2location
REACTOME_IMMUNE_SYSTEM,Tumor,0.8461758432734844,cell2location
REACTOME_IMMUNOREGULATORY_INTERACTIONS_BETWEEN_A_LYMPHOID_AND_A_NON_LYMPHOID_CELL,Tumor,0.8489577898256195,cell2location
REACTOME_INITIAL_TRIGGERING_OF_COMPLEMENT,Tumor,0.8503855936477627,cell2location
REACTOME_INNATE_IMMUNE_SYSTEM,Tumor,0.8461758432734844,cell2location
REACTOME_INTRINSIC_PATHWAY_OF_FIBRIN_CLOT_FORMATION,Tumor,0.11317946753446832,cell2location
REACTOME_MEMBRANE_TRAFFICKING,Tumor,0.1098114457611334,cell2location
REACTOME_METABOLISM_OF_PROTEINS,Tumor,0.25624962261586826,cell2location
REACTOME_NEUTROPHIL_DEGRANULATION,Tumor,0.8489577898256195,cell2location
REACTOME_PEPTIDE_LIGAND_BINDING_RECEPTORS,Tumor,0.8489577898256195,cell2location
REACTOME_PLATELET_ACTIVATION_SIGNALING_AND_AGGREGATION,Tumor,0.1098114457611334,cell2location
REACTOME_POST_TRANSLATIONAL_PROTEIN_MODIFICATION,Tumor,0.25624962261586826,cell2location
REACTOME_REGULATION_OF_INSULIN_LIKE_GROWTH_FACTOR_IGF_TRANSPORT_AND_UPTAKE_BY_INSULIN_LIKE_GROWTH_FACTOR_BINDING_PROTEINS_IGFBPS,Tumor,0.47819647735606274,cell2location
REACTOME_RESPONSE_TO_ELEVATED_PLATELET_CYTOSOLIC_CA2,Tumor,0.1098114457611334,cell2location
REACTOME_SIGNALING_BY_GPCR,Tumor,0.8489577898256195,cell2location
REACTOME_TERMINAL_PATHWAY_OF_COMPLEMENT,Tumor,0.8431689827613384,cell2location
REACTOME_TRANSPORT_OF_GAMMA_CARBOXYLATED_PROTEIN_PRECURSORS_FROM_THE_ENDOPLASMIC_RETICULUM_TO_THE_GOLGI_APPARATUS,Tumor,0.10532741271150066,cell2location
REACTOME_TRANSPORT_TO_THE_GOLGI_AND_SUBSEQUENT_MODIFICATION,Tumor,0.1098114457611334,cell2location
REACTOME_VESICLE_MEDIATED_TRANSPORT,Tumor,0.1098114457611334,cell2location
REACTOME_ACTIVATION_OF_C3_AND_C5,Plasma_IgG,0.8698126311618211,cell2location
REACTOME_ADAPTIVE_IMMUNE_SYSTEM,Plasma_IgG,0.8730873965870017,cell2location
REACTOME_ALTERNATIVE_COMPLEMENT_ACTIVATION,Plasma_IgG,0.8730873965870017,cell2location
REACTOME_ASPARAGINE_N_LINKED_GLYCOSYLATION,Plasma_IgG,0.12018437530346017,cell2location
REACTOME_CARGO_CONCENTRATION_IN_THE_ER,Plasma_IgG,0.12018437530346017,cell2location
REACTOME_CLASS_A_1_RHODOPSIN_LIKE_RECEPTORS,Plasma_IgG,0.8730873965870017,cell2location
REACTOME_COMMON_PATHWAY_OF_FIBRIN_CLOT_FORMATION,Plasma_IgG,0.11886301889218029,cell2location
REACTOME_COMPLEMENT_CASCADE,Plasma_IgG,0.8634654801089806,cell2location
REACTOME_COPII_MEDIATED_VESICLE_TRANSPORT,Plasma_IgG,0.12018437530346017,cell2location
REACTOME_ER_TO_GOLGI_ANTEROGRADE_TRANSPORT,Plasma_IgG,0.12018437530346017,cell2location
REACTOME_EXTRINSIC_PATHWAY_OF_FIBRIN_CLOT_FORMATION,Plasma_IgG,0.11641174412360429,cell2location
REACTOME_FORMATION_OF_FIBRIN_CLOT_CLOTTING_CASCADE,Plasma_IgG,0.11826139604880803,cell2location
REACTOME_GAMMA_CARBOXYLATION_HYPUSINYLATION_HYDROXYLATION_AND_ARYLSULFATASE_ACTIVATION,Plasma_IgG,0.1175317255623242,cell2location
REACTOME_GAMMA_CARBOXYLATION_OF_PROTEIN_PRECURSORS,Plasma_IgG,0.11494789004818325,cell2location
REACTOME_GAMMA_CARBOXYLATION_TRANSPORT_AND_AMINO_TERMINAL_CLEAVAGE_OF_PROTEINS,Plasma_IgG,0.11494789004818325,cell2location
REACTOME_GPCR_LIGAND_BINDING,Plasma_IgG,0.8730873965870017,cell2location
REACTOME_G_ALPHA_I_SIGNALLING_EVENTS,Plasma_IgG,0.8730873965870017,cell2location
REACTOME_HEMOSTASIS,Plasma_IgG,0.11826139604880803,cell2location
REACTOME_IMMUNE_SYSTEM,Plasma_IgG,0.8634654801089806,cell2location
REACTOME_IMMUNOREGULATORY_INTERACTIONS_BETWEEN_A_LYMPHOID_AND_A_NON_LYMPHOID_CELL,Plasma_IgG,0.8730873965870017,cell2location
REACTOME_INITIAL_TRIGGERING_OF_COMPLEMENT,Plasma_IgG,0.8698126311618211,cell2location
REACTOME_INNATE_IMMUNE_SYSTEM,Plasma_IgG,0.8634654801089806,cell2location
REACTOME_INTRINSIC_PATHWAY_OF_FIBRIN_CLOT_FORMATION,Plasma_IgG,0.117915162027987,cell2location
REACTOME_MEMBRANE_TRAFFICKING,Plasma_IgG,0.12018437530346017,cell2location
REACTOME_METABOLISM_OF_PROTEINS,Plasma_IgG,0.27114940983966496,cell2location
REACTOME_NEUTROPHIL_DEGRANULATION,Plasma_IgG,0.8730873965870017,cell2location
REACTOME_PEPTIDE_LIGAND_BINDING_RECEPTORS,Plasma_IgG,0.8730873965870017,cell2location
REACTOME_PLATELET_ACTIVATION_SIGNALING_AND_AGGREGATION,Plasma_IgG,0.12018437530346017,cell2location
REACTOME_POST_TRANSLATIONAL_PROTEIN_MODIFICATION,Plasma_IgG,0.27114940983966496,cell2location
REACTOME_REGULATION_OF_INSULIN_LIKE_GROWTH_FACTOR_IGF_TRANSPORT_AND_UPTAKE_BY_INSULIN_LIKE_GROWTH_FACTOR_BINDING_PROTEINS_IGFBPS,Plasma_IgG,0.498943890107693,cell2location
REACTOME_RESPONSE_TO_ELEVATED_PLATELET_CYTOSOLIC_CA2,Plasma_IgG,0.12018437530346017,cell2location
REACTOME_SIGNALING_BY_GPCR,Plasma_IgG,0.8730873965870017,cell2location
REACTOME_TERMINAL_PATHWAY_OF_COMPLEMENT,Plasma_IgG,0.8586864151601404,cell2location
REACTOME_TRANSPORT_OF_GAMMA_CARBOXYLATED_PROTEIN_PRECURSORS_FROM_THE_ENDOPLASMIC_RETICULUM_TO_THE_GOLGI_APPARATUS,Plasma_IgG,0.11494789004818325,cell2location
REACTOME_TRANSPORT_TO_THE_GOLGI_AND_SUBSEQUENT_MODIFICATION,Plasma_IgG,0.12018437530346017,cell2location
REACTOME_VESICLE_MEDIATED_TRANSPORT,Plasma_IgG,0.12018437530346017,cell2location
REACTOME_ACTIVATION_OF_C3_AND_C5,M1_macrophages,0.8697687626030829,cell2location
REACTOME_ADAPTIVE_IMMUNE_SYSTEM,M1_macrophages,0.8740248913322054,cell2location
REACTOME_ALTERNATIVE_COMPLEMENT_ACTIVATION,M1_macrophages,0.8740248913322054,cell2location
REACTOME_ASPARAGINE_N_LINKED_GLYCOSYLATION,M1_macrophages,0.11858279955872557,cell2location
REACTOME_CARGO_CONCENTRATION_IN_THE_ER,M1_macrophages,0.11858279955872557,cell2location
REACTOME_CLASS_A_1_RHODOPSIN_LIKE_RECEPTORS,M1_macrophages,0.8740248913322054,cell2location
REACTOME_COMMON_PATHWAY_OF_FIBRIN_CLOT_FORMATION,M1_macrophages,0.1169385057651523,cell2location
REACTOME_COMPLEMENT_CASCADE,M1_macrophages,0.8616819365838715,cell2location
REACTOME_COPII_MEDIATED_VESICLE_TRANSPORT,M1_macrophages,0.11858279955872557,cell2location
REACTOME_ER_TO_GOLGI_ANTEROGRADE_TRANSPORT,M1_macrophages,0.11858279955872557,cell2location
REACTOME_EXTRINSIC_PATHWAY_OF_FIBRIN_CLOT_FORMATION,M1_macrophages,0.11322587172918179,cell2location
REACTOME_FORMATION_OF_FIBRIN_CLOT_CLOTTING_CASCADE,M1_macrophages,0.11560384088101236,cell2location
REACTOME_GAMMA_CARBOXYLATION_HYPUSINYLATION_HYDROXYLATION_AND_ARYLSULFATASE_ACTIVATION,M1_macrophages,0.11410268575175433,cell2location
REACTOME_GAMMA_CARBOXYLATION_OF_PROTEIN_PRECURSORS,M1_macrophages,0.11281912605014496,cell2location
REACTOME_GAMMA_CARBOXYLATION_TRANSPORT_AND_AMINO_TERMINAL_CLEAVAGE_OF_PROTEINS,M1_macrophages,0.11281912605014496,cell2location
REACTOME_GPCR_LIGAND_BINDING,M1_macrophages,0.8740248913322054,cell2location
REACTOME_G_ALPHA_I_SIGNALLING_EVENTS,M1_macrophages,0.8740248913322054,cell2location
REACTOME_HEMOSTASIS,M1_macrophages,0.11560384088101236,cell2location
REACTOME_IMMUNE_SYSTEM,M1_macrophages,0.8616819365838715,cell2location
REACTOME_IMMUNOREGULATORY_INTERACTIONS_BETWEEN_A_LYMPHOID_AND_A_NON_LYMPHOID_CELL,M1_macrophages,0.8740248913322054,cell2location
REACTOME_INITIAL_TRIGGERING_OF_COMPLEMENT,M1_macrophages,0.8697687626030829,cell2location
REACTOME_INNATE_IMMUNE_SYSTEM,M1_macrophages,0.8616819365838715,cell2location
REACTOME_INTRINSIC_PATHWAY_OF_FIBRIN_CLOT_FORMATION,M1_macrophages,0.11456399652966852,cell2location
REACTOME_MEMBRANE_TRAFFICKING,M1_macrophages,0.11858279955872557,cell2location
REACTOME_METABOLISM_OF_PROTEINS,M1_macrophages,0.2702982720181961,cell2location
REACTOME_NEUTROPHIL_DEGRANULATION,M1_macrophages,0.8740248913322054,cell2location
REACTOME_PEPTIDE_LIGAND_BINDING_RECEPTORS,M1_macrophages,0.8740248913322054,cell2location
REACTOME_PLATELET_ACTIVATION_SIGNALING_AND_AGGREGATION,M1_macrophages,0.11858279955872557,cell2location
REACTOME_POST_TRANSLATIONAL_PROTEIN_MODIFICATION,M1_macrophages,0.2702982720181961,cell2location
REACTOME_REGULATION_OF_INSULIN_LIKE_GROWTH_FACTOR_IGF_TRANSPORT_AND_UPTAKE_BY_INSULIN_LIKE_GROWTH_FACTOR_BINDING_PROTEINS_IGFBPS,M1_macrophages,0.5012258964920716,cell2location
REACTOME_RESPONSE_TO_ELEVATED_PLATELET_CYTOSOLIC_CA2,M1_macrophages,0.11858279955872557,cell2location
REACTOME_SIGNALING_BY_GPCR,M1_macrophages,0.8740248913322054,cell2location
REACTOME_TERMINAL_PATHWAY_OF_COMPLEMENT,M1_macrophages,0.8556702199745311,cell2location
REACTOME_TRANSPORT_OF_GAMMA_CARBOXYLATED_PROTEIN_PRECURSORS_FROM_THE_ENDOPLASMIC_RETICULUM_TO_THE_GOLGI_APPARATUS,M1_macrophages,0.11281912605014496,cell2location
REACTOME_TRANSPORT_TO_THE_GOLGI_AND_SUBSEQUENT_MODIFICATION,M1_macrophages,0.11858279955872557,cell2location
REACTOME_VESICLE_MEDIATED_TRANSPORT,M1_macrophages,0.11858279955872557,cell2location
REACTOME_ACTIVATION_OF_C3_AND_C5,Germinal_Center_Plasma_IgM_B_cell,0.8642438863900297,cell2location
REACTOME_ADAPTIVE_IMMUNE_SYSTEM,Germinal_Center_Plasma_IgM_B_cell,0.8660481427836965,cell2location
REACTOME_ALTERNATIVE_COMPLEMENT_ACTIVATION,Germinal_Center_Plasma_IgM_B_cell,0.8660481427836965,cell2location
REACTOME_ASPARAGINE_N_LINKED_GLYCOSYLATION,Germinal_Center_Plasma_IgM_B_cell,0.11804512417357572,cell2location
REACTOME_CARGO_CONCENTRATION_IN_THE_ER,Germinal_Center_Plasma_IgM_B_cell,0.11804512417357572,cell2location
REACTOME_CLASS_A_1_RHODOPSIN_LIKE_RECEPTORS,Germinal_Center_Plasma_IgM_B_cell,0.8660481427836965,cell2location
REACTOME_COMMON_PATHWAY_OF_FIBRIN_CLOT_FORMATION,Germinal_Center_Plasma_IgM_B_cell,0.11720818359395883,cell2location
REACTOME_COMPLEMENT_CASCADE,Germinal_Center_Plasma_IgM_B_cell,0.8590565383774033,cell2location
REACTOME_COPII_MEDIATED_VESICLE_TRANSPORT,Germinal_Center_Plasma_IgM_B_cell,0.11804512417357572,cell2location
REACTOME_ER_TO_GOLGI_ANTEROGRADE_TRANSPORT,Germinal_Center_Plasma_IgM_B_cell,0.11804512417357572,cell2location
REACTOME_EXTRINSIC_PATHWAY_OF_FIBRIN_CLOT_FORMATION,Germinal_Center_Plasma_IgM_B_cell,0.11425688657960806,cell2location
REACTOME_FORMATION_OF_FIBRIN_CLOT_CLOTTING_CASCADE,Germinal_Center_Plasma_IgM_B_cell,0.11581134158166187,cell2location
REACTOME_GAMMA_CARBOXYLATION_HYPUSINYLATION_HYDROXYLATION_AND_ARYLSULFATASE_ACTIVATION,Germinal_Center_Plasma_IgM_B_cell,0.11550790584051322,cell2location
REACTOME_GAMMA_CARBOXYLATION_OF_PROTEIN_PRECURSORS,Germinal_Center_Plasma_IgM_B_cell,0.11406613537714581,cell2location
REACTOME_GAMMA_CARBOXYLATION_TRANSPORT_AND_AMINO_TERMINAL_CLEAVAGE_OF_PROTEINS,Germinal_Center_Plasma_IgM_B_cell,0.11406613537714581,cell2location
REACTOME_GPCR_LIGAND_BINDING,Germinal_Center_Plasma_IgM_B_cell,0.8660481427836965,cell2location
REACTOME_G_ALPHA_I_SIGNALLING_EVENTS,Germinal_Center_Plasma_IgM_B_cell,0.8660481427836965,cell2location
REACTOME_HEMOSTASIS,Germinal_Center_Plasma_IgM_B_cell,0.11581134158166187,cell2location
REACTOME_IMMUNE_SYSTEM,Germinal_Center_Plasma_IgM_B_cell,0.8590565383774033,cell2location
REACTOME_IMMUNOREGULATORY_INTERACTIONS_BETWEEN_A_LYMPHOID_AND_A_NON_LYMPHOID_CELL,Germinal_Center_Plasma_IgM_B_cell,0.8660481427836965,cell2location
REACTOME_INITIAL_TRIGGERING_OF_COMPLEMENT,Germinal_Center_Plasma_IgM_B_cell,0.8642438863900297,cell2location
REACTOME_INNATE_IMMUNE_SYSTEM,Germinal_Center_Plasma_IgM_B_cell,0.8590565383774033,cell2location
REACTOME_INTRINSIC_PATHWAY_OF_FIBRIN_CLOT_FORMATION,Germinal_Center_Plasma_IgM_B_cell,0.1154616911930583,cell2location
REACTOME_MEMBRANE_TRAFFICKING,Germinal_Center_Plasma_IgM_B_cell,0.11804512417357572,cell2location
REACTOME_METABOLISM_OF_PROTEINS,Germinal_Center_Plasma_IgM_B_cell,0.2675431624427536,cell2location
REACTOME_NEUTROPHIL_DEGRANULATION,Germinal_Center_Plasma_IgM_B_cell,0.8660481427836965,cell2location
REACTOME_PEPTIDE_LIGAND_BINDING_RECEPTORS,Germinal_Center_Plasma_IgM_B_cell,0.8660481427836965,cell2location
REACTOME_PLATELET_ACTIVATION_SIGNALING_AND_AGGREGATION,Germinal_Center_Plasma_IgM_B_cell,0.11804512417357572,cell2location
REACTOME_POST_TRANSLATIONAL_PROTEIN_MODIFICATION,Germinal_Center_Plasma_IgM_B_cell,0.2675431624427536,cell2location
REACTOME_REGULATION_OF_INSULIN_LIKE_GROWTH_FACTOR_IGF_TRANSPORT_AND_UPTAKE_BY_INSULIN_LIKE_GROWTH_FACTOR_BINDING_PROTEINS_IGFBPS,Germinal_Center_Plasma_IgM_B_cell,0.4938921552330388,cell2location
REACTOME_RESPONSE_TO_ELEVATED_PLATELET_CYTOSOLIC_CA2,Germinal_Center_Plasma_IgM_B_cell,0.11804512417357572,cell2location
REACTOME_SIGNALING_BY_GPCR,Germinal_Center_Plasma_IgM_B_cell,0.8660481427836965,cell2location
REACTOME_TERMINAL_PATHWAY_OF_COMPLEMENT,Germinal_Center_Plasma_IgM_B_cell,0.8552437227554613,cell2location
REACTOME_TRANSPORT_OF_GAMMA_CARBOXYLATED_PROTEIN_PRECURSORS_FROM_THE_ENDOPLASMIC_RETICULUM_TO_THE_GOLGI_APPARATUS,Germinal_Center_Plasma_IgM_B_cell,0.11406613537714581,cell2location
REACTOME_TRANSPORT_TO_THE_GOLGI_AND_SUBSEQUENT_MODIFICATION,Germinal_Center_Plasma_IgM_B_cell,0.11804512417357572,cell2location
REACTOME_VESICLE_MEDIATED_TRANSPORT,Germinal_Center_Plasma_IgM_B_cell,0.11804512417357572,cell2location
REACTOME_ACTIVATION_OF_C3_AND_C5,unknown,0.8653142376864164,cell2location
REACTOME_ADAPTIVE_IMMUNE_SYSTEM,unknown,0.8650343877170984,cell2location
REACTOME_ALTERNATIVE_COMPLEMENT_ACTIVATION,unknown,0.8650343877170984,cell2location
REACTOME_ASPARAGINE_N_LINKED_GLYCOSYLATION,unknown,0.12130012907117034,cell2location
REACTOME_CARGO_CONCENTRATION_IN_THE_ER,unknown,0.12130012907117034,cell2location
REACTOME_CLASS_A_1_RHODOPSIN_LIKE_RECEPTORS,unknown,0.8650343877170984,cell2location
REACTOME_COMMON_PATHWAY_OF_FIBRIN_CLOT_FORMATION,unknown,0.12017692904356962,cell2location
REACTOME_COMPLEMENT_CASCADE,unknown,0.8616017286111247,cell2location
REACTOME_COPII_MEDIATED_VESICLE_TRANSPORT,unknown,0.12130012907117034,cell2location
REACTOME_ER_TO_GOLGI_ANTEROGRADE_TRANSPORT,unknown,0.12130012907117034,cell2location
REACTOME_EXTRINSIC_PATHWAY_OF_FIBRIN_CLOT_FORMATION,unknown,0.11697664335157626,cell2location
REACTOME_FORMATION_OF_FIBRIN_CLOT_CLOTTING_CASCADE,unknown,0.11855711233412494,cell2location
REACTOME_GAMMA_CARBOXYLATION_HYPUSINYLATION_HYDROXYLATION_AND_ARYLSULFATASE_ACTIVATION,unknown,0.11820421953916478,cell2location
REACTOME_GAMMA_CARBOXYLATION_OF_PROTEIN_PRECURSORS,unknown,0.11649590564771468,cell2location
REACTOME_GAMMA_CARBOXYLATION_TRANSPORT_AND_AMINO_TERMINAL_CLEAVAGE_OF_PROTEINS,unknown,0.11649590564771468,cell2location
REACTOME_GPCR_LIGAND_BINDING,unknown,0.8650343877170984,cell2location
REACTOME_G_ALPHA_I_SIGNALLING_EVENTS,unknown,0.8650343877170984,cell2location
REACTOME_HEMOSTASIS,unknown,0.11855711233412494,cell2location
REACTOME_IMMUNE_SYSTEM,unknown,0.8616017286111247,cell2location
REACTOME_IMMUNOREGULATORY_INTERACTIONS_BETWEEN_A_LYMPHOID_AND_A_NON_LYMPHOID_CELL,unknown,0.8650343877170984,cell2location
REACTOME_INITIAL_TRIGGERING_OF_COMPLEMENT,unknown,0.8653142376864164,cell2location
REACTOME_INNATE_IMMUNE_SYSTEM,unknown,0.8616017286111247,cell2location
REACTOME_INTRINSIC_PATHWAY_OF_FIBRIN_CLOT_FORMATION,unknown,0.11790799195093167,cell2location
REACTOME_MEMBRANE_TRAFFICKING,unknown,0.12130012907117034,cell2location
REACTOME_METABOLISM_OF_PROTEINS,unknown,0.26895855431444815,cell2location
REACTOME_NEUTROPHIL_DEGRANULATION,unknown,0.8650343877170984,cell2location
REACTOME_PEPTIDE_LIGAND_BINDING_RECEPTORS,unknown,0.8650343877170984,cell2location
REACTOME_PLATELET_ACTIVATION_SIGNALING_AND_AGGREGATION,unknown,0.12130012907117034,cell2location
REACTOME_POST_TRANSLATIONAL_PROTEIN_MODIFICATION,unknown,0.26895855431444815,cell2location
REACTOME_REGULATION_OF_INSULIN_LIKE_GROWTH_FACTOR_IGF_TRANSPORT_AND_UPTAKE_BY_INSULIN_LIKE_GROWTH_FACTOR_BINDING_PROTEINS_IGFBPS,unknown,0.49403606831865515,cell2location
REACTOME_RESPONSE_TO_ELEVATED_PLATELET_CYTOSOLIC_CA2,unknown,0.12130012907117034,cell2location
REACTOME_SIGNALING_BY_GPCR,unknown,0.8650343877170984,cell2location
REACTOME_TERMINAL_PATHWAY_OF_COMPLEMENT,unknown,0.858830420631393,cell2location
REACTOME_TRANSPORT_OF_GAMMA_CARBOXYLATED_PROTEIN_PRECURSORS_FROM_THE_ENDOPLASMIC_RETICULUM_TO_THE_GOLGI_APPARATUS,unknown,0.11649590564771468,cell2location
REACTOME_TRANSPORT_TO_THE_GOLGI_AND_SUBSEQUENT_MODIFICATION,unknown,0.12130012907117034,cell2location
REACTOME_VESICLE_MEDIATED_TRANSPORT,unknown,0.12130012907117034,cell2location
REACTOME_ACTIVATION_OF_C3_AND_C5,Tumor_Keratin_Pearl,0.8526778438380147,cell2location
REACTOME_ADAPTIVE_IMMUNE_SYSTEM,Tumor_Keratin_Pearl,0.8523722928117635,cell2location
REACTOME_ALTERNATIVE_COMPLEMENT_ACTIVATION,Tumor_Keratin_Pearl,0.8523722928117635,cell2location
REACTOME_ASPARAGINE_N_LINKED_GLYCOSYLATION,Tumor_Keratin_Pearl,0.11361147783858258,cell2location
REACTOME_CARGO_CONCENTRATION_IN_THE_ER,Tumor_Keratin_Pearl,0.11361147783858258,cell2location
REACTOME_CLASS_A_1_RHODOPSIN_LIKE_RECEPTORS,Tumor_Keratin_Pearl,0.8523722928117635,cell2location
REACTOME_COMMON_PATHWAY_OF_FIBRIN_CLOT_FORMATION,Tumor_Keratin_Pearl,0.11137799735431174,cell2location
REACTOME_COMPLEMENT_CASCADE,Tumor_Keratin_Pearl,0.8477448153367745,cell2location
REACTOME_COPII_MEDIATED_VESICLE_TRANSPORT,Tumor_Keratin_Pearl,0.11361147783858258,cell2location
REACTOME_ER_TO_GOLGI_ANTEROGRADE_TRANSPORT,Tumor_Keratin_Pearl,0.11361147783858258,cell2location
REACTOME_EXTRINSIC_PATHWAY_OF_FIBRIN_CLOT_FORMATION,Tumor_Keratin_Pearl,0.11136328479369904,cell2location
REACTOME_FORMATION_OF_FIBRIN_CLOT_CLOTTING_CASCADE,Tumor_Keratin_Pearl,0.1140121813111624,cell2location
REACTOME_GAMMA_CARBOXYLATION_HYPUSINYLATION_HYDROXYLATION_AND_ARYLSULFATASE_ACTIVATION,Tumor_Keratin_Pearl,0.111307840469227,cell2location
REACTOME_GAMMA_CARBOXYLATION_OF_PROTEIN_PRECURSORS,Tumor_Keratin_Pearl,0.10597239300400609,cell2location
REACTOME_GAMMA_CARBOXYLATION_TRANSPORT_AND_AMINO_TERMINAL_CLEAVAGE_OF_PROTEINS,Tumor_Keratin_Pearl,0.10597239300400609,cell2location
REACTOME_GPCR_LIGAND_BINDING,Tumor_Keratin_Pearl,0.8523722928117635,cell2location
REACTOME_G_ALPHA_I_SIGNALLING_EVENTS,Tumor_Keratin_Pearl,0.8523722928117635,cell2location
REACTOME_HEMOSTASIS,Tumor_Keratin_Pearl,0.1140121813111624,cell2location
REACTOME_IMMUNE_SYSTEM,Tumor_Keratin_Pearl,0.8477448153367745,cell2location
REACTOME_IMMUNOREGULATORY_INTERACTIONS_BETWEEN_A_LYMPHOID_AND_A_NON_LYMPHOID_CELL,Tumor_Keratin_Pearl,0.8523722928117635,cell2location
REACTOME_INITIAL_TRIGGERING_OF_COMPLEMENT,Tumor_Keratin_Pearl,0.8526778438380147,cell2location
REACTOME_INNATE_IMMUNE_SYSTEM,Tumor_Keratin_Pearl,0.8477448153367745,cell2location
REACTOME_INTRINSIC_PATHWAY_OF_FIBRIN_CLOT_FORMATION,Tumor_Keratin_Pearl,0.11378850329458293,cell2location
REACTOME_MEMBRANE_TRAFFICKING,Tumor_Keratin_Pearl,0.11361147783858258,cell2location
REACTOME_METABOLISM_OF_PROTEINS,Tumor_Keratin_Pearl,0.25914716207845007,cell2location
REACTOME_NEUTROPHIL_DEGRANULATION,Tumor_Keratin_Pearl,0.8523722928117635,cell2location
REACTOME_PEPTIDE_LIGAND_BINDING_RECEPTORS,Tumor_Keratin_Pearl,0.8523722928117635,cell2location
REACTOME_PLATELET_ACTIVATION_SIGNALING_AND_AGGREGATION,Tumor_Keratin_Pearl,0.11361147783858258,cell2location
REACTOME_POST_TRANSLATIONAL_PROTEIN_MODIFICATION,Tumor_Keratin_Pearl,0.25914716207845007,cell2location
REACTOME_REGULATION_OF_INSULIN_LIKE_GROWTH_FACTOR_IGF_TRANSPORT_AND_UPTAKE_BY_INSULIN_LIKE_GROWTH_FACTOR_BINDING_PROTEINS_IGFBPS,Tumor_Keratin_Pearl,0.4801307505525379,cell2location
REACTOME_RESPONSE_TO_ELEVATED_PLATELET_CYTOSOLIC_CA2,Tumor_Keratin_Pearl,0.11361147783858258,cell2location
REACTOME_SIGNALING_BY_GPCR,Tumor_Keratin_Pearl,0.8523722928117635,cell2location
REACTOME_TERMINAL_PATHWAY_OF_COMPLEMENT,Tumor_Keratin_Pearl,0.8441958714603132,cell2location
REACTOME_TRANSPORT_OF_GAMMA_CARBOXYLATED_PROTEIN_PRECURSORS_FROM_THE_ENDOPLASMIC_RETICULUM_TO_THE_GOLGI_APPARATUS,Tumor_Keratin_Pearl,0.10597239300400609,cell2location
REACTOME_TRANSPORT_TO_THE_GOLGI_AND_SUBSEQUENT_MODIFICATION,Tumor_Keratin_Pearl,0.11361147783858258,cell2location
REACTOME_VESICLE_MEDIATED_TRANSPORT,Tumor_Keratin_Pearl,0.11361147783858258,cell2location
REACTOME_ACTIVATION_OF_C3_AND_C5,T_cell,0.8656746688911959,cell2location
REACTOME_ADAPTIVE_IMMUNE_SYSTEM,T_cell,0.8668751091632573,cell2location
REACTOME_ALTERNATIVE_COMPLEMENT_ACTIVATION,T_cell,0.8668751091632573,cell2location
REACTOME_ASPARAGINE_N_LINKED_GLYCOSYLATION,T_cell,0.12112931815393349,cell2location
REACTOME_CARGO_CONCENTRATION_IN_THE_ER,T_cell,0.12112931815393349,cell2location
REACTOME_CLASS_A_1_RHODOPSIN_LIKE_RECEPTORS,T_cell,0.8668751091632573,cell2location
REACTOME_COMMON_PATHWAY_OF_FIBRIN_CLOT_FORMATION,T_cell,0.11952577647763958,cell2location
REACTOME_COMPLEMENT_CASCADE,T_cell,0.8614599188802591,cell2location
REACTOME_COPII_MEDIATED_VESICLE_TRANSPORT,T_cell,0.12112931815393349,cell2location
REACTOME_ER_TO_GOLGI_ANTEROGRADE_TRANSPORT,T_cell,0.12112931815393349,cell2location
REACTOME_EXTRINSIC_PATHWAY_OF_FIBRIN_CLOT_FORMATION,T_cell,0.11563714518406937,cell2location
REACTOME_FORMATION_OF_FIBRIN_CLOT_CLOTTING_CASCADE,T_cell,0.11805081605472909,cell2location
REACTOME_GAMMA_CARBOXYLATION_HYPUSINYLATION_HYDROXYLATION_AND_ARYLSULFATASE_ACTIVATION,T_cell,0.11695265059362615,cell2location
REACTOME_GAMMA_CARBOXYLATION_OF_PROTEIN_PRECURSORS,T_cell,0.11519953703635975,cell2location
REACTOME_GAMMA_CARBOXYLATION_TRANSPORT_AND_AMINO_TERMINAL_CLEAVAGE_OF_PROTEINS,T_cell,0.11519953703635975,cell2location
REACTOME_GPCR_LIGAND_BINDING,T_cell,0.8668751091632573,cell2location
REACTOME_G_ALPHA_I_SIGNALLING_EVENTS,T_cell,0.8668751091632573,cell2location
REACTOME_HEMOSTASIS,T_cell,0.11805081605472909,cell2location
REACTOME_IMMUNE_SYSTEM,T_cell,0.8614599188802591,cell2location
REACTOME_IMMUNOREGULATORY_INTERACTIONS_BETWEEN_A_LYMPHOID_AND_A_NON_LYMPHOID_CELL,T_cell,0.8668751091632573,cell2location
REACTOME_INITIAL_TRIGGERING_OF_COMPLEMENT,T_cell,0.8656746688911959,cell2location
REACTOME_INNATE_IMMUNE_SYSTEM,T_cell,0.8614599188802591,cell2location
REACTOME_INTRINSIC_PATHWAY_OF_FIBRIN_CLOT_FORMATION,T_cell,0.11727861033138512,cell2location
REACTOME_MEMBRANE_TRAFFICKING,T_cell,0.12112931815393349,cell2location
REACTOME_METABOLISM_OF_PROTEINS,T_cell,0.2692393131740965,cell2location
REACTOME_NEUTROPHIL_DEGRANULATION,T_cell,0.8668751091632573,cell2location
REACTOME_PEPTIDE_LIGAND_BINDING_RECEPTORS,T_cell,0.8668751091632573,cell2location
REACTOME_PLATELET_ACTIVATION_SIGNALING_AND_AGGREGATION,T_cell,0.12112931815393349,cell2location
REACTOME_POST_TRANSLATIONAL_PROTEIN_MODIFICATION,T_cell,0.2692393131740965,cell2location
REACTOME_REGULATION_OF_INSULIN_LIKE_GROWTH_FACTOR_IGF_TRANSPORT_AND_UPTAKE_BY_INSULIN_LIKE_GROWTH_FACTOR_BINDING_PROTEINS_IGFBPS,T_cell,0.4960264008536899,cell2location
REACTOME_RESPONSE_TO_ELEVATED_PLATELET_CYTOSOLIC_CA2,T_cell,0.12112931815393349,cell2location
REACTOME_SIGNALING_BY_GPCR,T_cell,0.8668751091632573,cell2location
REACTOME_TERMINAL_PATHWAY_OF_COMPLEMENT,T_cell,0.8582918547413693,cell2location
REACTOME_TRANSPORT_OF_GAMMA_CARBOXYLATED_PROTEIN_PRECURSORS_FROM_THE_ENDOPLASMIC_RETICULUM_TO_THE_GOLGI_APPARATUS,T_cell,0.11519953703635975,cell2location
REACTOME_TRANSPORT_TO_THE_GOLGI_AND_SUBSEQUENT_MODIFICATION,T_cell,0.12112931815393349,cell2location
REACTOME_VESICLE_MEDIATED_TRANSPORT,T_cell,0.12112931815393349,cell2location
REACTOME_ACTIVATION_OF_C3_AND_C5,High_Endothelial_Venules,0.8653947081731964,cell2location
REACTOME_ADAPTIVE_IMMUNE_SYSTEM,High_Endothelial_Venules,0.8695426005628347,cell2location
REACTOME_ALTERNATIVE_COMPLEMENT_ACTIVATION,High_Endothelial_Venules,0.8695426005628347,cell2location
REACTOME_ASPARAGINE_N_LINKED_GLYCOSYLATION,High_Endothelial_Venules,0.11648935718189166,cell2location
REACTOME_CARGO_CONCENTRATION_IN_THE_ER,High_Endothelial_Venules,0.11648935718189166,cell2location
REACTOME_CLASS_A_1_RHODOPSIN_LIKE_RECEPTORS,High_Endothelial_Venules,0.8695426005628347,cell2location
REACTOME_COMMON_PATHWAY_OF_FIBRIN_CLOT_FORMATION,High_Endothelial_Venules,0.11488226404028418,cell2location
REACTOME_COMPLEMENT_CASCADE,High_Endothelial_Venules,0.8607474615581966,cell2location
REACTOME_COPII_MEDIATED_VESICLE_TRANSPORT,High_Endothelial_Venules,0.11648935718189166,cell2location
REACTOME_ER_TO_GOLGI_ANTEROGRADE_TRANSPORT,High_Endothelial_Venules,0.11648935718189166,cell2location
REACTOME_EXTRINSIC_PATHWAY_OF_FIBRIN_CLOT_FORMATION,High_Endothelial_Venules,0.11227148880034542,cell2location
REACTOME_FORMATION_OF_FIBRIN_CLOT_CLOTTING_CASCADE,High_Endothelial_Venules,0.1142120577380005,cell2location
REACTOME_GAMMA_CARBOXYLATION_HYPUSINYLATION_HYDROXYLATION_AND_ARYLSULFATASE_ACTIVATION,High_Endothelial_Venules,0.11370477648386883,cell2location
REACTOME_GAMMA_CARBOXYLATION_OF_PROTEIN_PRECURSORS,High_Endothelial_Venules,0.11084527857513625,cell2location
REACTOME_GAMMA_CARBOXYLATION_TRANSPORT_AND_AMINO_TERMINAL_CLEAVAGE_OF_PROTEINS,High_Endothelial_Venules,0.11084527857513625,cell2location
REACTOME_GPCR_LIGAND_BINDING,High_Endothelial_Venules,0.8695426005628347,cell2location
REACTOME_G_ALPHA_I_SIGNALLING_EVENTS,High_Endothelial_Venules,0.8695426005628347,cell2location
REACTOME_HEMOSTASIS,High_Endothelial_Venules,0.1142120577380005,cell2location
REACTOME_IMMUNE_SYSTEM,High_Endothelial_Venules,0.8607474615581966,cell2location
REACTOME_IMMUNOREGULATORY_INTERACTIONS_BETWEEN_A_LYMPHOID_AND_A_NON_LYMPHOID_CELL,High_Endothelial_Venules,0.8695426005628347,cell2location
REACTOME_INITIAL_TRIGGERING_OF_COMPLEMENT,High_Endothelial_Venules,0.8653947081731964,cell2location
REACTOME_INNATE_IMMUNE_SYSTEM,High_Endothelial_Venules,0.8607474615581966,cell2location
REACTOME_INTRINSIC_PATHWAY_OF_FIBRIN_CLOT_FORMATION,High_Endothelial_Venules,0.11393641313603388,cell2location
REACTOME_MEMBRANE_TRAFFICKING,High_Endothelial_Venules,0.11648935718189166,cell2location
REACTOME_METABOLISM_OF_PROTEINS,High_Endothelial_Venules,0.2674359131265962,cell2location
REACTOME_NEUTROPHIL_DEGRANULATION,High_Endothelial_Venules,0.8695426005628347,cell2location
REACTOME_PEPTIDE_LIGAND_BINDING_RECEPTORS,High_Endothelial_Venules,0.8695426005628347,cell2location
REACTOME_PLATELET_ACTIVATION_SIGNALING_AND_AGGREGATION,High_Endothelial_Venules,0.11648935718189166,cell2location
REACTOME_POST_TRANSLATIONAL_PROTEIN_MODIFICATION,High_Endothelial_Venules,0.2674359131265962,cell2location
REACTOME_REGULATION_OF_INSULIN_LIKE_GROWTH_FACTOR_IGF_TRANSPORT_AND_UPTAKE_BY_INSULIN_LIKE_GROWTH_FACTOR_BINDING_PROTEINS_IGFBPS,High_Endothelial_Venules,0.49528738187856974,cell2location
REACTOME_RESPONSE_TO_ELEVATED_PLATELET_CYTOSOLIC_CA2,High_Endothelial_Venules,0.11648935718189166,cell2location
REACTOME_SIGNALING_BY_GPCR,High_Endothelial_Venules,0.8695426005628347,cell2location
REACTOME_TERMINAL_PATHWAY_OF_COMPLEMENT,High_Endothelial_Venules,0.8570670785788993,cell2location
REACTOME_TRANSPORT_OF_GAMMA_CARBOXYLATED_PROTEIN_PRECURSORS_FROM_THE_ENDOPLASMIC_RETICULUM_TO_THE_GOLGI_APPARATUS,High_Endothelial_Venules,0.11084527857513625,cell2location
REACTOME_TRANSPORT_TO_THE_GOLGI_AND_SUBSEQUENT_MODIFICATION,High_Endothelial_Venules,0.11648935718189166,cell2location
REACTOME_VESICLE_MEDIATED_TRANSPORT,High_Endothelial_Venules,0.11648935718189166,cell2location
REACTOME_ACTIVATION_OF_C3_AND_C5,Plasma_IgA,0.8665550500519302,cell2location
REACTOME_ADAPTIVE_IMMUNE_SYSTEM,Plasma_IgA,0.8681914632991748,cell2location
REACTOME_ALTERNATIVE_COMPLEMENT_ACTIVATION,Plasma_IgA,0.8681914632991748,cell2location
REACTOME_ASPARAGINE_N_LINKED_GLYCOSYLATION,Plasma_IgA,0.11700767769814624,cell2location
REACTOME_CARGO_CONCENTRATION_IN_THE_ER,Plasma_IgA,0.11700767769814624,cell2location
REACTOME_CLASS_A_1_RHODOPSIN_LIKE_RECEPTORS,Plasma_IgA,0.8681914632991748,cell2location
REACTOME_COMMON_PATHWAY_OF_FIBRIN_CLOT_FORMATION,Plasma_IgA,0.11639960578252807,cell2location
REACTOME_COMPLEMENT_CASCADE,Plasma_IgA,0.8620519808138325,cell2location
REACTOME_COPII_MEDIATED_VESICLE_TRANSPORT,Plasma_IgA,0.11700767769814624,cell2location
REACTOME_ER_TO_GOLGI_ANTEROGRADE_TRANSPORT,Plasma_IgA,0.11700767769814624,cell2location
REACTOME_EXTRINSIC_PATHWAY_OF_FIBRIN_CLOT_FORMATION,Plasma_IgA,0.11530070640154862,cell2location
REACTOME_FORMATION_OF_FIBRIN_CLOT_CLOTTING_CASCADE,Plasma_IgA,0.11614446328563748,cell2location
REACTOME_GAMMA_CARBOXYLATION_HYPUSINYLATION_HYDROXYLATION_AND_ARYLSULFATASE_ACTIVATION,Plasma_IgA,0.11498704151226997,cell2location
REACTOME_GAMMA_CARBOXYLATION_OF_PROTEIN_PRECURSORS,Plasma_IgA,0.11454972784791427,cell2location
REACTOME_GAMMA_CARBOXYLATION_TRANSPORT_AND_AMINO_TERMINAL_CLEAVAGE_OF_PROTEINS,Plasma_IgA,0.11454972784791427,cell2location
REACTOME_GPCR_LIGAND_BINDING,Plasma_IgA,0.8681914632991748,cell2location
REACTOME_G_ALPHA_I_SIGNALLING_EVENTS,Plasma_IgA,0.8681914632991748,cell2location
REACTOME_HEMOSTASIS,Plasma_IgA,0.11614446328563748,cell2location
REACTOME_IMMUNE_SYSTEM,Plasma_IgA,0.8620519808138325,cell2location
REACTOME_IMMUNOREGULATORY_INTERACTIONS_BETWEEN_A_LYMPHOID_AND_A_NON_LYMPHOID_CELL,Plasma_IgA,0.8681914632991748,cell2location
REACTOME_INITIAL_TRIGGERING_OF_COMPLEMENT,Plasma_IgA,0.8665550500519302,cell2location
REACTOME_INNATE_IMMUNE_SYSTEM,Plasma_IgA,0.8620519808138325,cell2location
REACTOME_INTRINSIC_PATHWAY_OF_FIBRIN_CLOT_FORMATION,Plasma_IgA,0.11535850919787434,cell2location
REACTOME_MEMBRANE_TRAFFICKING,Plasma_IgA,0.11700767769814624,cell2location
REACTOME_METABOLISM_OF_PROTEINS,Plasma_IgA,0.26787187727542233,cell2location
REACTOME_NEUTROPHIL_DEGRANULATION,Plasma_IgA,0.8681914632991748,cell2location
REACTOME_PEPTIDE_LIGAND_BINDING_RECEPTORS,Plasma_IgA,0.8681914632991748,cell2location
REACTOME_PLATELET_ACTIVATION_SIGNALING_AND_AGGREGATION,Plasma_IgA,0.11700767769814624,cell2location
REACTOME_POST_TRANSLATIONAL_PROTEIN_MODIFICATION,Plasma_IgA,0.26787187727542233,cell2location
REACTOME_REGULATION_OF_INSULIN_LIKE_GROWTH_FACTOR_IGF_TRANSPORT_AND_UPTAKE_BY_INSULIN_LIKE_GROWTH_FACTOR_BINDING_PROTEINS_IGFBPS,Plasma_IgA,0.49537945574157266,cell2location
REACTOME_RESPONSE_TO_ELEVATED_PLATELET_CYTOSOLIC_CA2,Plasma_IgA,0.11700767769814624,cell2location
REACTOME_SIGNALING_BY_GPCR,Plasma_IgA,0.8681914632991748,cell2location
REACTOME_TERMINAL_PATHWAY_OF_COMPLEMENT,Plasma_IgA,0.8586194266901981,cell2location
REACTOME_TRANSPORT_OF_GAMMA_CARBOXYLATED_PROTEIN_PRECURSORS_FROM_THE_ENDOPLASMIC_RETICULUM_TO_THE_GOLGI_APPARATUS,Plasma_IgA,0.11454972784791427,cell2location
REACTOME_TRANSPORT_TO_THE_GOLGI_AND_SUBSEQUENT_MODIFICATION,Plasma_IgA,0.11700767769814624,cell2location
REACTOME_VESICLE_MEDIATED_TRANSPORT,Plasma_IgA,0.11700767769814624,cell2location
REACTOME_ACTIVATION_OF_C3_AND_C5,Cortex_CCL21,0.8627756097560536,cell2location
REACTOME_ADAPTIVE_IMMUNE_SYSTEM,Cortex_CCL21,0.8612287349900685,cell2location
REACTOME_ALTERNATIVE_COMPLEMENT_ACTIVATION,Cortex_CCL21,0.8612287349900685,cell2location
REACTOME_ASPARAGINE_N_LINKED_GLYCOSYLATION,Cortex_CCL21,0.11631882947361633,cell2location
REACTOME_CARGO_CONCENTRATION_IN_THE_ER,Cortex_CCL21,0.11631882947361633,cell2location
REACTOME_CLASS_A_1_RHODOPSIN_LIKE_RECEPTORS,Cortex_CCL21,0.8612287349900685,cell2location
REACTOME_COMMON_PATHWAY_OF_FIBRIN_CLOT_FORMATION,Cortex_CCL21,0.11657046964766102,cell2location
REACTOME_COMPLEMENT_CASCADE,Cortex_CCL21,0.8593729650642142,cell2location
REACTOME_COPII_MEDIATED_VESICLE_TRANSPORT,Cortex_CCL21,0.11631882947361633,cell2location
REACTOME_ER_TO_GOLGI_ANTEROGRADE_TRANSPORT,Cortex_CCL21,0.11631882947361633,cell2location
REACTOME_EXTRINSIC_PATHWAY_OF_FIBRIN_CLOT_FORMATION,Cortex_CCL21,0.116546886708222,cell2location
REACTOME_FORMATION_OF_FIBRIN_CLOT_CLOTTING_CASCADE,Cortex_CCL21,0.1165353841472361,cell2location
REACTOME_GAMMA_CARBOXYLATION_HYPUSINYLATION_HYDROXYLATION_AND_ARYLSULFATASE_ACTIVATION,Cortex_CCL21,0.11649972082934355,cell2location
REACTOME_GAMMA_CARBOXYLATION_OF_PROTEIN_PRECURSORS,Cortex_CCL21,0.11660181496853456,cell2location
REACTOME_GAMMA_CARBOXYLATION_TRANSPORT_AND_AMINO_TERMINAL_CLEAVAGE_OF_PROTEINS,Cortex_CCL21,0.11660181496853456,cell2location
REACTOME_GPCR_LIGAND_BINDING,Cortex_CCL21,0.8612287349900685,cell2location
REACTOME_G_ALPHA_I_SIGNALLING_EVENTS,Cortex_CCL21,0.8612287349900685,cell2location
REACTOME_HEMOSTASIS,Cortex_CCL21,0.1165353841472361,cell2location
REACTOME_IMMUNE_SYSTEM,Cortex_CCL21,0.8593729650642142,cell2location
REACTOME_IMMUNOREGULATORY_INTERACTIONS_BETWEEN_A_LYMPHOID_AND_A_NON_LYMPHOID_CELL,Cortex_CCL21,0.8612287349900685,cell2location
REACTOME_INITIAL_TRIGGERING_OF_COMPLEMENT,Cortex_CCL21,0.8627756097560536,cell2location
REACTOME_INNATE_IMMUNE_SYSTEM,Cortex_CCL21,0.8593729650642142,cell2location
REACTOME_INTRINSIC_PATHWAY_OF_FIBRIN_CLOT_FORMATION,Cortex_CCL21,0.11659218560779,cell2location
REACTOME_MEMBRANE_TRAFFICKING,Cortex_CCL21,0.11631882947361633,cell2location
REACTOME_METABOLISM_OF_PROTEINS,Cortex_CCL21,0.26544747245616945,cell2location
REACTOME_NEUTROPHIL_DEGRANULATION,Cortex_CCL21,0.8612287349900685,cell2location
REACTOME_PEPTIDE_LIGAND_BINDING_RECEPTORS,Cortex_CCL21,0.8612287349900685,cell2location
REACTOME_PLATELET_ACTIVATION_SIGNALING_AND_AGGREGATION,Cortex_CCL21,0.11631882947361633,cell2location
REACTOME_POST_TRANSLATIONAL_PROTEIN_MODIFICATION,Cortex_CCL21,0.26544747245616945,cell2location
REACTOME_REGULATION_OF_INSULIN_LIKE_GROWTH_FACTOR_IGF_TRANSPORT_AND_UPTAKE_BY_INSULIN_LIKE_GROWTH_FACTOR_BINDING_PROTEINS_IGFBPS,Cortex_CCL21,0.48880634786772337,cell2location
REACTOME_RESPONSE_TO_ELEVATED_PLATELET_CYTOSOLIC_CA2,Cortex_CCL21,0.11631882947361633,cell2location
REACTOME_SIGNALING_BY_GPCR,Cortex_CCL21,0.8612287349900685,cell2location
REACTOME_TERMINAL_PATHWAY_OF_COMPLEMENT,Cortex_CCL21,0.8569856769320575,cell2location
REACTOME_TRANSPORT_OF_GAMMA_CARBOXYLATED_PROTEIN_PRECURSORS_FROM_THE_ENDOPLASMIC_RETICULUM_TO_THE_GOLGI_APPARATUS,Cortex_CCL21,0.11660181496853456,cell2location
REACTOME_TRANSPORT_TO_THE_GOLGI_AND_SUBSEQUENT_MODIFICATION,Cortex_CCL21,0.11631882947361633,cell2location
REACTOME_VESICLE_MEDIATED_TRANSPORT,Cortex_CCL21,0.11631882947361633,cell2location
REACTOME_ACTIVATION_OF_C3_AND_C5,Cytotoxic_IFN_signaling,0.8708760702799865,cell2location
REACTOME_ADAPTIVE_IMMUNE_SYSTEM,Cytotoxic_IFN_signaling,0.8722221170210257,cell2location
REACTOME_ALTERNATIVE_COMPLEMENT_ACTIVATION,Cytotoxic_IFN_signaling,0.8722221170210257,cell2location
REACTOME_ASPARAGINE_N_LINKED_GLYCOSYLATION,Cytotoxic_IFN_signaling,0.11276466641244316,cell2location
REACTOME_CARGO_CONCENTRATION_IN_THE_ER,Cytotoxic_IFN_signaling,0.11276466641244316,cell2location
REACTOME_CLASS_A_1_RHODOPSIN_LIKE_RECEPTORS,Cytotoxic_IFN_signaling,0.8722221170210257,cell2location
REACTOME_COMMON_PATHWAY_OF_FIBRIN_CLOT_FORMATION,Cytotoxic_IFN_signaling,0.11301281478369943,cell2location
REACTOME_COMPLEMENT_CASCADE,Cytotoxic_IFN_signaling,0.8637765018110175,cell2location
REACTOME_COPII_MEDIATED_VESICLE_TRANSPORT,Cytotoxic_IFN_signaling,0.11276466641244316,cell2location
REACTOME_ER_TO_GOLGI_ANTEROGRADE_TRANSPORT,Cytotoxic_IFN_signaling,0.11276466641244316,cell2location
REACTOME_EXTRINSIC_PATHWAY_OF_FIBRIN_CLOT_FORMATION,Cytotoxic_IFN_signaling,0.1129903548413765,cell2location
REACTOME_FORMATION_OF_FIBRIN_CLOT_CLOTTING_CASCADE,Cytotoxic_IFN_signaling,0.11297848356229279,cell2location
REACTOME_GAMMA_CARBOXYLATION_HYPUSINYLATION_HYDROXYLATION_AND_ARYLSULFATASE_ACTIVATION,Cytotoxic_IFN_signaling,0.11294318896249807,cell2location
REACTOME_GAMMA_CARBOXYLATION_OF_PROTEIN_PRECURSORS,Cytotoxic_IFN_signaling,0.11304428303242174,cell2location
REACTOME_GAMMA_CARBOXYLATION_TRANSPORT_AND_AMINO_TERMINAL_CLEAVAGE_OF_PROTEINS,Cytotoxic_IFN_signaling,0.11304428303242174,cell2location
REACTOME_GPCR_LIGAND_BINDING,Cytotoxic_IFN_signaling,0.8722221170210257,cell2location
REACTOME_G_ALPHA_I_SIGNALLING_EVENTS,Cytotoxic_IFN_signaling,0.8722221170210257,cell2location
REACTOME_HEMOSTASIS,Cytotoxic_IFN_signaling,0.11297848356229279,cell2location
REACTOME_IMMUNE_SYSTEM,Cytotoxic_IFN_signaling,0.8637765018110175,cell2location
REACTOME_IMMUNOREGULATORY_INTERACTIONS_BETWEEN_A_LYMPHOID_AND_A_NON_LYMPHOID_CELL,Cytotoxic_IFN_signaling,0.8722221170210257,cell2location
REACTOME_INITIAL_TRIGGERING_OF_COMPLEMENT,Cytotoxic_IFN_signaling,0.8708760702799865,cell2location
REACTOME_INNATE_IMMUNE_SYSTEM,Cytotoxic_IFN_signaling,0.8637765018110175,cell2location
REACTOME_INTRINSIC_PATHWAY_OF_FIBRIN_CLOT_FORMATION,Cytotoxic_IFN_signaling,0.11303440780748437,cell2location
REACTOME_MEMBRANE_TRAFFICKING,Cytotoxic_IFN_signaling,0.11276466641244316,cell2location
REACTOME_METABOLISM_OF_PROTEINS,Cytotoxic_IFN_signaling,0.2673408988101307,cell2location
REACTOME_NEUTROPHIL_DEGRANULATION,Cytotoxic_IFN_signaling,0.8722221170210257,cell2location
REACTOME_PEPTIDE_LIGAND_BINDING_RECEPTORS,Cytotoxic_IFN_signaling,0.8722221170210257,cell2location
REACTOME_PLATELET_ACTIVATION_SIGNALING_AND_AGGREGATION,Cytotoxic_IFN_signaling,0.11276466641244316,cell2location
REACTOME_POST_TRANSLATIONAL_PROTEIN_MODIFICATION,Cytotoxic_IFN_signaling,0.2673408988101307,cell2location
REACTOME_REGULATION_OF_INSULIN_LIKE_GROWTH_FACTOR_IGF_TRANSPORT_AND_UPTAKE_BY_INSULIN_LIKE_GROWTH_FACTOR_BINDING_PROTEINS_IGFBPS,Cytotoxic_IFN_signaling,0.4962870005417072,cell2location
REACTOME_RESPONSE_TO_ELEVATED_PLATELET_CYTOSOLIC_CA2,Cytotoxic_IFN_signaling,0.11276466641244316,cell2location
REACTOME_SIGNALING_BY_GPCR,Cytotoxic_IFN_signaling,0.8722221170210257,cell2location
REACTOME_TERMINAL_PATHWAY_OF_COMPLEMENT,Cytotoxic_IFN_signaling,0.8585089115678867,cell2location
REACTOME_TRANSPORT_OF_GAMMA_CARBOXYLATED_PROTEIN_PRECURSORS_FROM_THE_ENDOPLASMIC_RETICULUM_TO_THE_GOLGI_APPARATUS,Cytotoxic_IFN_signaling,0.11304428303242174,cell2location
REACTOME_TRANSPORT_TO_THE_GOLGI_AND_SUBSEQUENT_MODIFICATION,Cytotoxic_IFN_signaling,0.11276466641244316,cell2location
REACTOME_VESICLE_MEDIATED_TRANSPORT,Cytotoxic_IFN_signaling,0.11276466641244316,cell2location
REACTOME_ACTIVATION_OF_C3_AND_C5,Macrophages,0.8689316738896059,cell2location
REACTOME_ADAPTIVE_IMMUNE_SYSTEM,Macrophages,0.8669344293998792,cell2location
REACTOME_ALTERNATIVE_COMPLEMENT_ACTIVATION,Macrophages,0.8669344293998792,cell2location
REACTOME_ASPARAGINE_N_LINKED_GLYCOSYLATION,Macrophages,0.11565852998547434,cell2location
REACTOME_CARGO_CONCENTRATION_IN_THE_ER,Macrophages,0.11565852998547434,cell2location
REACTOME_CLASS_A_1_RHODOPSIN_LIKE_RECEPTORS,Macrophages,0.8669344293998792,cell2location
REACTOME_COMMON_PATHWAY_OF_FIBRIN_CLOT_FORMATION,Macrophages,0.11590818209841179,cell2location
REACTOME_COMPLEMENT_CASCADE,Macrophages,0.8631085332769423,cell2location
REACTOME_COPII_MEDIATED_VESICLE_TRANSPORT,Macrophages,0.11565852998547434,cell2location
REACTOME_ER_TO_GOLGI_ANTEROGRADE_TRANSPORT,Macrophages,0.11565852998547434,cell2location
REACTOME_EXTRINSIC_PATHWAY_OF_FIBRIN_CLOT_FORMATION,Macrophages,0.11588459915897276,cell2location
REACTOME_FORMATION_OF_FIBRIN_CLOT_CLOTTING_CASCADE,Macrophages,0.1158730279363202,cell2location
REACTOME_GAMMA_CARBOXYLATION_HYPUSINYLATION_HYDROXYLATION_AND_ARYLSULFATASE_ACTIVATION,Macrophages,0.11583743328009433,cell2location
REACTOME_GAMMA_CARBOXYLATION_OF_PROTEIN_PRECURSORS,Macrophages,0.11593856771482038,cell2location
REACTOME_GAMMA_CARBOXYLATION_TRANSPORT_AND_AMINO_TERMINAL_CLEAVAGE_OF_PROTEINS,Macrophages,0.11593856771482038,cell2location
REACTOME_GPCR_LIGAND_BINDING,Macrophages,0.8669344293998792,cell2location
REACTOME_G_ALPHA_I_SIGNALLING_EVENTS,Macrophages,0.8669344293998792,cell2location
REACTOME_HEMOSTASIS,Macrophages,0.1158730279363202,cell2location
REACTOME_IMMUNE_SYSTEM,Macrophages,0.8631085332769423,cell2location
REACTOME_IMMUNOREGULATORY_INTERACTIONS_BETWEEN_A_LYMPHOID_AND_A_NON_LYMPHOID_CELL,Macrophages,0.8669344293998792,cell2location
REACTOME_INITIAL_TRIGGERING_OF_COMPLEMENT,Macrophages,0.8689316738896059,cell2location
REACTOME_INNATE_IMMUNE_SYSTEM,Macrophages,0.8631085332769423,cell2location
REACTOME_INTRINSIC_PATHWAY_OF_FIBRIN_CLOT_FORMATION,Macrophages,0.1159288925164688,cell2location
REACTOME_MEMBRANE_TRAFFICKING,Macrophages,0.11565852998547434,cell2location
REACTOME_METABOLISM_OF_PROTEINS,Macrophages,0.26715908422340845,cell2location
REACTOME_NEUTROPHIL_DEGRANULATION,Macrophages,0.8669344293998792,cell2location
REACTOME_PEPTIDE_LIGAND_BINDING_RECEPTORS,Macrophages,0.8669344293998792,cell2location
REACTOME_PLATELET_ACTIVATION_SIGNALING_AND_AGGREGATION,Macrophages,0.11565852998547434,cell2location
REACTOME_POST_TRANSLATIONAL_PROTEIN_MODIFICATION,Macrophages,0.26715908422340845,cell2location
REACTOME_REGULATION_OF_INSULIN_LIKE_GROWTH_FACTOR_IGF_TRANSPORT_AND_UPTAKE_BY_INSULIN_LIKE_GROWTH_FACTOR_BINDING_PROTEINS_IGFBPS,Macrophages,0.4929582669190271,cell2location
REACTOME_RESPONSE_TO_ELEVATED_PLATELET_CYTOSOLIC_CA2,Macrophages,0.11565852998547434,cell2location
REACTOME_SIGNALING_BY_GPCR,Macrophages,0.8669344293998792,cell2location
REACTOME_TERMINAL_PATHWAY_OF_COMPLEMENT,Macrophages,0.858778516317678,cell2location
REACTOME_TRANSPORT_OF_GAMMA_CARBOXYLATED_PROTEIN_PRECURSORS_FROM_THE_ENDOPLASMIC_RETICULUM_TO_THE_GOLGI_APPARATUS,Macrophages,0.11593856771482038,cell2location
REACTOME_TRANSPORT_TO_THE_GOLGI_AND_SUBSEQUENT_MODIFICATION,Macrophages,0.11565852998547434,cell2location
REACTOME_VESICLE_MEDIATED_TRANSPORT,Macrophages,0.11565852998547434,cell2location
REACTOME_ACTIVATION_OF_C3_AND_C5,Plasma_IgG,0.8687973240010969,nicheformer
REACTOME_ADAPTIVE_IMMUNE_SYSTEM,Plasma_IgG,0.8732712208580623,nicheformer
REACTOME_ALTERNATIVE_COMPLEMENT_ACTIVATION,Plasma_IgG,0.8732712208580623,nicheformer
REACTOME_ASPARAGINE_N_LINKED_GLYCOSYLATION,Plasma_IgG,0.11850893650953584,nicheformer
REACTOME_CARGO_CONCENTRATION_IN_THE_ER,Plasma_IgG,0.11850893650953584,nicheformer
REACTOME_CLASS_A_1_RHODOPSIN_LIKE_RECEPTORS,Plasma_IgG,0.8732712208580623,nicheformer
REACTOME_COMMON_PATHWAY_OF_FIBRIN_CLOT_FORMATION,Plasma_IgG,0.11718588952066387,nicheformer
REACTOME_COMPLEMENT_CASCADE,Plasma_IgG,0.8614665636612638,nicheformer
REACTOME_COPII_MEDIATED_VESICLE_TRANSPORT,Plasma_IgG,0.11850893650953584,nicheformer
REACTOME_ER_TO_GOLGI_ANTEROGRADE_TRANSPORT,Plasma_IgG,0.11850893650953584,nicheformer
REACTOME_EXTRINSIC_PATHWAY_OF_FIBRIN_CLOT_FORMATION,Plasma_IgG,0.11583685905948744,nicheformer
REACTOME_FORMATION_OF_FIBRIN_CLOT_CLOTTING_CASCADE,Plasma_IgG,0.11723474236235634,nicheformer
REACTOME_GAMMA_CARBOXYLATION_HYPUSINYLATION_HYDROXYLATION_AND_ARYLSULFATASE_ACTIVATION,Plasma_IgG,0.1153734991886708,nicheformer
REACTOME_GAMMA_CARBOXYLATION_OF_PROTEIN_PRECURSORS,Plasma_IgG,0.11303436496114816,nicheformer
REACTOME_GAMMA_CARBOXYLATION_TRANSPORT_AND_AMINO_TERMINAL_CLEAVAGE_OF_PROTEINS,Plasma_IgG,0.11303436496114816,nicheformer
REACTOME_GPCR_LIGAND_BINDING,Plasma_IgG,0.8732712208580623,nicheformer
REACTOME_G_ALPHA_I_SIGNALLING_EVENTS,Plasma_IgG,0.8732712208580623,nicheformer
REACTOME_HEMOSTASIS,Plasma_IgG,0.11723474236235634,nicheformer
REACTOME_IMMUNE_SYSTEM,Plasma_IgG,0.8614665636612638,nicheformer
REACTOME_IMMUNOREGULATORY_INTERACTIONS_BETWEEN_A_LYMPHOID_AND_A_NON_LYMPHOID_CELL,Plasma_IgG,0.8732712208580623,nicheformer
REACTOME_INITIAL_TRIGGERING_OF_COMPLEMENT,Plasma_IgG,0.8687973240010969,nicheformer
REACTOME_INNATE_IMMUNE_SYSTEM,Plasma_IgG,0.8614665636612638,nicheformer
REACTOME_INTRINSIC_PATHWAY_OF_FIBRIN_CLOT_FORMATION,Plasma_IgG,0.11597303492572304,nicheformer
REACTOME_MEMBRANE_TRAFFICKING,Plasma_IgG,0.11850893650953584,nicheformer
REACTOME_METABOLISM_OF_PROTEINS,Plasma_IgG,0.27019831716550374,nicheformer
REACTOME_NEUTROPHIL_DEGRANULATION,Plasma_IgG,0.8732712208580623,nicheformer
REACTOME_PEPTIDE_LIGAND_BINDING_RECEPTORS,Plasma_IgG,0.8732712208580623,nicheformer
REACTOME_PLATELET_ACTIVATION_SIGNALING_AND_AGGREGATION,Plasma_IgG,0.11850893650953584,nicheformer
REACTOME_POST_TRANSLATIONAL_PROTEIN_MODIFICATION,Plasma_IgG,0.27019831716550374,nicheformer
REACTOME_REGULATION_OF_INSULIN_LIKE_GROWTH_FACTOR_IGF_TRANSPORT_AND_UPTAKE_BY_INSULIN_LIKE_GROWTH_FACTOR_BINDING_PROTEINS_IGFBPS,Plasma_IgG,0.49928446136573573,nicheformer
REACTOME_RESPONSE_TO_ELEVATED_PLATELET_CYTOSOLIC_CA2,Plasma_IgG,0.11850893650953584,nicheformer
REACTOME_SIGNALING_BY_GPCR,Plasma_IgG,0.8732712208580623,nicheformer
REACTOME_TERMINAL_PATHWAY_OF_COMPLEMENT,Plasma_IgG,0.8559691040029548,nicheformer
REACTOME_TRANSPORT_OF_GAMMA_CARBOXYLATED_PROTEIN_PRECURSORS_FROM_THE_ENDOPLASMIC_RETICULUM_TO_THE_GOLGI_APPARATUS,Plasma_IgG,0.11303436496114816,nicheformer
REACTOME_TRANSPORT_TO_THE_GOLGI_AND_SUBSEQUENT_MODIFICATION,Plasma_IgG,0.11850893650953584,nicheformer
REACTOME_VESICLE_MEDIATED_TRANSPORT,Plasma_IgG,0.11850893650953584,nicheformer
REACTOME_ACTIVATION_OF_C3_AND_C5,CAF,0.8601452055723773,nicheformer
REACTOME_ADAPTIVE_IMMUNE_SYSTEM,CAF,0.8672250778199581,nicheformer
REACTOME_ALTERNATIVE_COMPLEMENT_ACTIVATION,CAF,0.8672250778199581,nicheformer
REACTOME_ASPARAGINE_N_LINKED_GLYCOSYLATION,CAF,0.10825249902974302,nicheformer
REACTOME_CARGO_CONCENTRATION_IN_THE_ER,CAF,0.10825249902974302,nicheformer
REACTOME_CLASS_A_1_RHODOPSIN_LIKE_RECEPTORS,CAF,0.8672250778199581,nicheformer
REACTOME_COMMON_PATHWAY_OF_FIBRIN_CLOT_FORMATION,CAF,0.10504230564591999,nicheformer
REACTOME_COMPLEMENT_CASCADE,CAF,0.8478332921053181,nicheformer
REACTOME_COPII_MEDIATED_VESICLE_TRANSPORT,CAF,0.10825249902974302,nicheformer
REACTOME_ER_TO_GOLGI_ANTEROGRADE_TRANSPORT,CAF,0.10825249902974302,nicheformer
REACTOME_EXTRINSIC_PATHWAY_OF_FIBRIN_CLOT_FORMATION,CAF,0.10667697828478866,nicheformer
REACTOME_FORMATION_OF_FIBRIN_CLOT_CLOTTING_CASCADE,CAF,0.11176360805433284,nicheformer
REACTOME_GAMMA_CARBOXYLATION_HYPUSINYLATION_HYDROXYLATION_AND_ARYLSULFATASE_ACTIVATION,CAF,0.10162609467078039,nicheformer
REACTOME_GAMMA_CARBOXYLATION_OF_PROTEIN_PRECURSORS,CAF,0.09749807043691464,nicheformer
REACTOME_GAMMA_CARBOXYLATION_TRANSPORT_AND_AMINO_TERMINAL_CLEAVAGE_OF_PROTEINS,CAF,0.09749807043691464,nicheformer
REACTOME_GPCR_LIGAND_BINDING,CAF,0.8672250778199581,nicheformer
REACTOME_G_ALPHA_I_SIGNALLING_EVENTS,CAF,0.8672250778199581,nicheformer
REACTOME_HEMOSTASIS,CAF,0.11176360805433284,nicheformer
REACTOME_IMMUNE_SYSTEM,CAF,0.8478332921053181,nicheformer
REACTOME_IMMUNOREGULATORY_INTERACTIONS_BETWEEN_A_LYMPHOID_AND_A_NON_LYMPHOID_CELL,CAF,0.8672250778199581,nicheformer
REACTOME_INITIAL_TRIGGERING_OF_COMPLEMENT,CAF,0.8601452055723773,nicheformer
REACTOME_INNATE_IMMUNE_SYSTEM,CAF,0.8478332921053181,nicheformer
REACTOME_INTRINSIC_PATHWAY_OF_FIBRIN_CLOT_FORMATION,CAF,0.1090779357071232,nicheformer
REACTOME_MEMBRANE_TRAFFICKING,CAF,0.10825249902974302,nicheformer
REACTOME_METABOLISM_OF_PROTEINS,CAF,0.2605055879526966,nicheformer
REACTOME_NEUTROPHIL_DEGRANULATION,CAF,0.8672250778199581,nicheformer
REACTOME_PEPTIDE_LIGAND_BINDING_RECEPTORS,CAF,0.8672250778199581,nicheformer
REACTOME_PLATELET_ACTIVATION_SIGNALING_AND_AGGREGATION,CAF,0.10825249902974302,nicheformer
REACTOME_POST_TRANSLATIONAL_PROTEIN_MODIFICATION,CAF,0.2605055879526966,nicheformer
REACTOME_REGULATION_OF_INSULIN_LIKE_GROWTH_FACTOR_IGF_TRANSPORT_AND_UPTAKE_BY_INSULIN_LIKE_GROWTH_FACTOR_BINDING_PROTEINS_IGFBPS,CAF,0.49357868088425594,nicheformer
REACTOME_RESPONSE_TO_ELEVATED_PLATELET_CYTOSOLIC_CA2,CAF,0.10825249902974302,nicheformer
REACTOME_SIGNALING_BY_GPCR,CAF,0.8672250778199581,nicheformer
REACTOME_TERMINAL_PATHWAY_OF_COMPLEMENT,CAF,0.8387166268026499,nicheformer
REACTOME_TRANSPORT_OF_GAMMA_CARBOXYLATED_PROTEIN_PRECURSORS_FROM_THE_ENDOPLASMIC_RETICULUM_TO_THE_GOLGI_APPARATUS,CAF,0.09749807043691464,nicheformer
REACTOME_TRANSPORT_TO_THE_GOLGI_AND_SUBSEQUENT_MODIFICATION,CAF,0.10825249902974302,nicheformer
REACTOME_VESICLE_MEDIATED_TRANSPORT,CAF,0.10825249902974302,nicheformer
REACTOME_ACTIVATION_OF_C3_AND_C5,M1_macrophages,0.865822238908553,nicheformer
REACTOME_ADAPTIVE_IMMUNE_SYSTEM,M1_macrophages,0.8700925445778681,nicheformer
REACTOME_ALTERNATIVE_COMPLEMENT_ACTIVATION,M1_macrophages,0.8700925445778681,nicheformer
REACTOME_ASPARAGINE_N_LINKED_GLYCOSYLATION,M1_macrophages,0.1172468361736627,nicheformer
REACTOME_CARGO_CONCENTRATION_IN_THE_ER,M1_macrophages,0.1172468361736627,nicheformer
REACTOME_CLASS_A_1_RHODOPSIN_LIKE_RECEPTORS,M1_macrophages,0.8700925445778681,nicheformer
REACTOME_COMMON_PATHWAY_OF_FIBRIN_CLOT_FORMATION,M1_macrophages,0.11610642779419005,nicheformer
REACTOME_COMPLEMENT_CASCADE,M1_macrophages,0.8591468216117634,nicheformer
REACTOME_COPII_MEDIATED_VESICLE_TRANSPORT,M1_macrophages,0.1172468361736627,nicheformer
REACTOME_ER_TO_GOLGI_ANTEROGRADE_TRANSPORT,M1_macrophages,0.1172468361736627,nicheformer
REACTOME_EXTRINSIC_PATHWAY_OF_FIBRIN_CLOT_FORMATION,M1_macrophages,0.11308387416655334,nicheformer
REACTOME_FORMATION_OF_FIBRIN_CLOT_CLOTTING_CASCADE,M1_macrophages,0.11479598107759231,nicheformer
REACTOME_GAMMA_CARBOXYLATION_HYPUSINYLATION_HYDROXYLATION_AND_ARYLSULFATASE_ACTIVATION,M1_macrophages,0.11383329756949948,nicheformer
REACTOME_GAMMA_CARBOXYLATION_OF_PROTEIN_PRECURSORS,M1_macrophages,0.1120892048857955,nicheformer
REACTOME_GAMMA_CARBOXYLATION_TRANSPORT_AND_AMINO_TERMINAL_CLEAVAGE_OF_PROTEINS,M1_macrophages,0.1120892048857955,nicheformer
REACTOME_GPCR_LIGAND_BINDING,M1_macrophages,0.8700925445778681,nicheformer
REACTOME_G_ALPHA_I_SIGNALLING_EVENTS,M1_macrophages,0.8700925445778681,nicheformer
REACTOME_HEMOSTASIS,M1_macrophages,0.11479598107759231,nicheformer
REACTOME_IMMUNE_SYSTEM,M1_macrophages,0.8591468216117634,nicheformer
REACTOME_IMMUNOREGULATORY_INTERACTIONS_BETWEEN_A_LYMPHOID_AND_A_NON_LYMPHOID_CELL,M1_macrophages,0.8700925445778681,nicheformer
REACTOME_INITIAL_TRIGGERING_OF_COMPLEMENT,M1_macrophages,0.865822238908553,nicheformer
REACTOME_INNATE_IMMUNE_SYSTEM,M1_macrophages,0.8591468216117634,nicheformer
REACTOME_INTRINSIC_PATHWAY_OF_FIBRIN_CLOT_FORMATION,M1_macrophages,0.11389245731856192,nicheformer
REACTOME_MEMBRANE_TRAFFICKING,M1_macrophages,0.1172468361736627,nicheformer
REACTOME_METABOLISM_OF_PROTEINS,M1_macrophages,0.2683683178850451,nicheformer
REACTOME_NEUTROPHIL_DEGRANULATION,M1_macrophages,0.8700925445778681,nicheformer
REACTOME_PEPTIDE_LIGAND_BINDING_RECEPTORS,M1_macrophages,0.8700925445778681,nicheformer
REACTOME_PLATELET_ACTIVATION_SIGNALING_AND_AGGREGATION,M1_macrophages,0.1172468361736627,nicheformer
REACTOME_POST_TRANSLATIONAL_PROTEIN_MODIFICATION,M1_macrophages,0.2683683178850451,nicheformer
REACTOME_REGULATION_OF_INSULIN_LIKE_GROWTH_FACTOR_IGF_TRANSPORT_AND_UPTAKE_BY_INSULIN_LIKE_GROWTH_FACTOR_BINDING_PROTEINS_IGFBPS,M1_macrophages,0.49727825718134133,nicheformer
REACTOME_RESPONSE_TO_ELEVATED_PLATELET_CYTOSOLIC_CA2,M1_macrophages,0.1172468361736627,nicheformer
REACTOME_SIGNALING_BY_GPCR,M1_macrophages,0.8700925445778681,nicheformer
REACTOME_TERMINAL_PATHWAY_OF_COMPLEMENT,M1_macrophages,0.8541459854975466,nicheformer
REACTOME_TRANSPORT_OF_GAMMA_CARBOXYLATED_PROTEIN_PRECURSORS_FROM_THE_ENDOPLASMIC_RETICULUM_TO_THE_GOLGI_APPARATUS,M1_macrophages,0.1120892048857955,nicheformer
REACTOME_TRANSPORT_TO_THE_GOLGI_AND_SUBSEQUENT_MODIFICATION,M1_macrophages,0.1172468361736627,nicheformer
REACTOME_VESICLE_MEDIATED_TRANSPORT,M1_macrophages,0.1172468361736627,nicheformer
REACTOME_ACTIVATION_OF_C3_AND_C5,unknown,0.8669565057121611,nicheformer
REACTOME_ADAPTIVE_IMMUNE_SYSTEM,unknown,0.8668990577610435,nicheformer
REACTOME_ALTERNATIVE_COMPLEMENT_ACTIVATION,unknown,0.8668990577610435,nicheformer
REACTOME_ASPARAGINE_N_LINKED_GLYCOSYLATION,unknown,0.12184227233448312,nicheformer
REACTOME_CARGO_CONCENTRATION_IN_THE_ER,unknown,0.12184227233448312,nicheformer
REACTOME_CLASS_A_1_RHODOPSIN_LIKE_RECEPTORS,unknown,0.8668990577610435,nicheformer
REACTOME_COMMON_PATHWAY_OF_FIBRIN_CLOT_FORMATION,unknown,0.12068617135738047,nicheformer
REACTOME_COMPLEMENT_CASCADE,unknown,0.8630512064114165,nicheformer
REACTOME_COPII_MEDIATED_VESICLE_TRANSPORT,unknown,0.12184227233448312,nicheformer
REACTOME_ER_TO_GOLGI_ANTEROGRADE_TRANSPORT,unknown,0.12184227233448312,nicheformer
REACTOME_EXTRINSIC_PATHWAY_OF_FIBRIN_CLOT_FORMATION,unknown,0.11758503958719273,nicheformer
REACTOME_FORMATION_OF_FIBRIN_CLOT_CLOTTING_CASCADE,unknown,0.11940551156645736,nicheformer
REACTOME_GAMMA_CARBOXYLATION_HYPUSINYLATION_HYDROXYLATION_AND_ARYLSULFATASE_ACTIVATION,unknown,0.11883735221490425,nicheformer
REACTOME_GAMMA_CARBOXYLATION_OF_PROTEIN_PRECURSORS,unknown,0.11737306949467913,nicheformer
REACTOME_GAMMA_CARBOXYLATION_TRANSPORT_AND_AMINO_TERMINAL_CLEAVAGE_OF_PROTEINS,unknown,0.11737306949467913,nicheformer
REACTOME_GPCR_LIGAND_BINDING,unknown,0.8668990577610435,nicheformer
REACTOME_G_ALPHA_I_SIGNALLING_EVENTS,unknown,0.8668990577610435,nicheformer
REACTOME_HEMOSTASIS,unknown,0.11940551156645736,nicheformer
REACTOME_IMMUNE_SYSTEM,unknown,0.8630512064114165,nicheformer
REACTOME_IMMUNOREGULATORY_INTERACTIONS_BETWEEN_A_LYMPHOID_AND_A_NON_LYMPHOID_CELL,unknown,0.8668990577610435,nicheformer
REACTOME_INITIAL_TRIGGERING_OF_COMPLEMENT,unknown,0.8669565057121611,nicheformer
REACTOME_INNATE_IMMUNE_SYSTEM,unknown,0.8630512064114165,nicheformer
REACTOME_INTRINSIC_PATHWAY_OF_FIBRIN_CLOT_FORMATION,unknown,0.11895644757447114,nicheformer
REACTOME_MEMBRANE_TRAFFICKING,unknown,0.12184227233448312,nicheformer
REACTOME_METABOLISM_OF_PROTEINS,unknown,0.2699531242881062,nicheformer
REACTOME_NEUTROPHIL_DEGRANULATION,unknown,0.8668990577610435,nicheformer
REACTOME_PEPTIDE_LIGAND_BINDING_RECEPTORS,unknown,0.8668990577610435,nicheformer
REACTOME_PLATELET_ACTIVATION_SIGNALING_AND_AGGREGATION,unknown,0.12184227233448312,nicheformer
REACTOME_POST_TRANSLATIONAL_PROTEIN_MODIFICATION,unknown,0.2699531242881062,nicheformer
REACTOME_REGULATION_OF_INSULIN_LIKE_GROWTH_FACTOR_IGF_TRANSPORT_AND_UPTAKE_BY_INSULIN_LIKE_GROWTH_FACTOR_BINDING_PROTEINS_IGFBPS,unknown,0.49551848577220453,nicheformer
REACTOME_RESPONSE_TO_ELEVATED_PLATELET_CYTOSOLIC_CA2,unknown,0.12184227233448312,nicheformer
REACTOME_SIGNALING_BY_GPCR,unknown,0.8668990577610435,nicheformer
REACTOME_TERMINAL_PATHWAY_OF_COMPLEMENT,unknown,0.8601568838337873,nicheformer
REACTOME_TRANSPORT_OF_GAMMA_CARBOXYLATED_PROTEIN_PRECURSORS_FROM_THE_ENDOPLASMIC_RETICULUM_TO_THE_GOLGI_APPARATUS,unknown,0.11737306949467913,nicheformer
REACTOME_TRANSPORT_TO_THE_GOLGI_AND_SUBSEQUENT_MODIFICATION,unknown,0.12184227233448312,nicheformer
REACTOME_VESICLE_MEDIATED_TRANSPORT,unknown,0.12184227233448312,nicheformer
REACTOME_ACTIVATION_OF_C3_AND_C5,Tumor,0.850282761961338,nicheformer
REACTOME_ADAPTIVE_IMMUNE_SYSTEM,Tumor,0.8489382733237475,nicheformer
REACTOME_ALTERNATIVE_COMPLEMENT_ACTIVATION,Tumor,0.8489382733237475,nicheformer
REACTOME_ASPARAGINE_N_LINKED_GLYCOSYLATION,Tumor,0.10998536763042473,nicheformer
REACTOME_CARGO_CONCENTRATION_IN_THE_ER,Tumor,0.10998536763042473,nicheformer
REACTOME_CLASS_A_1_RHODOPSIN_LIKE_RECEPTORS,Tumor,0.8489382733237475,nicheformer
REACTOME_COMMON_PATHWAY_OF_FIBRIN_CLOT_FORMATION,Tumor,0.10878193276193082,nicheformer
REACTOME_COMPLEMENT_CASCADE,Tumor,0.8459527277085923,nicheformer
REACTOME_COPII_MEDIATED_VESICLE_TRANSPORT,Tumor,0.10998536763042473,nicheformer
REACTOME_ER_TO_GOLGI_ANTEROGRADE_TRANSPORT,Tumor,0.10998536763042473,nicheformer
REACTOME_EXTRINSIC_PATHWAY_OF_FIBRIN_CLOT_FORMATION,Tumor,0.11189451393662084,nicheformer
REACTOME_FORMATION_OF_FIBRIN_CLOT_CLOTTING_CASCADE,Tumor,0.11418514900699644,nicheformer
REACTOME_GAMMA_CARBOXYLATION_HYPUSINYLATION_HYDROXYLATION_AND_ARYLSULFATASE_ACTIVATION,Tumor,0.10806117508242312,nicheformer
REACTOME_GAMMA_CARBOXYLATION_OF_PROTEIN_PRECURSORS,Tumor,0.10521996525640709,nicheformer
REACTOME_GAMMA_CARBOXYLATION_TRANSPORT_AND_AMINO_TERMINAL_CLEAVAGE_OF_PROTEINS,Tumor,0.10521996525640709,nicheformer
REACTOME_GPCR_LIGAND_BINDING,Tumor,0.8489382733237475,nicheformer
REACTOME_G_ALPHA_I_SIGNALLING_EVENTS,Tumor,0.8489382733237475,nicheformer
REACTOME_HEMOSTASIS,Tumor,0.11418514900699644,nicheformer
REACTOME_IMMUNE_SYSTEM,Tumor,0.8459527277085923,nicheformer
REACTOME_IMMUNOREGULATORY_INTERACTIONS_BETWEEN_A_LYMPHOID_AND_A_NON_LYMPHOID_CELL,Tumor,0.8489382733237475,nicheformer
REACTOME_INITIAL_TRIGGERING_OF_COMPLEMENT,Tumor,0.850282761961338,nicheformer
REACTOME_INNATE_IMMUNE_SYSTEM,Tumor,0.8459527277085923,nicheformer
REACTOME_INTRINSIC_PATHWAY_OF_FIBRIN_CLOT_FORMATION,Tumor,0.11302201550427977,nicheformer
REACTOME_MEMBRANE_TRAFFICKING,Tumor,0.10998536763042473,nicheformer
REACTOME_METABOLISM_OF_PROTEINS,Tumor,0.25632521656205276,nicheformer
REACTOME_NEUTROPHIL_DEGRANULATION,Tumor,0.8489382733237475,nicheformer
REACTOME_PEPTIDE_LIGAND_BINDING_RECEPTORS,Tumor,0.8489382733237475,nicheformer
REACTOME_PLATELET_ACTIVATION_SIGNALING_AND_AGGREGATION,Tumor,0.10998536763042473,nicheformer
REACTOME_POST_TRANSLATIONAL_PROTEIN_MODIFICATION,Tumor,0.25632521656205276,nicheformer
REACTOME_REGULATION_OF_INSULIN_LIKE_GROWTH_FACTOR_IGF_TRANSPORT_AND_UPTAKE_BY_INSULIN_LIKE_GROWTH_FACTOR_BINDING_PROTEINS_IGFBPS,Tumor,0.47822110407183255,nicheformer
REACTOME_RESPONSE_TO_ELEVATED_PLATELET_CYTOSOLIC_CA2,Tumor,0.10998536763042473,nicheformer
REACTOME_SIGNALING_BY_GPCR,Tumor,0.8489382733237475,nicheformer
REACTOME_TERMINAL_PATHWAY_OF_COMPLEMENT,Tumor,0.8428571241592577,nicheformer
REACTOME_TRANSPORT_OF_GAMMA_CARBOXYLATED_PROTEIN_PRECURSORS_FROM_THE_ENDOPLASMIC_RETICULUM_TO_THE_GOLGI_APPARATUS,Tumor,0.10521996525640709,nicheformer
REACTOME_TRANSPORT_TO_THE_GOLGI_AND_SUBSEQUENT_MODIFICATION,Tumor,0.10998536763042473,nicheformer
REACTOME_VESICLE_MEDIATED_TRANSPORT,Tumor,0.10998536763042473,nicheformer
REACTOME_ACTIVATION_OF_C3_AND_C5,Germinal_Center_Plasma_IgM_B_cell,0.864659506388235,nicheformer
REACTOME_ADAPTIVE_IMMUNE_SYSTEM,Germinal_Center_Plasma_IgM_B_cell,0.8658413195067457,nicheformer
REACTOME_ALTERNATIVE_COMPLEMENT_ACTIVATION,Germinal_Center_Plasma_IgM_B_cell,0.8658413195067457,nicheformer
REACTOME_ASPARAGINE_N_LINKED_GLYCOSYLATION,Germinal_Center_Plasma_IgM_B_cell,0.11922428948751798,nicheformer
REACTOME_CARGO_CONCENTRATION_IN_THE_ER,Germinal_Center_Plasma_IgM_B_cell,0.11922428948751798,nicheformer
REACTOME_CLASS_A_1_RHODOPSIN_LIKE_RECEPTORS,Germinal_Center_Plasma_IgM_B_cell,0.8658413195067457,nicheformer
REACTOME_COMMON_PATHWAY_OF_FIBRIN_CLOT_FORMATION,Germinal_Center_Plasma_IgM_B_cell,0.11832706879429183,nicheformer
REACTOME_COMPLEMENT_CASCADE,Germinal_Center_Plasma_IgM_B_cell,0.8599492367805495,nicheformer
REACTOME_COPII_MEDIATED_VESICLE_TRANSPORT,Germinal_Center_Plasma_IgM_B_cell,0.11922428948751798,nicheformer
REACTOME_ER_TO_GOLGI_ANTEROGRADE_TRANSPORT,Germinal_Center_Plasma_IgM_B_cell,0.11922428948751798,nicheformer
REACTOME_EXTRINSIC_PATHWAY_OF_FIBRIN_CLOT_FORMATION,Germinal_Center_Plasma_IgM_B_cell,0.11516553419518769,nicheformer
REACTOME_FORMATION_OF_FIBRIN_CLOT_CLOTTING_CASCADE,Germinal_Center_Plasma_IgM_B_cell,0.11686265585457543,nicheformer
REACTOME_GAMMA_CARBOXYLATION_HYPUSINYLATION_HYDROXYLATION_AND_ARYLSULFATASE_ACTIVATION,Germinal_Center_Plasma_IgM_B_cell,0.11675685072179996,nicheformer
REACTOME_GAMMA_CARBOXYLATION_OF_PROTEIN_PRECURSORS,Germinal_Center_Plasma_IgM_B_cell,0.11513415289159391,nicheformer
REACTOME_GAMMA_CARBOXYLATION_TRANSPORT_AND_AMINO_TERMINAL_CLEAVAGE_OF_PROTEINS,Germinal_Center_Plasma_IgM_B_cell,0.11513415289159391,nicheformer
REACTOME_GPCR_LIGAND_BINDING,Germinal_Center_Plasma_IgM_B_cell,0.8658413195067457,nicheformer
REACTOME_G_ALPHA_I_SIGNALLING_EVENTS,Germinal_Center_Plasma_IgM_B_cell,0.8658413195067457,nicheformer
REACTOME_HEMOSTASIS,Germinal_Center_Plasma_IgM_B_cell,0.11686265585457543,nicheformer
REACTOME_IMMUNE_SYSTEM,Germinal_Center_Plasma_IgM_B_cell,0.8599492367805495,nicheformer
REACTOME_IMMUNOREGULATORY_INTERACTIONS_BETWEEN_A_LYMPHOID_AND_A_NON_LYMPHOID_CELL,Germinal_Center_Plasma_IgM_B_cell,0.8658413195067457,nicheformer
REACTOME_INITIAL_TRIGGERING_OF_COMPLEMENT,Germinal_Center_Plasma_IgM_B_cell,0.864659506388235,nicheformer
REACTOME_INNATE_IMMUNE_SYSTEM,Germinal_Center_Plasma_IgM_B_cell,0.8599492367805495,nicheformer
REACTOME_INTRINSIC_PATHWAY_OF_FIBRIN_CLOT_FORMATION,Germinal_Center_Plasma_IgM_B_cell,0.1167105172309838,nicheformer
REACTOME_MEMBRANE_TRAFFICKING,Germinal_Center_Plasma_IgM_B_cell,0.11922428948751798,nicheformer
REACTOME_METABOLISM_OF_PROTEINS,Germinal_Center_Plasma_IgM_B_cell,0.26814292123702516,nicheformer
REACTOME_NEUTROPHIL_DEGRANULATION,Germinal_Center_Plasma_IgM_B_cell,0.8658413195067457,nicheformer
REACTOME_PEPTIDE_LIGAND_BINDING_RECEPTORS,Germinal_Center_Plasma_IgM_B_cell,0.8658413195067457,nicheformer
REACTOME_PLATELET_ACTIVATION_SIGNALING_AND_AGGREGATION,Germinal_Center_Plasma_IgM_B_cell,0.11922428948751798,nicheformer
REACTOME_POST_TRANSLATIONAL_PROTEIN_MODIFICATION,Germinal_Center_Plasma_IgM_B_cell,0.26814292123702516,nicheformer
REACTOME_REGULATION_OF_INSULIN_LIKE_GROWTH_FACTOR_IGF_TRANSPORT_AND_UPTAKE_BY_INSULIN_LIKE_GROWTH_FACTOR_BINDING_PROTEINS_IGFBPS,Germinal_Center_Plasma_IgM_B_cell,0.49379407296897304,nicheformer
REACTOME_RESPONSE_TO_ELEVATED_PLATELET_CYTOSOLIC_CA2,Germinal_Center_Plasma_IgM_B_cell,0.11922428948751798,nicheformer
REACTOME_SIGNALING_BY_GPCR,Germinal_Center_Plasma_IgM_B_cell,0.8658413195067457,nicheformer
REACTOME_TERMINAL_PATHWAY_OF_COMPLEMENT,Germinal_Center_Plasma_IgM_B_cell,0.8564962606765464,nicheformer
REACTOME_TRANSPORT_OF_GAMMA_CARBOXYLATED_PROTEIN_PRECURSORS_FROM_THE_ENDOPLASMIC_RETICULUM_TO_THE_GOLGI_APPARATUS,Germinal_Center_Plasma_IgM_B_cell,0.11513415289159391,nicheformer
REACTOME_TRANSPORT_TO_THE_GOLGI_AND_SUBSEQUENT_MODIFICATION,Germinal_Center_Plasma_IgM_B_cell,0.11922428948751798,nicheformer
REACTOME_VESICLE_MEDIATED_TRANSPORT,Germinal_Center_Plasma_IgM_B_cell,0.11922428948751798,nicheformer
REACTOME_ACTIVATION_OF_C3_AND_C5,High_Endothelial_Venules,0.8544703537373416,nicheformer
REACTOME_ADAPTIVE_IMMUNE_SYSTEM,High_Endothelial_Venules,0.8589880934775113,nicheformer
REACTOME_ALTERNATIVE_COMPLEMENT_ACTIVATION,High_Endothelial_Venules,0.8589880934775113,nicheformer
REACTOME_ASPARAGINE_N_LINKED_GLYCOSYLATION,High_Endothelial_Venules,0.10974704092670966,nicheformer
REACTOME_CARGO_CONCENTRATION_IN_THE_ER,High_Endothelial_Venules,0.10974704092670966,nicheformer
REACTOME_CLASS_A_1_RHODOPSIN_LIKE_RECEPTORS,High_Endothelial_Venules,0.8589880934775113,nicheformer
REACTOME_COMMON_PATHWAY_OF_FIBRIN_CLOT_FORMATION,High_Endothelial_Venules,0.10811070659620718,nicheformer
REACTOME_COMPLEMENT_CASCADE,High_Endothelial_Venules,0.8500252748678649,nicheformer
REACTOME_COPII_MEDIATED_VESICLE_TRANSPORT,High_Endothelial_Venules,0.10974704092670966,nicheformer
REACTOME_ER_TO_GOLGI_ANTEROGRADE_TRANSPORT,High_Endothelial_Venules,0.10974704092670966,nicheformer
REACTOME_EXTRINSIC_PATHWAY_OF_FIBRIN_CLOT_FORMATION,High_Endothelial_Venules,0.1053329594924751,nicheformer
REACTOME_FORMATION_OF_FIBRIN_CLOT_CLOTTING_CASCADE,High_Endothelial_Venules,0.10678278665084413,nicheformer
REACTOME_GAMMA_CARBOXYLATION_HYPUSINYLATION_HYDROXYLATION_AND_ARYLSULFATASE_ACTIVATION,High_Endothelial_Venules,0.10390816379296575,nicheformer
REACTOME_GAMMA_CARBOXYLATION_OF_PROTEIN_PRECURSORS,High_Endothelial_Venules,0.10400987485359237,nicheformer
REACTOME_GAMMA_CARBOXYLATION_TRANSPORT_AND_AMINO_TERMINAL_CLEAVAGE_OF_PROTEINS,High_Endothelial_Venules,0.10400987485359237,nicheformer
REACTOME_GPCR_LIGAND_BINDING,High_Endothelial_Venules,0.8589880934775113,nicheformer
REACTOME_G_ALPHA_I_SIGNALLING_EVENTS,High_Endothelial_Venules,0.8589880934775113,nicheformer
REACTOME_HEMOSTASIS,High_Endothelial_Venules,0.10678278665084413,nicheformer
REACTOME_IMMUNE_SYSTEM,High_Endothelial_Venules,0.8500252748678649,nicheformer
REACTOME_IMMUNOREGULATORY_INTERACTIONS_BETWEEN_A_LYMPHOID_AND_A_NON_LYMPHOID_CELL,High_Endothelial_Venules,0.8589880934775113,nicheformer
REACTOME_INITIAL_TRIGGERING_OF_COMPLEMENT,High_Endothelial_Venules,0.8544703537373416,nicheformer
REACTOME_INNATE_IMMUNE_SYSTEM,High_Endothelial_Venules,0.8500252748678649,nicheformer
REACTOME_INTRINSIC_PATHWAY_OF_FIBRIN_CLOT_FORMATION,High_Endothelial_Venules,0.10399980842367795,nicheformer
REACTOME_MEMBRANE_TRAFFICKING,High_Endothelial_Venules,0.10974704092670966,nicheformer
REACTOME_METABOLISM_OF_PROTEINS,High_Endothelial_Venules,0.2594531332712458,nicheformer
REACTOME_NEUTROPHIL_DEGRANULATION,High_Endothelial_Venules,0.8589880934775113,nicheformer
REACTOME_PEPTIDE_LIGAND_BINDING_RECEPTORS,High_Endothelial_Venules,0.8589880934775113,nicheformer
REACTOME_PLATELET_ACTIVATION_SIGNALING_AND_AGGREGATION,High_Endothelial_Venules,0.10974704092670966,nicheformer
REACTOME_POST_TRANSLATIONAL_PROTEIN_MODIFICATION,High_Endothelial_Venules,0.2594531332712458,nicheformer
REACTOME_REGULATION_OF_INSULIN_LIKE_GROWTH_FACTOR_IGF_TRANSPORT_AND_UPTAKE_BY_INSULIN_LIKE_GROWTH_FACTOR_BINDING_PROTEINS_IGFBPS,High_Endothelial_Venules,0.48991944448620545,nicheformer
REACTOME_RESPONSE_TO_ELEVATED_PLATELET_CYTOSOLIC_CA2,High_Endothelial_Venules,0.10974704092670966,nicheformer
REACTOME_SIGNALING_BY_GPCR,High_Endothelial_Venules,0.8589880934775113,nicheformer
REACTOME_TERMINAL_PATHWAY_OF_COMPLEMENT,High_Endothelial_Venules,0.8465695007477002,nicheformer
REACTOME_TRANSPORT_OF_GAMMA_CARBOXYLATED_PROTEIN_PRECURSORS_FROM_THE_ENDOPLASMIC_RETICULUM_TO_THE_GOLGI_APPARATUS,High_Endothelial_Venules,0.10400987485359237,nicheformer
REACTOME_TRANSPORT_TO_THE_GOLGI_AND_SUBSEQUENT_MODIFICATION,High_Endothelial_Venules,0.10974704092670966,nicheformer
REACTOME_VESICLE_MEDIATED_TRANSPORT,High_Endothelial_Venules,0.10974704092670966,nicheformer
REACTOME_ACTIVATION_OF_C3_AND_C5,Fibroblasts,0.8740312094102196,SpatialDWLS
REACTOME_ADAPTIVE_IMMUNE_SYSTEM,Fibroblasts,0.8831733419889165,SpatialDWLS
REACTOME_ALTERNATIVE_COMPLEMENT_ACTIVATION,Fibroblasts,0.8831733419889165,SpatialDWLS
REACTOME_ASPARAGINE_N_LINKED_GLYCOSYLATION,Fibroblasts,0.11770503208318991,SpatialDWLS
REACTOME_CARGO_CONCENTRATION_IN_THE_ER,Fibroblasts,0.11770503208318991,SpatialDWLS
REACTOME_CLASS_A_1_RHODOPSIN_LIKE_RECEPTORS,Fibroblasts,0.8831733419889165,SpatialDWLS
REACTOME_COMMON_PATHWAY_OF_FIBRIN_CLOT_FORMATION,Fibroblasts,0.11669191575314904,SpatialDWLS
REACTOME_COMPLEMENT_CASCADE,Fibroblasts,0.8635196393138429,SpatialDWLS
REACTOME_COPII_MEDIATED_VESICLE_TRANSPORT,Fibroblasts,0.11770503208318991,SpatialDWLS
REACTOME_ER_TO_GOLGI_ANTEROGRADE_TRANSPORT,Fibroblasts,0.11770503208318991,SpatialDWLS
REACTOME_EXTRINSIC_PATHWAY_OF_FIBRIN_CLOT_FORMATION,Fibroblasts,0.1176023633914605,SpatialDWLS
REACTOME_FORMATION_OF_FIBRIN_CLOT_CLOTTING_CASCADE,Fibroblasts,0.1176015827156888,SpatialDWLS
REACTOME_GAMMA_CARBOXYLATION_HYPUSINYLATION_HYDROXYLATION_AND_ARYLSULFATASE_ACTIVATION,Fibroblasts,0.11456000837778041,SpatialDWLS
REACTOME_GAMMA_CARBOXYLATION_OF_PROTEIN_PRECURSORS,Fibroblasts,0.11313236717130142,SpatialDWLS
REACTOME_GAMMA_CARBOXYLATION_TRANSPORT_AND_AMINO_TERMINAL_CLEAVAGE_OF_PROTEINS,Fibroblasts,0.11313236717130142,SpatialDWLS
REACTOME_GPCR_LIGAND_BINDING,Fibroblasts,0.8831733419889165,SpatialDWLS
REACTOME_G_ALPHA_I_SIGNALLING_EVENTS,Fibroblasts,0.8831733419889165,SpatialDWLS
REACTOME_HEMOSTASIS,Fibroblasts,0.1176015827156888,SpatialDWLS
REACTOME_IMMUNE_SYSTEM,Fibroblasts,0.8635196393138429,SpatialDWLS
REACTOME_IMMUNOREGULATORY_INTERACTIONS_BETWEEN_A_LYMPHOID_AND_A_NON_LYMPHOID_CELL,Fibroblasts,0.8831733419889165,SpatialDWLS
REACTOME_INITIAL_TRIGGERING_OF_COMPLEMENT,Fibroblasts,0.8740312094102196,SpatialDWLS
REACTOME_INNATE_IMMUNE_SYSTEM,Fibroblasts,0.8635196393138429,SpatialDWLS
REACTOME_INTRINSIC_PATHWAY_OF_FIBRIN_CLOT_FORMATION,Fibroblasts,0.11496599316316039,SpatialDWLS
REACTOME_MEMBRANE_TRAFFICKING,Fibroblasts,0.11770503208318991,SpatialDWLS
REACTOME_METABOLISM_OF_PROTEINS,Fibroblasts,0.2735021790841021,SpatialDWLS
REACTOME_NEUTROPHIL_DEGRANULATION,Fibroblasts,0.8831733419889165,SpatialDWLS
REACTOME_PEPTIDE_LIGAND_BINDING_RECEPTORS,Fibroblasts,0.8831733419889165,SpatialDWLS
REACTOME_PLATELET_ACTIVATION_SIGNALING_AND_AGGREGATION,Fibroblasts,0.11770503208318991,SpatialDWLS
REACTOME_POST_TRANSLATIONAL_PROTEIN_MODIFICATION,Fibroblasts,0.2735021790841021,SpatialDWLS
REACTOME_REGULATION_OF_INSULIN_LIKE_GROWTH_FACTOR_IGF_TRANSPORT_AND_UPTAKE_BY_INSULIN_LIKE_GROWTH_FACTOR_BINDING_PROTEINS_IGFBPS,Fibroblasts,0.5070886238898871,SpatialDWLS
REACTOME_RESPONSE_TO_ELEVATED_PLATELET_CYTOSOLIC_CA2,Fibroblasts,0.11770503208318991,SpatialDWLS
REACTOME_SIGNALING_BY_GPCR,Fibroblasts,0.8831733419889165,SpatialDWLS
REACTOME_TERMINAL_PATHWAY_OF_COMPLEMENT,Fibroblasts,0.8557238755511476,SpatialDWLS
REACTOME_TRANSPORT_OF_GAMMA_CARBOXYLATED_PROTEIN_PRECURSORS_FROM_THE_ENDOPLASMIC_RETICULUM_TO_THE_GOLGI_APPARATUS,Fibroblasts,0.11313236717130142,SpatialDWLS
REACTOME_TRANSPORT_TO_THE_GOLGI_AND_SUBSEQUENT_MODIFICATION,Fibroblasts,0.11770503208318991,SpatialDWLS
REACTOME_VESICLE_MEDIATED_TRANSPORT,Fibroblasts,0.11770503208318991,SpatialDWLS
REACTOME_ACTIVATION_OF_C3_AND_C5,unknown,0.865437842465797,SpatialDWLS
REACTOME_ADAPTIVE_IMMUNE_SYSTEM,unknown,0.866749145532975,SpatialDWLS
REACTOME_ALTERNATIVE_COMPLEMENT_ACTIVATION,unknown,0.866749145532975,SpatialDWLS
REACTOME_ASPARAGINE_N_LINKED_GLYCOSYLATION,unknown,0.11987324583020631,SpatialDWLS
REACTOME_CARGO_CONCENTRATION_IN_THE_ER,unknown,0.11987324583020631,SpatialDWLS
REACTOME_CLASS_A_1_RHODOPSIN_LIKE_RECEPTORS,unknown,0.866749145532975,SpatialDWLS
REACTOME_COMMON_PATHWAY_OF_FIBRIN_CLOT_FORMATION,unknown,0.11874179629572469,SpatialDWLS
REACTOME_COMPLEMENT_CASCADE,unknown,0.8607937717519956,SpatialDWLS
REACTOME_COPII_MEDIATED_VESICLE_TRANSPORT,unknown,0.11987324583020631,SpatialDWLS
REACTOME_ER_TO_GOLGI_ANTEROGRADE_TRANSPORT,unknown,0.11987324583020631,SpatialDWLS
REACTOME_EXTRINSIC_PATHWAY_OF_FIBRIN_CLOT_FORMATION,unknown,0.11587582175124492,SpatialDWLS
REACTOME_FORMATION_OF_FIBRIN_CLOT_CLOTTING_CASCADE,unknown,0.1175764193529387,SpatialDWLS
REACTOME_GAMMA_CARBOXYLATION_HYPUSINYLATION_HYDROXYLATION_AND_ARYLSULFATASE_ACTIVATION,unknown,0.11683267595338603,SpatialDWLS
REACTOME_GAMMA_CARBOXYLATION_OF_PROTEIN_PRECURSORS,unknown,0.11513897154713049,SpatialDWLS
REACTOME_GAMMA_CARBOXYLATION_TRANSPORT_AND_AMINO_TERMINAL_CLEAVAGE_OF_PROTEINS,unknown,0.11513897154713049,SpatialDWLS
REACTOME_GPCR_LIGAND_BINDING,unknown,0.866749145532975,SpatialDWLS
REACTOME_G_ALPHA_I_SIGNALLING_EVENTS,unknown,0.866749145532975,SpatialDWLS
REACTOME_HEMOSTASIS,unknown,0.1175764193529387,SpatialDWLS
REACTOME_IMMUNE_SYSTEM,unknown,0.8607937717519956,SpatialDWLS
REACTOME_IMMUNOREGULATORY_INTERACTIONS_BETWEEN_A_LYMPHOID_AND_A_NON_LYMPHOID_CELL,unknown,0.866749145532975,SpatialDWLS
REACTOME_INITIAL_TRIGGERING_OF_COMPLEMENT,unknown,0.865437842465797,SpatialDWLS
REACTOME_INNATE_IMMUNE_SYSTEM,unknown,0.8607937717519956,SpatialDWLS
REACTOME_INTRINSIC_PATHWAY_OF_FIBRIN_CLOT_FORMATION,unknown,0.11694575329900081,SpatialDWLS
REACTOME_MEMBRANE_TRAFFICKING,unknown,0.11987324583020631,SpatialDWLS
REACTOME_METABOLISM_OF_PROTEINS,unknown,0.26872784223472623,SpatialDWLS
REACTOME_NEUTROPHIL_DEGRANULATION,unknown,0.866749145532975,SpatialDWLS
REACTOME_PEPTIDE_LIGAND_BINDING_RECEPTORS,unknown,0.866749145532975,SpatialDWLS
REACTOME_PLATELET_ACTIVATION_SIGNALING_AND_AGGREGATION,unknown,0.11987324583020631,SpatialDWLS
REACTOME_POST_TRANSLATIONAL_PROTEIN_MODIFICATION,unknown,0.26872784223472623,SpatialDWLS
REACTOME_REGULATION_OF_INSULIN_LIKE_GROWTH_FACTOR_IGF_TRANSPORT_AND_UPTAKE_BY_INSULIN_LIKE_GROWTH_FACTOR_BINDING_PROTEINS_IGFBPS,unknown,0.49496912995979425,SpatialDWLS
REACTOME_RESPONSE_TO_ELEVATED_PLATELET_CYTOSOLIC_CA2,unknown,0.11987324583020631,SpatialDWLS
REACTOME_SIGNALING_BY_GPCR,unknown,0.866749145532975,SpatialDWLS
REACTOME_TERMINAL_PATHWAY_OF_COMPLEMENT,unknown,0.8573404246967666,SpatialDWLS
REACTOME_TRANSPORT_OF_GAMMA_CARBOXYLATED_PROTEIN_PRECURSORS_FROM_THE_ENDOPLASMIC_RETICULUM_TO_THE_GOLGI_APPARATUS,unknown,0.11513897154713049,SpatialDWLS
REACTOME_TRANSPORT_TO_THE_GOLGI_AND_SUBSEQUENT_MODIFICATION,unknown,0.11987324583020631,SpatialDWLS
REACTOME_VESICLE_MEDIATED_TRANSPORT,unknown,0.11987324583020631,SpatialDWLS
REACTOME_ACTIVATION_OF_C3_AND_C5,Plasma_IgG,0.8666228975427286,SpatialDWLS
REACTOME_ADAPTIVE_IMMUNE_SYSTEM,Plasma_IgG,0.8696356982293975,SpatialDWLS
REACTOME_ALTERNATIVE_COMPLEMENT_ACTIVATION,Plasma_IgG,0.8696356982293975,SpatialDWLS
REACTOME_ASPARAGINE_N_LINKED_GLYCOSYLATION,Plasma_IgG,0.11820648841086469,SpatialDWLS
REACTOME_CARGO_CONCENTRATION_IN_THE_ER,Plasma_IgG,0.11820648841086469,SpatialDWLS
REACTOME_CLASS_A_1_RHODOPSIN_LIKE_RECEPTORS,Plasma_IgG,0.8696356982293975,SpatialDWLS
REACTOME_COMMON_PATHWAY_OF_FIBRIN_CLOT_FORMATION,Plasma_IgG,0.11693657689400726,SpatialDWLS
REACTOME_COMPLEMENT_CASCADE,Plasma_IgG,0.8598451349311549,SpatialDWLS
REACTOME_COPII_MEDIATED_VESICLE_TRANSPORT,Plasma_IgG,0.11820648841086469,SpatialDWLS
REACTOME_ER_TO_GOLGI_ANTEROGRADE_TRANSPORT,Plasma_IgG,0.11820648841086469,SpatialDWLS
REACTOME_EXTRINSIC_PATHWAY_OF_FIBRIN_CLOT_FORMATION,Plasma_IgG,0.11505219483422234,SpatialDWLS
REACTOME_FORMATION_OF_FIBRIN_CLOT_CLOTTING_CASCADE,Plasma_IgG,0.11694910563534563,SpatialDWLS
REACTOME_GAMMA_CARBOXYLATION_HYPUSINYLATION_HYDROXYLATION_AND_ARYLSULFATASE_ACTIVATION,Plasma_IgG,0.11509110603422987,SpatialDWLS
REACTOME_GAMMA_CARBOXYLATION_OF_PROTEIN_PRECURSORS,Plasma_IgG,0.11275180757120977,SpatialDWLS
REACTOME_GAMMA_CARBOXYLATION_TRANSPORT_AND_AMINO_TERMINAL_CLEAVAGE_OF_PROTEINS,Plasma_IgG,0.11275180757120977,SpatialDWLS
REACTOME_GPCR_LIGAND_BINDING,Plasma_IgG,0.8696356982293975,SpatialDWLS
REACTOME_G_ALPHA_I_SIGNALLING_EVENTS,Plasma_IgG,0.8696356982293975,SpatialDWLS
REACTOME_HEMOSTASIS,Plasma_IgG,0.11694910563534563,SpatialDWLS
REACTOME_IMMUNE_SYSTEM,Plasma_IgG,0.8598451349311549,SpatialDWLS
REACTOME_IMMUNOREGULATORY_INTERACTIONS_BETWEEN_A_LYMPHOID_AND_A_NON_LYMPHOID_CELL,Plasma_IgG,0.8696356982293975,SpatialDWLS
REACTOME_INITIAL_TRIGGERING_OF_COMPLEMENT,Plasma_IgG,0.8666228975427286,SpatialDWLS
REACTOME_INNATE_IMMUNE_SYSTEM,Plasma_IgG,0.8598451349311549,SpatialDWLS
REACTOME_INTRINSIC_PATHWAY_OF_FIBRIN_CLOT_FORMATION,Plasma_IgG,0.11607173971117041,SpatialDWLS
REACTOME_MEMBRANE_TRAFFICKING,Plasma_IgG,0.11820648841086469,SpatialDWLS
REACTOME_METABOLISM_OF_PROTEINS,Plasma_IgG,0.2687176169139608,SpatialDWLS
REACTOME_NEUTROPHIL_DEGRANULATION,Plasma_IgG,0.8696356982293975,SpatialDWLS
REACTOME_PEPTIDE_LIGAND_BINDING_RECEPTORS,Plasma_IgG,0.8696356982293975,SpatialDWLS
REACTOME_PLATELET_ACTIVATION_SIGNALING_AND_AGGREGATION,Plasma_IgG,0.11820648841086469,SpatialDWLS
REACTOME_POST_TRANSLATIONAL_PROTEIN_MODIFICATION,Plasma_IgG,0.2687176169139608,SpatialDWLS
REACTOME_REGULATION_OF_INSULIN_LIKE_GROWTH_FACTOR_IGF_TRANSPORT_AND_UPTAKE_BY_INSULIN_LIKE_GROWTH_FACTOR_BINDING_PROTEINS_IGFBPS,Plasma_IgG,0.4965282959057595,SpatialDWLS
REACTOME_RESPONSE_TO_ELEVATED_PLATELET_CYTOSOLIC_CA2,Plasma_IgG,0.11820648841086469,SpatialDWLS
REACTOME_SIGNALING_BY_GPCR,Plasma_IgG,0.8696356982293975,SpatialDWLS
REACTOME_TERMINAL_PATHWAY_OF_COMPLEMENT,Plasma_IgG,0.8547919777799645,SpatialDWLS
REACTOME_TRANSPORT_OF_GAMMA_CARBOXYLATED_PROTEIN_PRECURSORS_FROM_THE_ENDOPLASMIC_RETICULUM_TO_THE_GOLGI_APPARATUS,Plasma_IgG,0.11275180757120977,SpatialDWLS
REACTOME_TRANSPORT_TO_THE_GOLGI_AND_SUBSEQUENT_MODIFICATION,Plasma_IgG,0.11820648841086469,SpatialDWLS
REACTOME_VESICLE_MEDIATED_TRANSPORT,Plasma_IgG,0.11820648841086469,SpatialDWLS
REACTOME_ACTIVATION_OF_C3_AND_C5,Cortex_CCL21,0.8681949179632994,SpatialDWLS
REACTOME_ADAPTIVE_IMMUNE_SYSTEM,Cortex_CCL21,0.8703420158099884,SpatialDWLS
REACTOME_ALTERNATIVE_COMPLEMENT_ACTIVATION,Cortex_CCL21,0.8703420158099884,SpatialDWLS
REACTOME_ASPARAGINE_N_LINKED_GLYCOSYLATION,Cortex_CCL21,0.1190671706754724,SpatialDWLS
REACTOME_CARGO_CONCENTRATION_IN_THE_ER,Cortex_CCL21,0.1190671706754724,SpatialDWLS
REACTOME_CLASS_A_1_RHODOPSIN_LIKE_RECEPTORS,Cortex_CCL21,0.8703420158099884,SpatialDWLS
REACTOME_COMMON_PATHWAY_OF_FIBRIN_CLOT_FORMATION,Cortex_CCL21,0.11856513384287973,SpatialDWLS
REACTOME_COMPLEMENT_CASCADE,Cortex_CCL21,0.8634910509538191,SpatialDWLS
REACTOME_COPII_MEDIATED_VESICLE_TRANSPORT,Cortex_CCL21,0.1190671706754724,SpatialDWLS
REACTOME_ER_TO_GOLGI_ANTEROGRADE_TRANSPORT,Cortex_CCL21,0.1190671706754724,SpatialDWLS
REACTOME_EXTRINSIC_PATHWAY_OF_FIBRIN_CLOT_FORMATION,Cortex_CCL21,0.11619884601524946,SpatialDWLS
REACTOME_FORMATION_OF_FIBRIN_CLOT_CLOTTING_CASCADE,Cortex_CCL21,0.11773389514234067,SpatialDWLS
REACTOME_GAMMA_CARBOXYLATION_HYPUSINYLATION_HYDROXYLATION_AND_ARYLSULFATASE_ACTIVATION,Cortex_CCL21,0.11790831835166898,SpatialDWLS
REACTOME_GAMMA_CARBOXYLATION_OF_PROTEIN_PRECURSORS,Cortex_CCL21,0.11593310054104203,SpatialDWLS
REACTOME_GAMMA_CARBOXYLATION_TRANSPORT_AND_AMINO_TERMINAL_CLEAVAGE_OF_PROTEINS,Cortex_CCL21,0.11593310054104203,SpatialDWLS
REACTOME_GPCR_LIGAND_BINDING,Cortex_CCL21,0.8703420158099884,SpatialDWLS
REACTOME_G_ALPHA_I_SIGNALLING_EVENTS,Cortex_CCL21,0.8703420158099884,SpatialDWLS
REACTOME_HEMOSTASIS,Cortex_CCL21,0.11773389514234067,SpatialDWLS
REACTOME_IMMUNE_SYSTEM,Cortex_CCL21,0.8634910509538191,SpatialDWLS
REACTOME_IMMUNOREGULATORY_INTERACTIONS_BETWEEN_A_LYMPHOID_AND_A_NON_LYMPHOID_CELL,Cortex_CCL21,0.8703420158099884,SpatialDWLS
REACTOME_INITIAL_TRIGGERING_OF_COMPLEMENT,Cortex_CCL21,0.8681949179632994,SpatialDWLS
REACTOME_INNATE_IMMUNE_SYSTEM,Cortex_CCL21,0.8634910509538191,SpatialDWLS
REACTOME_INTRINSIC_PATHWAY_OF_FIBRIN_CLOT_FORMATION,Cortex_CCL21,0.11819401875309224,SpatialDWLS
REACTOME_MEMBRANE_TRAFFICKING,Cortex_CCL21,0.1190671706754724,SpatialDWLS
REACTOME_METABOLISM_OF_PROTEINS,Cortex_CCL21,0.2699593403468338,SpatialDWLS
REACTOME_NEUTROPHIL_DEGRANULATION,Cortex_CCL21,0.8703420158099884,SpatialDWLS
REACTOME_PEPTIDE_LIGAND_BINDING_RECEPTORS,Cortex_CCL21,0.8703420158099884,SpatialDWLS
REACTOME_PLATELET_ACTIVATION_SIGNALING_AND_AGGREGATION,Cortex_CCL21,0.1190671706754724,SpatialDWLS
REACTOME_POST_TRANSLATIONAL_PROTEIN_MODIFICATION,Cortex_CCL21,0.2699593403468338,SpatialDWLS
REACTOME_REGULATION_OF_INSULIN_LIKE_GROWTH_FACTOR_IGF_TRANSPORT_AND_UPTAKE_BY_INSULIN_LIKE_GROWTH_FACTOR_BINDING_PROTEINS_IGFBPS,Cortex_CCL21,0.4960687997704276,SpatialDWLS
REACTOME_RESPONSE_TO_ELEVATED_PLATELET_CYTOSOLIC_CA2,Cortex_CCL21,0.1190671706754724,SpatialDWLS
REACTOME_SIGNALING_BY_GPCR,Cortex_CCL21,0.8703420158099884,SpatialDWLS
REACTOME_TERMINAL_PATHWAY_OF_COMPLEMENT,Cortex_CCL21,0.8598766445623974,SpatialDWLS
REACTOME_TRANSPORT_OF_GAMMA_CARBOXYLATED_PROTEIN_PRECURSORS_FROM_THE_ENDOPLASMIC_RETICULUM_TO_THE_GOLGI_APPARATUS,Cortex_CCL21,0.11593310054104203,SpatialDWLS
REACTOME_TRANSPORT_TO_THE_GOLGI_AND_SUBSEQUENT_MODIFICATION,Cortex_CCL21,0.1190671706754724,SpatialDWLS
REACTOME_VESICLE_MEDIATED_TRANSPORT,Cortex_CCL21,0.1190671706754724,SpatialDWLS
REACTOME_ACTIVATION_OF_C3_AND_C5,CAM,0.8535487163362252,SpatialDWLS
REACTOME_ADAPTIVE_IMMUNE_SYSTEM,CAM,0.8518126755099876,SpatialDWLS
REACTOME_ALTERNATIVE_COMPLEMENT_ACTIVATION,CAM,0.8518126755099876,SpatialDWLS
REACTOME_ASPARAGINE_N_LINKED_GLYCOSYLATION,CAM,0.10737729257569209,SpatialDWLS
REACTOME_CARGO_CONCENTRATION_IN_THE_ER,CAM,0.10737729257569209,SpatialDWLS
REACTOME_CLASS_A_1_RHODOPSIN_LIKE_RECEPTORS,CAM,0.8518126755099876,SpatialDWLS
REACTOME_COMMON_PATHWAY_OF_FIBRIN_CLOT_FORMATION,CAM,0.10727757731043101,SpatialDWLS
REACTOME_COMPLEMENT_CASCADE,CAM,0.8486180136079445,SpatialDWLS
REACTOME_COPII_MEDIATED_VESICLE_TRANSPORT,CAM,0.10737729257569209,SpatialDWLS
REACTOME_ER_TO_GOLGI_ANTEROGRADE_TRANSPORT,CAM,0.10737729257569209,SpatialDWLS
REACTOME_EXTRINSIC_PATHWAY_OF_FIBRIN_CLOT_FORMATION,CAM,0.11334316313880737,SpatialDWLS
REACTOME_FORMATION_OF_FIBRIN_CLOT_CLOTTING_CASCADE,CAM,0.1154888785201337,SpatialDWLS
REACTOME_GAMMA_CARBOXYLATION_HYPUSINYLATION_HYDROXYLATION_AND_ARYLSULFATASE_ACTIVATION,CAM,0.1064452089600868,SpatialDWLS
REACTOME_GAMMA_CARBOXYLATION_OF_PROTEIN_PRECURSORS,CAM,0.10654595090080936,SpatialDWLS
REACTOME_GAMMA_CARBOXYLATION_TRANSPORT_AND_AMINO_TERMINAL_CLEAVAGE_OF_PROTEINS,CAM,0.10654595090080936,SpatialDWLS
REACTOME_GPCR_LIGAND_BINDING,CAM,0.8518126755099876,SpatialDWLS
REACTOME_G_ALPHA_I_SIGNALLING_EVENTS,CAM,0.8518126755099876,SpatialDWLS
REACTOME_HEMOSTASIS,CAM,0.1154888785201337,SpatialDWLS
REACTOME_IMMUNE_SYSTEM,CAM,0.8486180136079445,SpatialDWLS
REACTOME_IMMUNOREGULATORY_INTERACTIONS_BETWEEN_A_LYMPHOID_AND_A_NON_LYMPHOID_CELL,CAM,0.8518126755099876,SpatialDWLS
REACTOME_INITIAL_TRIGGERING_OF_COMPLEMENT,CAM,0.8535487163362252,SpatialDWLS
REACTOME_INNATE_IMMUNE_SYSTEM,CAM,0.8486180136079445,SpatialDWLS
REACTOME_INTRINSIC_PATHWAY_OF_FIBRIN_CLOT_FORMATION,CAM,0.11408080898986085,SpatialDWLS
REACTOME_MEMBRANE_TRAFFICKING,CAM,0.10737729257569209,SpatialDWLS
REACTOME_METABOLISM_OF_PROTEINS,CAM,0.2564633214839828,SpatialDWLS
REACTOME_NEUTROPHIL_DEGRANULATION,CAM,0.8518126755099876,SpatialDWLS
REACTOME_PEPTIDE_LIGAND_BINDING_RECEPTORS,CAM,0.8518126755099876,SpatialDWLS
REACTOME_PLATELET_ACTIVATION_SIGNALING_AND_AGGREGATION,CAM,0.10737729257569209,SpatialDWLS
REACTOME_POST_TRANSLATIONAL_PROTEIN_MODIFICATION,CAM,0.2564633214839828,SpatialDWLS
REACTOME_REGULATION_OF_INSULIN_LIKE_GROWTH_FACTOR_IGF_TRANSPORT_AND_UPTAKE_BY_INSULIN_LIKE_GROWTH_FACTOR_BINDING_PROTEINS_IGFBPS,CAM,0.4808299351123833,SpatialDWLS
REACTOME_RESPONSE_TO_ELEVATED_PLATELET_CYTOSOLIC_CA2,CAM,0.10737729257569209,SpatialDWLS
REACTOME_SIGNALING_BY_GPCR,CAM,0.8518126755099876,SpatialDWLS
REACTOME_TERMINAL_PATHWAY_OF_COMPLEMENT,CAM,0.8450765756437325,SpatialDWLS
REACTOME_TRANSPORT_OF_GAMMA_CARBOXYLATED_PROTEIN_PRECURSORS_FROM_THE_ENDOPLASMIC_RETICULUM_TO_THE_GOLGI_APPARATUS,CAM,0.10654595090080936,SpatialDWLS
REACTOME_TRANSPORT_TO_THE_GOLGI_AND_SUBSEQUENT_MODIFICATION,CAM,0.10737729257569209,SpatialDWLS
REACTOME_VESICLE_MEDIATED_TRANSPORT,CAM,0.10737729257569209,SpatialDWLS
REACTOME_ACTIVATION_OF_C3_AND_C5,CAF,0.852719483128824,SpatialDWLS
REACTOME_ADAPTIVE_IMMUNE_SYSTEM,CAF,0.8526257894667285,SpatialDWLS
REACTOME_ALTERNATIVE_COMPLEMENT_ACTIVATION,CAF,0.8526257894667285,SpatialDWLS
REACTOME_ASPARAGINE_N_LINKED_GLYCOSYLATION,CAF,0.11079750666972976,SpatialDWLS
REACTOME_CARGO_CONCENTRATION_IN_THE_ER,CAF,0.11079750666972976,SpatialDWLS
REACTOME_CLASS_A_1_RHODOPSIN_LIKE_RECEPTORS,CAF,0.8526257894667285,SpatialDWLS
REACTOME_COMMON_PATHWAY_OF_FIBRIN_CLOT_FORMATION,CAF,0.10839296738071304,SpatialDWLS
REACTOME_COMPLEMENT_CASCADE,CAF,0.846214708792691,SpatialDWLS
REACTOME_COPII_MEDIATED_VESICLE_TRANSPORT,CAF,0.11079750666972976,SpatialDWLS
REACTOME_ER_TO_GOLGI_ANTEROGRADE_TRANSPORT,CAF,0.11079750666972976,SpatialDWLS
REACTOME_EXTRINSIC_PATHWAY_OF_FIBRIN_CLOT_FORMATION,CAF,0.1068969980576002,SpatialDWLS
REACTOME_FORMATION_OF_FIBRIN_CLOT_CLOTTING_CASCADE,CAF,0.11001389595973135,SpatialDWLS
REACTOME_GAMMA_CARBOXYLATION_HYPUSINYLATION_HYDROXYLATION_AND_ARYLSULFATASE_ACTIVATION,CAF,0.10687696416674121,SpatialDWLS
REACTOME_GAMMA_CARBOXYLATION_OF_PROTEIN_PRECURSORS,CAF,0.10261262656831371,SpatialDWLS
REACTOME_GAMMA_CARBOXYLATION_TRANSPORT_AND_AMINO_TERMINAL_CLEAVAGE_OF_PROTEINS,CAF,0.10261262656831371,SpatialDWLS
REACTOME_GPCR_LIGAND_BINDING,CAF,0.8526257894667285,SpatialDWLS
REACTOME_G_ALPHA_I_SIGNALLING_EVENTS,CAF,0.8526257894667285,SpatialDWLS
REACTOME_HEMOSTASIS,CAF,0.11001389595973135,SpatialDWLS
REACTOME_IMMUNE_SYSTEM,CAF,0.846214708792691,SpatialDWLS
REACTOME_IMMUNOREGULATORY_INTERACTIONS_BETWEEN_A_LYMPHOID_AND_A_NON_LYMPHOID_CELL,CAF,0.8526257894667285,SpatialDWLS
REACTOME_INITIAL_TRIGGERING_OF_COMPLEMENT,CAF,0.852719483128824,SpatialDWLS
REACTOME_INNATE_IMMUNE_SYSTEM,CAF,0.846214708792691,SpatialDWLS
REACTOME_INTRINSIC_PATHWAY_OF_FIBRIN_CLOT_FORMATION,CAF,0.10922776647204724,SpatialDWLS
REACTOME_MEMBRANE_TRAFFICKING,CAF,0.11079750666972976,SpatialDWLS
REACTOME_METABOLISM_OF_PROTEINS,CAF,0.2574076231599448,SpatialDWLS
REACTOME_NEUTROPHIL_DEGRANULATION,CAF,0.8526257894667285,SpatialDWLS
REACTOME_PEPTIDE_LIGAND_BINDING_RECEPTORS,CAF,0.8526257894667285,SpatialDWLS
REACTOME_PLATELET_ACTIVATION_SIGNALING_AND_AGGREGATION,CAF,0.11079750666972976,SpatialDWLS
REACTOME_POST_TRANSLATIONAL_PROTEIN_MODIFICATION,CAF,0.2574076231599448,SpatialDWLS
REACTOME_REGULATION_OF_INSULIN_LIKE_GROWTH_FACTOR_IGF_TRANSPORT_AND_UPTAKE_BY_INSULIN_LIKE_GROWTH_FACTOR_BINDING_PROTEINS_IGFBPS,CAF,0.4815409578399786,SpatialDWLS
REACTOME_RESPONSE_TO_ELEVATED_PLATELET_CYTOSOLIC_CA2,CAF,0.11079750666972976,SpatialDWLS
REACTOME_SIGNALING_BY_GPCR,CAF,0.8526257894667285,SpatialDWLS
REACTOME_TERMINAL_PATHWAY_OF_COMPLEMENT,CAF,0.8414321062142237,SpatialDWLS
REACTOME_TRANSPORT_OF_GAMMA_CARBOXYLATED_PROTEIN_PRECURSORS_FROM_THE_ENDOPLASMIC_RETICULUM_TO_THE_GOLGI_APPARATUS,CAF,0.10261262656831371,SpatialDWLS
REACTOME_TRANSPORT_TO_THE_GOLGI_AND_SUBSEQUENT_MODIFICATION,CAF,0.11079750666972976,SpatialDWLS
REACTOME_VESICLE_MEDIATED_TRANSPORT,CAF,0.11079750666972976,SpatialDWLS
REACTOME_ACTIVATION_OF_C3_AND_C5,Tumor,0.8489711011932638,SpatialDWLS
REACTOME_ADAPTIVE_IMMUNE_SYSTEM,Tumor,0.8474820880450019,SpatialDWLS
REACTOME_ALTERNATIVE_COMPLEMENT_ACTIVATION,Tumor,0.8474820880450019,SpatialDWLS
REACTOME_ASPARAGINE_N_LINKED_GLYCOSYLATION,Tumor,0.10908717862483527,SpatialDWLS
REACTOME_CARGO_CONCENTRATION_IN_THE_ER,Tumor,0.10908717862483527,SpatialDWLS
REACTOME_CLASS_A_1_RHODOPSIN_LIKE_RECEPTORS,Tumor,0.8474820880450019,SpatialDWLS
REACTOME_COMMON_PATHWAY_OF_FIBRIN_CLOT_FORMATION,Tumor,0.1077748520294115,SpatialDWLS
REACTOME_COMPLEMENT_CASCADE,Tumor,0.8447150895286029,SpatialDWLS
REACTOME_COPII_MEDIATED_VESICLE_TRANSPORT,Tumor,0.10908717862483527,SpatialDWLS
REACTOME_ER_TO_GOLGI_ANTEROGRADE_TRANSPORT,Tumor,0.10908717862483527,SpatialDWLS
REACTOME_EXTRINSIC_PATHWAY_OF_FIBRIN_CLOT_FORMATION,Tumor,0.11098663352582518,SpatialDWLS
REACTOME_FORMATION_OF_FIBRIN_CLOT_CLOTTING_CASCADE,Tumor,0.11365569742485948,SpatialDWLS
REACTOME_GAMMA_CARBOXYLATION_HYPUSINYLATION_HYDROXYLATION_AND_ARYLSULFATASE_ACTIVATION,Tumor,0.10701739716950036,SpatialDWLS
REACTOME_GAMMA_CARBOXYLATION_OF_PROTEIN_PRECURSORS,Tumor,0.10415091821781018,SpatialDWLS
REACTOME_GAMMA_CARBOXYLATION_TRANSPORT_AND_AMINO_TERMINAL_CLEAVAGE_OF_PROTEINS,Tumor,0.10415091821781018,SpatialDWLS
REACTOME_GPCR_LIGAND_BINDING,Tumor,0.8474820880450019,SpatialDWLS
REACTOME_G_ALPHA_I_SIGNALLING_EVENTS,Tumor,0.8474820880450019,SpatialDWLS
REACTOME_HEMOSTASIS,Tumor,0.11365569742485948,SpatialDWLS
REACTOME_IMMUNE_SYSTEM,Tumor,0.8447150895286029,SpatialDWLS
REACTOME_IMMUNOREGULATORY_INTERACTIONS_BETWEEN_A_LYMPHOID_AND_A_NON_LYMPHOID_CELL,Tumor,0.8474820880450019,SpatialDWLS
REACTOME_INITIAL_TRIGGERING_OF_COMPLEMENT,Tumor,0.8489711011932638,SpatialDWLS
REACTOME_INNATE_IMMUNE_SYSTEM,Tumor,0.8447150895286029,SpatialDWLS
REACTOME_INTRINSIC_PATHWAY_OF_FIBRIN_CLOT_FORMATION,Tumor,0.11256048418672356,SpatialDWLS
REACTOME_MEMBRANE_TRAFFICKING,Tumor,0.10908717862483527,SpatialDWLS
REACTOME_METABOLISM_OF_PROTEINS,Tumor,0.2551939048309981,SpatialDWLS
REACTOME_NEUTROPHIL_DEGRANULATION,Tumor,0.8474820880450019,SpatialDWLS
REACTOME_PEPTIDE_LIGAND_BINDING_RECEPTORS,Tumor,0.8474820880450019,SpatialDWLS
REACTOME_PLATELET_ACTIVATION_SIGNALING_AND_AGGREGATION,Tumor,0.10908717862483527,SpatialDWLS
REACTOME_POST_TRANSLATIONAL_PROTEIN_MODIFICATION,Tumor,0.2551939048309981,SpatialDWLS
REACTOME_REGULATION_OF_INSULIN_LIKE_GROWTH_FACTOR_IGF_TRANSPORT_AND_UPTAKE_BY_INSULIN_LIKE_GROWTH_FACTOR_BINDING_PROTEINS_IGFBPS,Tumor,0.4770054669677646,SpatialDWLS
REACTOME_RESPONSE_TO_ELEVATED_PLATELET_CYTOSOLIC_CA2,Tumor,0.10908717862483527,SpatialDWLS
REACTOME_SIGNALING_BY_GPCR,Tumor,0.8474820880450019,SpatialDWLS
REACTOME_TERMINAL_PATHWAY_OF_COMPLEMENT,Tumor,0.8416770433350339,SpatialDWLS
REACTOME_TRANSPORT_OF_GAMMA_CARBOXYLATED_PROTEIN_PRECURSORS_FROM_THE_ENDOPLASMIC_RETICULUM_TO_THE_GOLGI_APPARATUS,Tumor,0.10415091821781018,SpatialDWLS
REACTOME_TRANSPORT_TO_THE_GOLGI_AND_SUBSEQUENT_MODIFICATION,Tumor,0.10908717862483527,SpatialDWLS
REACTOME_VESICLE_MEDIATED_TRANSPORT,Tumor,0.10908717862483527,SpatialDWLS
REACTOME_ACTIVATION_OF_C3_AND_C5,Plasma_IgA,0.8664236590497182,SpatialDWLS
REACTOME_ADAPTIVE_IMMUNE_SYSTEM,Plasma_IgA,0.8685866650981211,SpatialDWLS
REACTOME_ALTERNATIVE_COMPLEMENT_ACTIVATION,Plasma_IgA,0.8685866650981211,SpatialDWLS
REACTOME_ASPARAGINE_N_LINKED_GLYCOSYLATION,Plasma_IgA,0.11623461944575668,SpatialDWLS
REACTOME_CARGO_CONCENTRATION_IN_THE_ER,Plasma_IgA,0.11623461944575668,SpatialDWLS
REACTOME_CLASS_A_1_RHODOPSIN_LIKE_RECEPTORS,Plasma_IgA,0.8685866650981211,SpatialDWLS
REACTOME_COMMON_PATHWAY_OF_FIBRIN_CLOT_FORMATION,Plasma_IgA,0.11574994625570946,SpatialDWLS
REACTOME_COMPLEMENT_CASCADE,Plasma_IgA,0.8616114478833623,SpatialDWLS
REACTOME_COPII_MEDIATED_VESICLE_TRANSPORT,Plasma_IgA,0.11623461944575668,SpatialDWLS
REACTOME_ER_TO_GOLGI_ANTEROGRADE_TRANSPORT,Plasma_IgA,0.11623461944575668,SpatialDWLS
REACTOME_EXTRINSIC_PATHWAY_OF_FIBRIN_CLOT_FORMATION,Plasma_IgA,0.11518373472311315,SpatialDWLS
REACTOME_FORMATION_OF_FIBRIN_CLOT_CLOTTING_CASCADE,Plasma_IgA,0.11575894591485757,SpatialDWLS
REACTOME_GAMMA_CARBOXYLATION_HYPUSINYLATION_HYDROXYLATION_AND_ARYLSULFATASE_ACTIVATION,Plasma_IgA,0.11514349369688255,SpatialDWLS
REACTOME_GAMMA_CARBOXYLATION_OF_PROTEIN_PRECURSORS,Plasma_IgA,0.11417004874137138,SpatialDWLS
REACTOME_GAMMA_CARBOXYLATION_TRANSPORT_AND_AMINO_TERMINAL_CLEAVAGE_OF_PROTEINS,Plasma_IgA,0.11417004874137138,SpatialDWLS
REACTOME_GPCR_LIGAND_BINDING,Plasma_IgA,0.8685866650981211,SpatialDWLS
REACTOME_G_ALPHA_I_SIGNALLING_EVENTS,Plasma_IgA,0.8685866650981211,SpatialDWLS
REACTOME_HEMOSTASIS,Plasma_IgA,0.11575894591485757,SpatialDWLS
REACTOME_IMMUNE_SYSTEM,Plasma_IgA,0.8616114478833623,SpatialDWLS
REACTOME_IMMUNOREGULATORY_INTERACTIONS_BETWEEN_A_LYMPHOID_AND_A_NON_LYMPHOID_CELL,Plasma_IgA,0.8685866650981211,SpatialDWLS
REACTOME_INITIAL_TRIGGERING_OF_COMPLEMENT,Plasma_IgA,0.8664236590497182,SpatialDWLS
REACTOME_INNATE_IMMUNE_SYSTEM,Plasma_IgA,0.8616114478833623,SpatialDWLS
REACTOME_INTRINSIC_PATHWAY_OF_FIBRIN_CLOT_FORMATION,Plasma_IgA,0.11538386480407382,SpatialDWLS
REACTOME_MEMBRANE_TRAFFICKING,Plasma_IgA,0.11623461944575668,SpatialDWLS
REACTOME_METABOLISM_OF_PROTEINS,Plasma_IgA,0.2676276902866684,SpatialDWLS
REACTOME_NEUTROPHIL_DEGRANULATION,Plasma_IgA,0.8685866650981211,SpatialDWLS
REACTOME_PEPTIDE_LIGAND_BINDING_RECEPTORS,Plasma_IgA,0.8685866650981211,SpatialDWLS
REACTOME_PLATELET_ACTIVATION_SIGNALING_AND_AGGREGATION,Plasma_IgA,0.11623461944575668,SpatialDWLS
REACTOME_POST_TRANSLATIONAL_PROTEIN_MODIFICATION,Plasma_IgA,0.2676276902866684,SpatialDWLS
REACTOME_REGULATION_OF_INSULIN_LIKE_GROWTH_FACTOR_IGF_TRANSPORT_AND_UPTAKE_BY_INSULIN_LIKE_GROWTH_FACTOR_BINDING_PROTEINS_IGFBPS,Plasma_IgA,0.49450088767027234,SpatialDWLS
REACTOME_RESPONSE_TO_ELEVATED_PLATELET_CYTOSOLIC_CA2,Plasma_IgA,0.11623461944575668,SpatialDWLS
REACTOME_SIGNALING_BY_GPCR,Plasma_IgA,0.8685866650981211,SpatialDWLS
REACTOME_TERMINAL_PATHWAY_OF_COMPLEMENT,Plasma_IgA,0.8579798593099144,SpatialDWLS
REACTOME_TRANSPORT_OF_GAMMA_CARBOXYLATED_PROTEIN_PRECURSORS_FROM_THE_ENDOPLASMIC_RETICULUM_TO_THE_GOLGI_APPARATUS,Plasma_IgA,0.11417004874137138,SpatialDWLS
REACTOME_TRANSPORT_TO_THE_GOLGI_AND_SUBSEQUENT_MODIFICATION,Plasma_IgA,0.11623461944575668,SpatialDWLS
REACTOME_VESICLE_MEDIATED_TRANSPORT,Plasma_IgA,0.11623461944575668,SpatialDWLS
REACTOME_ACTIVATION_OF_C3_AND_C5,Macrophages,0.8678276649062174,SpatialDWLS
REACTOME_ADAPTIVE_IMMUNE_SYSTEM,Macrophages,0.8695323222316603,SpatialDWLS
REACTOME_ALTERNATIVE_COMPLEMENT_ACTIVATION,Macrophages,0.8695323222316603,SpatialDWLS
REACTOME_ASPARAGINE_N_LINKED_GLYCOSYLATION,Macrophages,0.12357932112571525,SpatialDWLS
REACTOME_CARGO_CONCENTRATION_IN_THE_ER,Macrophages,0.12357932112571525,SpatialDWLS
REACTOME_CLASS_A_1_RHODOPSIN_LIKE_RECEPTORS,Macrophages,0.8695323222316603,SpatialDWLS
REACTOME_COMMON_PATHWAY_OF_FIBRIN_CLOT_FORMATION,Macrophages,0.1209315181727804,SpatialDWLS
REACTOME_COMPLEMENT_CASCADE,Macrophages,0.8630481279052267,SpatialDWLS
REACTOME_COPII_MEDIATED_VESICLE_TRANSPORT,Macrophages,0.12357932112571525,SpatialDWLS
REACTOME_ER_TO_GOLGI_ANTEROGRADE_TRANSPORT,Macrophages,0.12357932112571525,SpatialDWLS
REACTOME_EXTRINSIC_PATHWAY_OF_FIBRIN_CLOT_FORMATION,Macrophages,0.11456013530075478,SpatialDWLS
REACTOME_FORMATION_OF_FIBRIN_CLOT_CLOTTING_CASCADE,Macrophages,0.11782051531923515,SpatialDWLS
REACTOME_GAMMA_CARBOXYLATION_HYPUSINYLATION_HYDROXYLATION_AND_ARYLSULFATASE_ACTIVATION,Macrophages,0.11767921151632334,SpatialDWLS
REACTOME_GAMMA_CARBOXYLATION_OF_PROTEIN_PRECURSORS,Macrophages,0.11461479850009071,SpatialDWLS
REACTOME_GAMMA_CARBOXYLATION_TRANSPORT_AND_AMINO_TERMINAL_CLEAVAGE_OF_PROTEINS,Macrophages,0.11461479850009071,SpatialDWLS
REACTOME_GPCR_LIGAND_BINDING,Macrophages,0.8695323222316603,SpatialDWLS
REACTOME_G_ALPHA_I_SIGNALLING_EVENTS,Macrophages,0.8695323222316603,SpatialDWLS
REACTOME_HEMOSTASIS,Macrophages,0.11782051531923515,SpatialDWLS
REACTOME_IMMUNE_SYSTEM,Macrophages,0.8630481279052267,SpatialDWLS
REACTOME_IMMUNOREGULATORY_INTERACTIONS_BETWEEN_A_LYMPHOID_AND_A_NON_LYMPHOID_CELL,Macrophages,0.8695323222316603,SpatialDWLS
REACTOME_INITIAL_TRIGGERING_OF_COMPLEMENT,Macrophages,0.8678276649062174,SpatialDWLS
REACTOME_INNATE_IMMUNE_SYSTEM,Macrophages,0.8630481279052267,SpatialDWLS
REACTOME_INTRINSIC_PATHWAY_OF_FIBRIN_CLOT_FORMATION,Macrophages,0.11701567956468592,SpatialDWLS
REACTOME_MEMBRANE_TRAFFICKING,Macrophages,0.12357932112571525,SpatialDWLS
REACTOME_METABOLISM_OF_PROTEINS,Macrophages,0.2710718980431071,SpatialDWLS
REACTOME_NEUTROPHIL_DEGRANULATION,Macrophages,0.8695323222316603,SpatialDWLS
REACTOME_PEPTIDE_LIGAND_BINDING_RECEPTORS,Macrophages,0.8695323222316603,SpatialDWLS
REACTOME_PLATELET_ACTIVATION_SIGNALING_AND_AGGREGATION,Macrophages,0.12357932112571525,SpatialDWLS
REACTOME_POST_TRANSLATIONAL_PROTEIN_MODIFICATION,Macrophages,0.2710718980431071,SpatialDWLS
REACTOME_REGULATION_OF_INSULIN_LIKE_GROWTH_FACTOR_IGF_TRANSPORT_AND_UPTAKE_BY_INSULIN_LIKE_GROWTH_FACTOR_BINDING_PROTEINS_IGFBPS,Macrophages,0.4988913915757907,SpatialDWLS
REACTOME_RESPONSE_TO_ELEVATED_PLATELET_CYTOSOLIC_CA2,Macrophages,0.12357932112571525,SpatialDWLS
REACTOME_SIGNALING_BY_GPCR,Macrophages,0.8695323222316603,SpatialDWLS
REACTOME_TERMINAL_PATHWAY_OF_COMPLEMENT,Macrophages,0.8593956857290498,SpatialDWLS
REACTOME_TRANSPORT_OF_GAMMA_CARBOXYLATED_PROTEIN_PRECURSORS_FROM_THE_ENDOPLASMIC_RETICULUM_TO_THE_GOLGI_APPARATUS,Macrophages,0.11461479850009071,SpatialDWLS
REACTOME_TRANSPORT_TO_THE_GOLGI_AND_SUBSEQUENT_MODIFICATION,Macrophages,0.12357932112571525,SpatialDWLS
REACTOME_VESICLE_MEDIATED_TRANSPORT,Macrophages,0.12357932112571525,SpatialDWLS
REACTOME_ACTIVATION_OF_C3_AND_C5,Tumor_Keratin_Pearl,0.844236786989692,SpatialDWLS
REACTOME_ADAPTIVE_IMMUNE_SYSTEM,Tumor_Keratin_Pearl,0.8441611765215805,SpatialDWLS
REACTOME_ALTERNATIVE_COMPLEMENT_ACTIVATION,Tumor_Keratin_Pearl,0.8441611765215805,SpatialDWLS
REACTOME_ASPARAGINE_N_LINKED_GLYCOSYLATION,Tumor_Keratin_Pearl,0.10716848002240328,SpatialDWLS
REACTOME_CARGO_CONCENTRATION_IN_THE_ER,Tumor_Keratin_Pearl,0.10716848002240328,SpatialDWLS
REACTOME_CLASS_A_1_RHODOPSIN_LIKE_RECEPTORS,Tumor_Keratin_Pearl,0.8441611765215805,SpatialDWLS
REACTOME_COMMON_PATHWAY_OF_FIBRIN_CLOT_FORMATION,Tumor_Keratin_Pearl,0.10488873948701347,SpatialDWLS
REACTOME_COMPLEMENT_CASCADE,Tumor_Keratin_Pearl,0.839297625167041,SpatialDWLS
REACTOME_COPII_MEDIATED_VESICLE_TRANSPORT,Tumor_Keratin_Pearl,0.10716848002240328,SpatialDWLS
REACTOME_ER_TO_GOLGI_ANTEROGRADE_TRANSPORT,Tumor_Keratin_Pearl,0.10716848002240328,SpatialDWLS
REACTOME_EXTRINSIC_PATHWAY_OF_FIBRIN_CLOT_FORMATION,Tumor_Keratin_Pearl,0.10626218019455078,SpatialDWLS
REACTOME_FORMATION_OF_FIBRIN_CLOT_CLOTTING_CASCADE,Tumor_Keratin_Pearl,0.10860414288594254,SpatialDWLS
REACTOME_GAMMA_CARBOXYLATION_HYPUSINYLATION_HYDROXYLATION_AND_ARYLSULFATASE_ACTIVATION,Tumor_Keratin_Pearl,0.10481880698220017,SpatialDWLS
REACTOME_GAMMA_CARBOXYLATION_OF_PROTEIN_PRECURSORS,Tumor_Keratin_Pearl,0.09938594961877295,SpatialDWLS
REACTOME_GAMMA_CARBOXYLATION_TRANSPORT_AND_AMINO_TERMINAL_CLEAVAGE_OF_PROTEINS,Tumor_Keratin_Pearl,0.09938594961877295,SpatialDWLS
REACTOME_GPCR_LIGAND_BINDING,Tumor_Keratin_Pearl,0.8441611765215805,SpatialDWLS
REACTOME_G_ALPHA_I_SIGNALLING_EVENTS,Tumor_Keratin_Pearl,0.8441611765215805,SpatialDWLS
REACTOME_HEMOSTASIS,Tumor_Keratin_Pearl,0.10860414288594254,SpatialDWLS
REACTOME_IMMUNE_SYSTEM,Tumor_Keratin_Pearl,0.839297625167041,SpatialDWLS
REACTOME_IMMUNOREGULATORY_INTERACTIONS_BETWEEN_A_LYMPHOID_AND_A_NON_LYMPHOID_CELL,Tumor_Keratin_Pearl,0.8441611765215805,SpatialDWLS
REACTOME_INITIAL_TRIGGERING_OF_COMPLEMENT,Tumor_Keratin_Pearl,0.844236786989692,SpatialDWLS
REACTOME_INNATE_IMMUNE_SYSTEM,Tumor_Keratin_Pearl,0.839297625167041,SpatialDWLS
REACTOME_INTRINSIC_PATHWAY_OF_FIBRIN_CLOT_FORMATION,Tumor_Keratin_Pearl,0.10781147035266102,SpatialDWLS
REACTOME_MEMBRANE_TRAFFICKING,Tumor_Keratin_Pearl,0.10716848002240328,SpatialDWLS
REACTOME_METABOLISM_OF_PROTEINS,Tumor_Keratin_Pearl,0.2522729007094177,SpatialDWLS
REACTOME_NEUTROPHIL_DEGRANULATION,Tumor_Keratin_Pearl,0.8441611765215805,SpatialDWLS
REACTOME_PEPTIDE_LIGAND_BINDING_RECEPTORS,Tumor_Keratin_Pearl,0.8441611765215805,SpatialDWLS
REACTOME_PLATELET_ACTIVATION_SIGNALING_AND_AGGREGATION,Tumor_Keratin_Pearl,0.10716848002240328,SpatialDWLS
REACTOME_POST_TRANSLATIONAL_PROTEIN_MODIFICATION,Tumor_Keratin_Pearl,0.2522729007094177,SpatialDWLS
REACTOME_REGULATION_OF_INSULIN_LIKE_GROWTH_FACTOR_IGF_TRANSPORT_AND_UPTAKE_BY_INSULIN_LIKE_GROWTH_FACTOR_BINDING_PROTEINS_IGFBPS,Tumor_Keratin_Pearl,0.4727299099795125,SpatialDWLS
REACTOME_RESPONSE_TO_ELEVATED_PLATELET_CYTOSOLIC_CA2,Tumor_Keratin_Pearl,0.10716848002240328,SpatialDWLS
REACTOME_SIGNALING_BY_GPCR,Tumor_Keratin_Pearl,0.8441611765215805,SpatialDWLS
REACTOME_TERMINAL_PATHWAY_OF_COMPLEMENT,Tumor_Keratin_Pearl,0.8357562601900956,SpatialDWLS
REACTOME_TRANSPORT_OF_GAMMA_CARBOXYLATED_PROTEIN_PRECURSORS_FROM_THE_ENDOPLASMIC_RETICULUM_TO_THE_GOLGI_APPARATUS,Tumor_Keratin_Pearl,0.09938594961877295,SpatialDWLS
REACTOME_TRANSPORT_TO_THE_GOLGI_AND_SUBSEQUENT_MODIFICATION,Tumor_Keratin_Pearl,0.10716848002240328,SpatialDWLS
REACTOME_VESICLE_MEDIATED_TRANSPORT,Tumor_Keratin_Pearl,0.10716848002240328,SpatialDWLS
REACTOME_ACTIVATION_OF_C3_AND_C5,Cytotoxic_IFN_signaling,0.8670100113980533,SpatialDWLS
REACTOME_ADAPTIVE_IMMUNE_SYSTEM,Cytotoxic_IFN_signaling,0.871253469373543,SpatialDWLS
REACTOME_ALTERNATIVE_COMPLEMENT_ACTIVATION,Cytotoxic_IFN_signaling,0.871253469373543,SpatialDWLS
REACTOME_ASPARAGINE_N_LINKED_GLYCOSYLATION,Cytotoxic_IFN_signaling,0.11515637297774348,SpatialDWLS
REACTOME_CARGO_CONCENTRATION_IN_THE_ER,Cytotoxic_IFN_signaling,0.11515637297774348,SpatialDWLS
REACTOME_CLASS_A_1_RHODOPSIN_LIKE_RECEPTORS,Cytotoxic_IFN_signaling,0.871253469373543,SpatialDWLS
REACTOME_COMMON_PATHWAY_OF_FIBRIN_CLOT_FORMATION,Cytotoxic_IFN_signaling,0.1145618483056088,SpatialDWLS
REACTOME_COMPLEMENT_CASCADE,Cytotoxic_IFN_signaling,0.8608171461558384,SpatialDWLS
REACTOME_COPII_MEDIATED_VESICLE_TRANSPORT,Cytotoxic_IFN_signaling,0.11515637297774348,SpatialDWLS
REACTOME_ER_TO_GOLGI_ANTEROGRADE_TRANSPORT,Cytotoxic_IFN_signaling,0.11515637297774348,SpatialDWLS
REACTOME_EXTRINSIC_PATHWAY_OF_FIBRIN_CLOT_FORMATION,Cytotoxic_IFN_signaling,0.12010875219298739,SpatialDWLS
REACTOME_FORMATION_OF_FIBRIN_CLOT_CLOTTING_CASCADE,Cytotoxic_IFN_signaling,0.11840779779460758,SpatialDWLS
REACTOME_GAMMA_CARBOXYLATION_HYPUSINYLATION_HYDROXYLATION_AND_ARYLSULFATASE_ACTIVATION,Cytotoxic_IFN_signaling,0.11449124456101328,SpatialDWLS
REACTOME_GAMMA_CARBOXYLATION_OF_PROTEIN_PRECURSORS,Cytotoxic_IFN_signaling,0.11274270393927982,SpatialDWLS
REACTOME_GAMMA_CARBOXYLATION_TRANSPORT_AND_AMINO_TERMINAL_CLEAVAGE_OF_PROTEINS,Cytotoxic_IFN_signaling,0.11274270393927982,SpatialDWLS
REACTOME_GPCR_LIGAND_BINDING,Cytotoxic_IFN_signaling,0.871253469373543,SpatialDWLS
REACTOME_G_ALPHA_I_SIGNALLING_EVENTS,Cytotoxic_IFN_signaling,0.871253469373543,SpatialDWLS
REACTOME_HEMOSTASIS,Cytotoxic_IFN_signaling,0.11840779779460758,SpatialDWLS
REACTOME_IMMUNE_SYSTEM,Cytotoxic_IFN_signaling,0.8608171461558384,SpatialDWLS
REACTOME_IMMUNOREGULATORY_INTERACTIONS_BETWEEN_A_LYMPHOID_AND_A_NON_LYMPHOID_CELL,Cytotoxic_IFN_signaling,0.871253469373543,SpatialDWLS
REACTOME_INITIAL_TRIGGERING_OF_COMPLEMENT,Cytotoxic_IFN_signaling,0.8670100113980533,SpatialDWLS
REACTOME_INNATE_IMMUNE_SYSTEM,Cytotoxic_IFN_signaling,0.8608171461558384,SpatialDWLS
REACTOME_INTRINSIC_PATHWAY_OF_FIBRIN_CLOT_FORMATION,Cytotoxic_IFN_signaling,0.11554850493531903,SpatialDWLS
REACTOME_MEMBRANE_TRAFFICKING,Cytotoxic_IFN_signaling,0.11515637297774348,SpatialDWLS
REACTOME_METABOLISM_OF_PROTEINS,Cytotoxic_IFN_signaling,0.26783077675473826,SpatialDWLS
REACTOME_NEUTROPHIL_DEGRANULATION,Cytotoxic_IFN_signaling,0.871253469373543,SpatialDWLS
REACTOME_PEPTIDE_LIGAND_BINDING_RECEPTORS,Cytotoxic_IFN_signaling,0.871253469373543,SpatialDWLS
REACTOME_PLATELET_ACTIVATION_SIGNALING_AND_AGGREGATION,Cytotoxic_IFN_signaling,0.11515637297774348,SpatialDWLS
REACTOME_POST_TRANSLATIONAL_PROTEIN_MODIFICATION,Cytotoxic_IFN_signaling,0.26783077675473826,SpatialDWLS
REACTOME_REGULATION_OF_INSULIN_LIKE_GROWTH_FACTOR_IGF_TRANSPORT_AND_UPTAKE_BY_INSULIN_LIKE_GROWTH_FACTOR_BINDING_PROTEINS_IGFBPS,Cytotoxic_IFN_signaling,0.495381314162361,SpatialDWLS
REACTOME_RESPONSE_TO_ELEVATED_PLATELET_CYTOSOLIC_CA2,Cytotoxic_IFN_signaling,0.11515637297774348,SpatialDWLS
REACTOME_SIGNALING_BY_GPCR,Cytotoxic_IFN_signaling,0.871253469373543,SpatialDWLS
REACTOME_TERMINAL_PATHWAY_OF_COMPLEMENT,Cytotoxic_IFN_signaling,0.8561358184915818,SpatialDWLS
REACTOME_TRANSPORT_OF_GAMMA_CARBOXYLATED_PROTEIN_PRECURSORS_FROM_THE_ENDOPLASMIC_RETICULUM_TO_THE_GOLGI_APPARATUS,Cytotoxic_IFN_signaling,0.11274270393927982,SpatialDWLS
REACTOME_TRANSPORT_TO_THE_GOLGI_AND_SUBSEQUENT_MODIFICATION,Cytotoxic_IFN_signaling,0.11515637297774348,SpatialDWLS
REACTOME_VESICLE_MEDIATED_TRANSPORT,Cytotoxic_IFN_signaling,0.11515637297774348,SpatialDWLS
REACTOME_ACTIVATION_OF_C3_AND_C5,T_cell,0.8696857867981858,SpatialDWLS
REACTOME_ADAPTIVE_IMMUNE_SYSTEM,T_cell,0.8723215127626491,SpatialDWLS
REACTOME_ALTERNATIVE_COMPLEMENT_ACTIVATION,T_cell,0.8723215127626491,SpatialDWLS
REACTOME_ASPARAGINE_N_LINKED_GLYCOSYLATION,T_cell,0.11304504710715024,SpatialDWLS
REACTOME_CARGO_CONCENTRATION_IN_THE_ER,T_cell,0.11304504710715024,SpatialDWLS
REACTOME_CLASS_A_1_RHODOPSIN_LIKE_RECEPTORS,T_cell,0.8723215127626491,SpatialDWLS
REACTOME_COMMON_PATHWAY_OF_FIBRIN_CLOT_FORMATION,T_cell,0.11329584478883879,SpatialDWLS
REACTOME_COMPLEMENT_CASCADE,T_cell,0.8634573810754832,SpatialDWLS
REACTOME_COPII_MEDIATED_VESICLE_TRANSPORT,T_cell,0.11304504710715024,SpatialDWLS
REACTOME_ER_TO_GOLGI_ANTEROGRADE_TRANSPORT,T_cell,0.11304504710715024,SpatialDWLS
REACTOME_EXTRINSIC_PATHWAY_OF_FIBRIN_CLOT_FORMATION,T_cell,0.11327226184939962,SpatialDWLS
REACTOME_FORMATION_OF_FIBRIN_CLOT_CLOTTING_CASCADE,T_cell,0.11504580110085004,SpatialDWLS
REACTOME_GAMMA_CARBOXYLATION_HYPUSINYLATION_HYDROXYLATION_AND_ARYLSULFATASE_ACTIVATION,T_cell,0.1132250959705213,SpatialDWLS
REACTOME_GAMMA_CARBOXYLATION_OF_PROTEIN_PRECURSORS,T_cell,0.1133269385859797,SpatialDWLS
REACTOME_GAMMA_CARBOXYLATION_TRANSPORT_AND_AMINO_TERMINAL_CLEAVAGE_OF_PROTEINS,T_cell,0.1133269385859797,SpatialDWLS
REACTOME_GPCR_LIGAND_BINDING,T_cell,0.8723215127626491,SpatialDWLS
REACTOME_G_ALPHA_I_SIGNALLING_EVENTS,T_cell,0.8723215127626491,SpatialDWLS
REACTOME_HEMOSTASIS,T_cell,0.11504580110085004,SpatialDWLS
REACTOME_IMMUNE_SYSTEM,T_cell,0.8634573810754832,SpatialDWLS
REACTOME_IMMUNOREGULATORY_INTERACTIONS_BETWEEN_A_LYMPHOID_AND_A_NON_LYMPHOID_CELL,T_cell,0.8723215127626491,SpatialDWLS
REACTOME_INITIAL_TRIGGERING_OF_COMPLEMENT,T_cell,0.8696857867981858,SpatialDWLS
REACTOME_INNATE_IMMUNE_SYSTEM,T_cell,0.8634573810754832,SpatialDWLS
REACTOME_INTRINSIC_PATHWAY_OF_FIBRIN_CLOT_FORMATION,T_cell,0.11595437198511314,SpatialDWLS
REACTOME_MEMBRANE_TRAFFICKING,T_cell,0.11304504710715024,SpatialDWLS
REACTOME_METABOLISM_OF_PROTEINS,T_cell,0.2675189451836112,SpatialDWLS
REACTOME_NEUTROPHIL_DEGRANULATION,T_cell,0.8723215127626491,SpatialDWLS
REACTOME_PEPTIDE_LIGAND_BINDING_RECEPTORS,T_cell,0.8723215127626491,SpatialDWLS
REACTOME_PLATELET_ACTIVATION_SIGNALING_AND_AGGREGATION,T_cell,0.11304504710715024,SpatialDWLS
REACTOME_POST_TRANSLATIONAL_PROTEIN_MODIFICATION,T_cell,0.2675189451836112,SpatialDWLS
REACTOME_REGULATION_OF_INSULIN_LIKE_GROWTH_FACTOR_IGF_TRANSPORT_AND_UPTAKE_BY_INSULIN_LIKE_GROWTH_FACTOR_BINDING_PROTEINS_IGFBPS,T_cell,0.4963775718182412,SpatialDWLS
REACTOME_RESPONSE_TO_ELEVATED_PLATELET_CYTOSOLIC_CA2,T_cell,0.11304504710715024,SpatialDWLS
REACTOME_SIGNALING_BY_GPCR,T_cell,0.8723215127626491,SpatialDWLS
REACTOME_TERMINAL_PATHWAY_OF_COMPLEMENT,T_cell,0.8587247986651282,SpatialDWLS
REACTOME_TRANSPORT_OF_GAMMA_CARBOXYLATED_PROTEIN_PRECURSORS_FROM_THE_ENDOPLASMIC_RETICULUM_TO_THE_GOLGI_APPARATUS,T_cell,0.1133269385859797,SpatialDWLS
REACTOME_TRANSPORT_TO_THE_GOLGI_AND_SUBSEQUENT_MODIFICATION,T_cell,0.11304504710715024,SpatialDWLS
REACTOME_VESICLE_MEDIATED_TRANSPORT,T_cell,0.11304504710715024,SpatialDWLS
REACTOME_ACTIVATION_OF_C3_AND_C5,Germinal_Center_Plasma_IgM_B_cell,0.8622427068642462,SpatialDWLS
REACTOME_ADAPTIVE_IMMUNE_SYSTEM,Germinal_Center_Plasma_IgM_B_cell,0.8655313414685533,SpatialDWLS
REACTOME_ALTERNATIVE_COMPLEMENT_ACTIVATION,Germinal_Center_Plasma_IgM_B_cell,0.8655313414685533,SpatialDWLS
REACTOME_ASPARAGINE_N_LINKED_GLYCOSYLATION,Germinal_Center_Plasma_IgM_B_cell,0.11731716646631,SpatialDWLS
REACTOME_CARGO_CONCENTRATION_IN_THE_ER,Germinal_Center_Plasma_IgM_B_cell,0.11731716646631,SpatialDWLS
REACTOME_CLASS_A_1_RHODOPSIN_LIKE_RECEPTORS,Germinal_Center_Plasma_IgM_B_cell,0.8655313414685533,SpatialDWLS
REACTOME_COMMON_PATHWAY_OF_FIBRIN_CLOT_FORMATION,Germinal_Center_Plasma_IgM_B_cell,0.11500130983658022,SpatialDWLS
REACTOME_COMPLEMENT_CASCADE,Germinal_Center_Plasma_IgM_B_cell,0.8547868014610128,SpatialDWLS
REACTOME_COPII_MEDIATED_VESICLE_TRANSPORT,Germinal_Center_Plasma_IgM_B_cell,0.11731716646631,SpatialDWLS
REACTOME_ER_TO_GOLGI_ANTEROGRADE_TRANSPORT,Germinal_Center_Plasma_IgM_B_cell,0.11731716646631,SpatialDWLS
REACTOME_EXTRINSIC_PATHWAY_OF_FIBRIN_CLOT_FORMATION,Germinal_Center_Plasma_IgM_B_cell,0.10935477801501813,SpatialDWLS
REACTOME_FORMATION_OF_FIBRIN_CLOT_CLOTTING_CASCADE,Germinal_Center_Plasma_IgM_B_cell,0.11296698654187412,SpatialDWLS
REACTOME_GAMMA_CARBOXYLATION_HYPUSINYLATION_HYDROXYLATION_AND_ARYLSULFATASE_ACTIVATION,Germinal_Center_Plasma_IgM_B_cell,0.11212874924808387,SpatialDWLS
REACTOME_GAMMA_CARBOXYLATION_OF_PROTEIN_PRECURSORS,Germinal_Center_Plasma_IgM_B_cell,0.1094098565258145,SpatialDWLS
REACTOME_GAMMA_CARBOXYLATION_TRANSPORT_AND_AMINO_TERMINAL_CLEAVAGE_OF_PROTEINS,Germinal_Center_Plasma_IgM_B_cell,0.1094098565258145,SpatialDWLS
REACTOME_GPCR_LIGAND_BINDING,Germinal_Center_Plasma_IgM_B_cell,0.8655313414685533,SpatialDWLS
REACTOME_G_ALPHA_I_SIGNALLING_EVENTS,Germinal_Center_Plasma_IgM_B_cell,0.8655313414685533,SpatialDWLS
REACTOME_HEMOSTASIS,Germinal_Center_Plasma_IgM_B_cell,0.11296698654187412,SpatialDWLS
REACTOME_IMMUNE_SYSTEM,Germinal_Center_Plasma_IgM_B_cell,0.8547868014610128,SpatialDWLS
REACTOME_IMMUNOREGULATORY_INTERACTIONS_BETWEEN_A_LYMPHOID_AND_A_NON_LYMPHOID_CELL,Germinal_Center_Plasma_IgM_B_cell,0.8655313414685533,SpatialDWLS
REACTOME_INITIAL_TRIGGERING_OF_COMPLEMENT,Germinal_Center_Plasma_IgM_B_cell,0.8622427068642462,SpatialDWLS
REACTOME_INNATE_IMMUNE_SYSTEM,Germinal_Center_Plasma_IgM_B_cell,0.8547868014610128,SpatialDWLS
REACTOME_INTRINSIC_PATHWAY_OF_FIBRIN_CLOT_FORMATION,Germinal_Center_Plasma_IgM_B_cell,0.11261984329857197,SpatialDWLS
REACTOME_MEMBRANE_TRAFFICKING,Germinal_Center_Plasma_IgM_B_cell,0.11731716646631,SpatialDWLS
REACTOME_METABOLISM_OF_PROTEINS,Germinal_Center_Plasma_IgM_B_cell,0.26599484828467923,SpatialDWLS
REACTOME_NEUTROPHIL_DEGRANULATION,Germinal_Center_Plasma_IgM_B_cell,0.8655313414685533,SpatialDWLS
REACTOME_PEPTIDE_LIGAND_BINDING_RECEPTORS,Germinal_Center_Plasma_IgM_B_cell,0.8655313414685533,SpatialDWLS
REACTOME_PLATELET_ACTIVATION_SIGNALING_AND_AGGREGATION,Germinal_Center_Plasma_IgM_B_cell,0.11731716646631,SpatialDWLS
REACTOME_POST_TRANSLATIONAL_PROTEIN_MODIFICATION,Germinal_Center_Plasma_IgM_B_cell,0.26599484828467923,SpatialDWLS
REACTOME_REGULATION_OF_INSULIN_LIKE_GROWTH_FACTOR_IGF_TRANSPORT_AND_UPTAKE_BY_INSULIN_LIKE_GROWTH_FACTOR_BINDING_PROTEINS_IGFBPS,Germinal_Center_Plasma_IgM_B_cell,0.4941116329001663,SpatialDWLS
REACTOME_RESPONSE_TO_ELEVATED_PLATELET_CYTOSOLIC_CA2,Germinal_Center_Plasma_IgM_B_cell,0.11731716646631,SpatialDWLS
REACTOME_SIGNALING_BY_GPCR,Germinal_Center_Plasma_IgM_B_cell,0.8655313414685533,SpatialDWLS
REACTOME_TERMINAL_PATHWAY_OF_COMPLEMENT,Germinal_Center_Plasma_IgM_B_cell,0.8493750071606846,SpatialDWLS
REACTOME_TRANSPORT_OF_GAMMA_CARBOXYLATED_PROTEIN_PRECURSORS_FROM_THE_ENDOPLASMIC_RETICULUM_TO_THE_GOLGI_APPARATUS,Germinal_Center_Plasma_IgM_B_cell,0.1094098565258145,SpatialDWLS
REACTOME_TRANSPORT_TO_THE_GOLGI_AND_SUBSEQUENT_MODIFICATION,Germinal_Center_Plasma_IgM_B_cell,0.11731716646631,SpatialDWLS
REACTOME_VESICLE_MEDIATED_TRANSPORT,Germinal_Center_Plasma_IgM_B_cell,0.11731716646631,SpatialDWLS
REACTOME_ACTIVATION_OF_C3_AND_C5,M1_macrophages,0.8669201890424765,SpatialDWLS
REACTOME_ADAPTIVE_IMMUNE_SYSTEM,M1_macrophages,0.8642608984046847,SpatialDWLS
REACTOME_ALTERNATIVE_COMPLEMENT_ACTIVATION,M1_macrophages,0.8642608984046847,SpatialDWLS
REACTOME_ASPARAGINE_N_LINKED_GLYCOSYLATION,M1_macrophages,0.14101140063564063,SpatialDWLS
REACTOME_CARGO_CONCENTRATION_IN_THE_ER,M1_macrophages,0.14101140063564063,SpatialDWLS
REACTOME_CLASS_A_1_RHODOPSIN_LIKE_RECEPTORS,M1_macrophages,0.8642608984046847,SpatialDWLS
REACTOME_COMMON_PATHWAY_OF_FIBRIN_CLOT_FORMATION,M1_macrophages,0.1316821506799042,SpatialDWLS
REACTOME_COMPLEMENT_CASCADE,M1_macrophages,0.8595027137629251,SpatialDWLS
REACTOME_COPII_MEDIATED_VESICLE_TRANSPORT,M1_macrophages,0.14101140063564063,SpatialDWLS
REACTOME_ER_TO_GOLGI_ANTEROGRADE_TRANSPORT,M1_macrophages,0.14101140063564063,SpatialDWLS
REACTOME_EXTRINSIC_PATHWAY_OF_FIBRIN_CLOT_FORMATION,M1_macrophages,0.11068357839016604,SpatialDWLS
REACTOME_FORMATION_OF_FIBRIN_CLOT_CLOTTING_CASCADE,M1_macrophages,0.12148228466982718,SpatialDWLS
REACTOME_GAMMA_CARBOXYLATION_HYPUSINYLATION_HYDROXYLATION_AND_ARYLSULFATASE_ACTIVATION,M1_macrophages,0.11063788644500268,SpatialDWLS
REACTOME_GAMMA_CARBOXYLATION_OF_PROTEIN_PRECURSORS,M1_macrophages,0.11073797230430783,SpatialDWLS
REACTOME_GAMMA_CARBOXYLATION_TRANSPORT_AND_AMINO_TERMINAL_CLEAVAGE_OF_PROTEINS,M1_macrophages,0.11073797230430783,SpatialDWLS
REACTOME_GPCR_LIGAND_BINDING,M1_macrophages,0.8642608984046847,SpatialDWLS
REACTOME_G_ALPHA_I_SIGNALLING_EVENTS,M1_macrophages,0.8642608984046847,SpatialDWLS
REACTOME_HEMOSTASIS,M1_macrophages,0.12148228466982718,SpatialDWLS
REACTOME_IMMUNE_SYSTEM,M1_macrophages,0.8595027137629251,SpatialDWLS
REACTOME_IMMUNOREGULATORY_INTERACTIONS_BETWEEN_A_LYMPHOID_AND_A_NON_LYMPHOID_CELL,M1_macrophages,0.8642608984046847,SpatialDWLS
REACTOME_INITIAL_TRIGGERING_OF_COMPLEMENT,M1_macrophages,0.8669201890424765,SpatialDWLS
REACTOME_INNATE_IMMUNE_SYSTEM,M1_macrophages,0.8595027137629251,SpatialDWLS
REACTOME_INTRINSIC_PATHWAY_OF_FIBRIN_CLOT_FORMATION,M1_macrophages,0.11072793768818696,SpatialDWLS
REACTOME_MEMBRANE_TRAFFICKING,M1_macrophages,0.14101140063564063,SpatialDWLS
REACTOME_METABOLISM_OF_PROTEINS,M1_macrophages,0.2755829375219722,SpatialDWLS
REACTOME_NEUTROPHIL_DEGRANULATION,M1_macrophages,0.8642608984046847,SpatialDWLS
REACTOME_PEPTIDE_LIGAND_BINDING_RECEPTORS,M1_macrophages,0.8642608984046847,SpatialDWLS
REACTOME_PLATELET_ACTIVATION_SIGNALING_AND_AGGREGATION,M1_macrophages,0.14101140063564063,SpatialDWLS
REACTOME_POST_TRANSLATIONAL_PROTEIN_MODIFICATION,M1_macrophages,0.2755829375219722,SpatialDWLS
REACTOME_REGULATION_OF_INSULIN_LIKE_GROWTH_FACTOR_IGF_TRANSPORT_AND_UPTAKE_BY_INSULIN_LIKE_GROWTH_FACTOR_BINDING_PROTEINS_IGFBPS,M1_macrophages,0.518389535076795,SpatialDWLS
REACTOME_RESPONSE_TO_ELEVATED_PLATELET_CYTOSOLIC_CA2,M1_macrophages,0.14101140063564063,SpatialDWLS
REACTOME_SIGNALING_BY_GPCR,M1_macrophages,0.8642608984046847,SpatialDWLS
REACTOME_TERMINAL_PATHWAY_OF_COMPLEMENT,M1_macrophages,0.8539051126387432,SpatialDWLS
REACTOME_TRANSPORT_OF_GAMMA_CARBOXYLATED_PROTEIN_PRECURSORS_FROM_THE_ENDOPLASMIC_RETICULUM_TO_THE_GOLGI_APPARATUS,M1_macrophages,0.11073797230430783,SpatialDWLS
REACTOME_TRANSPORT_TO_THE_GOLGI_AND_SUBSEQUENT_MODIFICATION,M1_macrophages,0.14101140063564063,SpatialDWLS
REACTOME_VESICLE_MEDIATED_TRANSPORT,M1_macrophages,0.14101140063564063,SpatialDWLS
REACTOME_ACTIVATION_OF_C3_AND_C5,High_Endothelial_Venules,0.859391574879325,SpatialDWLS
REACTOME_ADAPTIVE_IMMUNE_SYSTEM,High_Endothelial_Venules,0.857840886819752,SpatialDWLS
REACTOME_ALTERNATIVE_COMPLEMENT_ACTIVATION,High_Endothelial_Venules,0.857840886819752,SpatialDWLS
REACTOME_ASPARAGINE_N_LINKED_GLYCOSYLATION,High_Endothelial_Venules,0.112663600164258,SpatialDWLS
REACTOME_CARGO_CONCENTRATION_IN_THE_ER,High_Endothelial_Venules,0.112663600164258,SpatialDWLS
REACTOME_CLASS_A_1_RHODOPSIN_LIKE_RECEPTORS,High_Endothelial_Venules,0.857840886819752,SpatialDWLS
REACTOME_COMMON_PATHWAY_OF_FIBRIN_CLOT_FORMATION,High_Endothelial_Venules,0.112915114034595,SpatialDWLS
REACTOME_COMPLEMENT_CASCADE,High_Endothelial_Venules,0.855992510126433,SpatialDWLS
REACTOME_COPII_MEDIATED_VESICLE_TRANSPORT,High_Endothelial_Venules,0.112663600164258,SpatialDWLS
REACTOME_ER_TO_GOLGI_ANTEROGRADE_TRANSPORT,High_Endothelial_Venules,0.112663600164258,SpatialDWLS
REACTOME_EXTRINSIC_PATHWAY_OF_FIBRIN_CLOT_FORMATION,High_Endothelial_Venules,0.112891531095155,SpatialDWLS
REACTOME_FORMATION_OF_FIBRIN_CLOT_CLOTTING_CASCADE,High_Endothelial_Venules,0.112879649570668,SpatialDWLS
REACTOME_GAMMA_CARBOXYLATION_HYPUSINYLATION_HYDROXYLATION_AND_ARYLSULFATASE_ACTIVATION,High_Endothelial_Venules,0.112844365216277,SpatialDWLS
REACTOME_GAMMA_CARBOXYLATION_OF_PROTEIN_PRECURSORS,High_Endothelial_Venules,0.112946585659176,SpatialDWLS
REACTOME_GAMMA_CARBOXYLATION_TRANSPORT_AND_AMINO_TERMINAL_CLEAVAGE_OF_PROTEINS,High_Endothelial_Venules,0.112946585659176,SpatialDWLS
REACTOME_GPCR_LIGAND_BINDING,High_Endothelial_Venules,0.857840886819752,SpatialDWLS
REACTOME_G_ALPHA_I_SIGNALLING_EVENTS,High_Endothelial_Venules,0.857840886819752,SpatialDWLS
REACTOME_HEMOSTASIS,High_Endothelial_Venules,0.112879649570668,SpatialDWLS
REACTOME_IMMUNE_SYSTEM,High_Endothelial_Venules,0.855992510126433,SpatialDWLS
REACTOME_IMMUNOREGULATORY_INTERACTIONS_BETWEEN_A_LYMPHOID_AND_A_NON_LYMPHOID_CELL,High_Endothelial_Venules,0.857840886819752,SpatialDWLS
REACTOME_INITIAL_TRIGGERING_OF_COMPLEMENT,High_Endothelial_Venules,0.859391574879325,SpatialDWLS
REACTOME_INNATE_IMMUNE_SYSTEM,High_Endothelial_Venules,0.855992510126433,SpatialDWLS
REACTOME_INTRINSIC_PATHWAY_OF_FIBRIN_CLOT_FORMATION,High_Endothelial_Venules,0.112936703682287,SpatialDWLS
REACTOME_MEMBRANE_TRAFFICKING,High_Endothelial_Venules,0.112663600164258,SpatialDWLS
REACTOME_METABOLISM_OF_PROTEINS,High_Endothelial_Venules,0.261845322566655,SpatialDWLS
REACTOME_NEUTROPHIL_DEGRANULATION,High_Endothelial_Venules,0.857840886819752,SpatialDWLS
REACTOME_PEPTIDE_LIGAND_BINDING_RECEPTORS,High_Endothelial_Venules,0.857840886819752,SpatialDWLS
REACTOME_PLATELET_ACTIVATION_SIGNALING_AND_AGGREGATION,High_Endothelial_Venules,0.112663600164258,SpatialDWLS
REACTOME_POST_TRANSLATIONAL_PROTEIN_MODIFICATION,High_Endothelial_Venules,0.261845322566655,SpatialDWLS
REACTOME_REGULATION_OF_INSULIN_LIKE_GROWTH_FACTOR_IGF_TRANSPORT_AND_UPTAKE_BY_INSULIN_LIKE_GROWTH_FACTOR_BINDING_PROTEINS_IGFBPS,High_Endothelial_Venules,0.485284750597632,SpatialDWLS
REACTOME_RESPONSE_TO_ELEVATED_PLATELET_CYTOSOLIC_CA2,High_Endothelial_Venules,0.112663600164258,SpatialDWLS
REACTOME_SIGNALING_BY_GPCR,High_Endothelial_Venules,0.857840886819752,SpatialDWLS
REACTOME_TERMINAL_PATHWAY_OF_COMPLEMENT,High_Endothelial_Venules,0.853608075939052,SpatialDWLS
REACTOME_TRANSPORT_OF_GAMMA_CARBOXYLATED_PROTEIN_PRECURSORS_FROM_THE_ENDOPLASMIC_RETICULUM_TO_THE_GOLGI_APPARATUS,High_Endothelial_Venules,0.112946585659176,SpatialDWLS
REACTOME_TRANSPORT_TO_THE_GOLGI_AND_SUBSEQUENT_MODIFICATION,High_Endothelial_Venules,0.112663600164258,SpatialDWLS
REACTOME_VESICLE_MEDIATED_TRANSPORT,High_Endothelial_Venules,0.112663600164258,SpatialDWLS
REACTOME_ACTIVATION_OF_C3_AND_C5,CAM,0.8623301179535698,SPOTlight
REACTOME_ADAPTIVE_IMMUNE_SYSTEM,CAM,0.8617105797530382,SPOTlight
REACTOME_ALTERNATIVE_COMPLEMENT_ACTIVATION,CAM,0.8617105797530382,SPOTlight
REACTOME_ASPARAGINE_N_LINKED_GLYCOSYLATION,CAM,0.11447107984720292,SPOTlight
REACTOME_CARGO_CONCENTRATION_IN_THE_ER,CAM,0.11447107984720292,SPOTlight
REACTOME_CLASS_A_1_RHODOPSIN_LIKE_RECEPTORS,CAM,0.8617105797530382,SPOTlight
REACTOME_COMMON_PATHWAY_OF_FIBRIN_CLOT_FORMATION,CAM,0.11398317849135327,SPOTlight
REACTOME_COMPLEMENT_CASCADE,CAM,0.8558935217563611,SPOTlight
REACTOME_COPII_MEDIATED_VESICLE_TRANSPORT,CAM,0.11447107984720292,SPOTlight
REACTOME_ER_TO_GOLGI_ANTEROGRADE_TRANSPORT,CAM,0.11447107984720292,SPOTlight
REACTOME_EXTRINSIC_PATHWAY_OF_FIBRIN_CLOT_FORMATION,CAM,0.11360888962198042,SPOTlight
REACTOME_FORMATION_OF_FIBRIN_CLOT_CLOTTING_CASCADE,CAM,0.11496576587433495,SPOTlight
REACTOME_GAMMA_CARBOXYLATION_HYPUSINYLATION_HYDROXYLATION_AND_ARYLSULFATASE_ACTIVATION,CAM,0.11217669880743662,SPOTlight
REACTOME_GAMMA_CARBOXYLATION_OF_PROTEIN_PRECURSORS,CAM,0.1111960656658886,SPOTlight
REACTOME_GAMMA_CARBOXYLATION_TRANSPORT_AND_AMINO_TERMINAL_CLEAVAGE_OF_PROTEINS,CAM,0.1111960656658886,SPOTlight
REACTOME_GPCR_LIGAND_BINDING,CAM,0.8617105797530382,SPOTlight
REACTOME_G_ALPHA_I_SIGNALLING_EVENTS,CAM,0.8617105797530382,SPOTlight
REACTOME_HEMOSTASIS,CAM,0.11496576587433495,SPOTlight
REACTOME_IMMUNE_SYSTEM,CAM,0.8558935217563611,SPOTlight
REACTOME_IMMUNOREGULATORY_INTERACTIONS_BETWEEN_A_LYMPHOID_AND_A_NON_LYMPHOID_CELL,CAM,0.8617105797530382,SPOTlight
REACTOME_INITIAL_TRIGGERING_OF_COMPLEMENT,CAM,0.8623301179535698,SPOTlight
REACTOME_INNATE_IMMUNE_SYSTEM,CAM,0.8558935217563611,SPOTlight
REACTOME_INTRINSIC_PATHWAY_OF_FIBRIN_CLOT_FORMATION,CAM,0.11389278139289541,SPOTlight
REACTOME_MEMBRANE_TRAFFICKING,CAM,0.11447107984720292,SPOTlight
REACTOME_METABOLISM_OF_PROTEINS,CAM,0.2640710606384305,SPOTlight
REACTOME_NEUTROPHIL_DEGRANULATION,CAM,0.8617105797530382,SPOTlight
REACTOME_PEPTIDE_LIGAND_BINDING_RECEPTORS,CAM,0.8617105797530382,SPOTlight
REACTOME_PLATELET_ACTIVATION_SIGNALING_AND_AGGREGATION,CAM,0.11447107984720292,SPOTlight
REACTOME_POST_TRANSLATIONAL_PROTEIN_MODIFICATION,CAM,0.2640710606384305,SPOTlight
REACTOME_REGULATION_OF_INSULIN_LIKE_GROWTH_FACTOR_IGF_TRANSPORT_AND_UPTAKE_BY_INSULIN_LIKE_GROWTH_FACTOR_BINDING_PROTEINS_IGFBPS,CAM,0.49019452251070283,SPOTlight
REACTOME_RESPONSE_TO_ELEVATED_PLATELET_CYTOSOLIC_CA2,CAM,0.11447107984720292,SPOTlight
REACTOME_SIGNALING_BY_GPCR,CAM,0.8617105797530382,SPOTlight
REACTOME_TERMINAL_PATHWAY_OF_COMPLEMENT,CAM,0.8511517595117255,SPOTlight
REACTOME_TRANSPORT_OF_GAMMA_CARBOXYLATED_PROTEIN_PRECURSORS_FROM_THE_ENDOPLASMIC_RETICULUM_TO_THE_GOLGI_APPARATUS,CAM,0.1111960656658886,SPOTlight
REACTOME_TRANSPORT_TO_THE_GOLGI_AND_SUBSEQUENT_MODIFICATION,CAM,0.11447107984720292,SPOTlight
REACTOME_VESICLE_MEDIATED_TRANSPORT,CAM,0.11447107984720292,SPOTlight
REACTOME_ACTIVATION_OF_C3_AND_C5,CAF,0.8700499519007561,SPOTlight
REACTOME_ADAPTIVE_IMMUNE_SYSTEM,CAF,0.8773506726112689,SPOTlight
REACTOME_ALTERNATIVE_COMPLEMENT_ACTIVATION,CAF,0.8773506726112689,SPOTlight
REACTOME_ASPARAGINE_N_LINKED_GLYCOSYLATION,CAF,0.11866298131291524,SPOTlight
REACTOME_CARGO_CONCENTRATION_IN_THE_ER,CAF,0.11866298131291524,SPOTlight
REACTOME_CLASS_A_1_RHODOPSIN_LIKE_RECEPTORS,CAF,0.8773506726112689,SPOTlight
REACTOME_COMMON_PATHWAY_OF_FIBRIN_CLOT_FORMATION,CAF,0.11685332942661987,SPOTlight
REACTOME_COMPLEMENT_CASCADE,CAF,0.8599548079520523,SPOTlight
REACTOME_COPII_MEDIATED_VESICLE_TRANSPORT,CAF,0.11866298131291524,SPOTlight
REACTOME_ER_TO_GOLGI_ANTEROGRADE_TRANSPORT,CAF,0.11866298131291524,SPOTlight
REACTOME_EXTRINSIC_PATHWAY_OF_FIBRIN_CLOT_FORMATION,CAF,0.11592371161804897,SPOTlight
REACTOME_FORMATION_OF_FIBRIN_CLOT_CLOTTING_CASCADE,CAF,0.11742727932969166,SPOTlight
REACTOME_GAMMA_CARBOXYLATION_HYPUSINYLATION_HYDROXYLATION_AND_ARYLSULFATASE_ACTIVATION,CAF,0.11429512884623466,SPOTlight
REACTOME_GAMMA_CARBOXYLATION_OF_PROTEIN_PRECURSORS,CAF,0.11129675316484576,SPOTlight
REACTOME_GAMMA_CARBOXYLATION_TRANSPORT_AND_AMINO_TERMINAL_CLEAVAGE_OF_PROTEINS,CAF,0.11129675316484576,SPOTlight
REACTOME_GPCR_LIGAND_BINDING,CAF,0.8773506726112689,SPOTlight
REACTOME_G_ALPHA_I_SIGNALLING_EVENTS,CAF,0.8773506726112689,SPOTlight
REACTOME_HEMOSTASIS,CAF,0.11742727932969166,SPOTlight
REACTOME_IMMUNE_SYSTEM,CAF,0.8599548079520523,SPOTlight
REACTOME_IMMUNOREGULATORY_INTERACTIONS_BETWEEN_A_LYMPHOID_AND_A_NON_LYMPHOID_CELL,CAF,0.8773506726112689,SPOTlight
REACTOME_INITIAL_TRIGGERING_OF_COMPLEMENT,CAF,0.8700499519007561,SPOTlight
REACTOME_INNATE_IMMUNE_SYSTEM,CAF,0.8599548079520523,SPOTlight
REACTOME_INTRINSIC_PATHWAY_OF_FIBRIN_CLOT_FORMATION,CAF,0.11519334242373394,SPOTlight
REACTOME_MEMBRANE_TRAFFICKING,CAF,0.11866298131291524,SPOTlight
REACTOME_METABOLISM_OF_PROTEINS,CAF,0.271463807658258,SPOTlight
REACTOME_NEUTROPHIL_DEGRANULATION,CAF,0.8773506726112689,SPOTlight
REACTOME_PEPTIDE_LIGAND_BINDING_RECEPTORS,CAF,0.8773506726112689,SPOTlight
REACTOME_PLATELET_ACTIVATION_SIGNALING_AND_AGGREGATION,CAF,0.11866298131291524,SPOTlight
REACTOME_POST_TRANSLATIONAL_PROTEIN_MODIFICATION,CAF,0.271463807658258,SPOTlight
REACTOME_REGULATION_OF_INSULIN_LIKE_GROWTH_FACTOR_IGF_TRANSPORT_AND_UPTAKE_BY_INSULIN_LIKE_GROWTH_FACTOR_BINDING_PROTEINS_IGFBPS,CAF,0.5028900579503505,SPOTlight
REACTOME_RESPONSE_TO_ELEVATED_PLATELET_CYTOSOLIC_CA2,CAF,0.11866298131291524,SPOTlight
REACTOME_SIGNALING_BY_GPCR,CAF,0.8773506726112689,SPOTlight
REACTOME_TERMINAL_PATHWAY_OF_COMPLEMENT,CAF,0.8524883086888834,SPOTlight
REACTOME_TRANSPORT_OF_GAMMA_CARBOXYLATED_PROTEIN_PRECURSORS_FROM_THE_ENDOPLASMIC_RETICULUM_TO_THE_GOLGI_APPARATUS,CAF,0.11129675316484576,SPOTlight
REACTOME_TRANSPORT_TO_THE_GOLGI_AND_SUBSEQUENT_MODIFICATION,CAF,0.11866298131291524,SPOTlight
REACTOME_VESICLE_MEDIATED_TRANSPORT,CAF,0.11866298131291524,SPOTlight
REACTOME_ACTIVATION_OF_C3_AND_C5,T_cell,0.8658260034692835,SPOTlight
REACTOME_ADAPTIVE_IMMUNE_SYSTEM,T_cell,0.8678564322149047,SPOTlight
REACTOME_ALTERNATIVE_COMPLEMENT_ACTIVATION,T_cell,0.8678564322149047,SPOTlight
REACTOME_ASPARAGINE_N_LINKED_GLYCOSYLATION,T_cell,0.11931485019440109,SPOTlight
REACTOME_CARGO_CONCENTRATION_IN_THE_ER,T_cell,0.11931485019440109,SPOTlight
REACTOME_CLASS_A_1_RHODOPSIN_LIKE_RECEPTORS,T_cell,0.8678564322149047,SPOTlight
REACTOME_COMMON_PATHWAY_OF_FIBRIN_CLOT_FORMATION,T_cell,0.11837995016228993,SPOTlight
REACTOME_COMPLEMENT_CASCADE,T_cell,0.8610078434443592,SPOTlight
REACTOME_COPII_MEDIATED_VESICLE_TRANSPORT,T_cell,0.11931485019440109,SPOTlight
REACTOME_ER_TO_GOLGI_ANTEROGRADE_TRANSPORT,T_cell,0.11931485019440109,SPOTlight
REACTOME_EXTRINSIC_PATHWAY_OF_FIBRIN_CLOT_FORMATION,T_cell,0.11553295803581683,SPOTlight
REACTOME_FORMATION_OF_FIBRIN_CLOT_CLOTTING_CASCADE,T_cell,0.11717841644999213,SPOTlight
REACTOME_GAMMA_CARBOXYLATION_HYPUSINYLATION_HYDROXYLATION_AND_ARYLSULFATASE_ACTIVATION,T_cell,0.11615826233985847,SPOTlight
REACTOME_GAMMA_CARBOXYLATION_OF_PROTEIN_PRECURSORS,T_cell,0.1149595681276346,SPOTlight
REACTOME_GAMMA_CARBOXYLATION_TRANSPORT_AND_AMINO_TERMINAL_CLEAVAGE_OF_PROTEINS,T_cell,0.1149595681276346,SPOTlight
REACTOME_GPCR_LIGAND_BINDING,T_cell,0.8678564322149047,SPOTlight
REACTOME_G_ALPHA_I_SIGNALLING_EVENTS,T_cell,0.8678564322149047,SPOTlight
REACTOME_HEMOSTASIS,T_cell,0.11717841644999213,SPOTlight
REACTOME_IMMUNE_SYSTEM,T_cell,0.8610078434443592,SPOTlight
REACTOME_IMMUNOREGULATORY_INTERACTIONS_BETWEEN_A_LYMPHOID_AND_A_NON_LYMPHOID_CELL,T_cell,0.8678564322149047,SPOTlight
REACTOME_INITIAL_TRIGGERING_OF_COMPLEMENT,T_cell,0.8658260034692835,SPOTlight
REACTOME_INNATE_IMMUNE_SYSTEM,T_cell,0.8610078434443592,SPOTlight
REACTOME_INTRINSIC_PATHWAY_OF_FIBRIN_CLOT_FORMATION,T_cell,0.11638264056372215,SPOTlight
REACTOME_MEMBRANE_TRAFFICKING,T_cell,0.11931485019440109,SPOTlight
REACTOME_METABOLISM_OF_PROTEINS,T_cell,0.2689085413739053,SPOTlight
REACTOME_NEUTROPHIL_DEGRANULATION,T_cell,0.8678564322149047,SPOTlight
REACTOME_PEPTIDE_LIGAND_BINDING_RECEPTORS,T_cell,0.8678564322149047,SPOTlight
REACTOME_PLATELET_ACTIVATION_SIGNALING_AND_AGGREGATION,T_cell,0.11931485019440109,SPOTlight
REACTOME_POST_TRANSLATIONAL_PROTEIN_MODIFICATION,T_cell,0.2689085413739053,SPOTlight
REACTOME_REGULATION_OF_INSULIN_LIKE_GROWTH_FACTOR_IGF_TRANSPORT_AND_UPTAKE_BY_INSULIN_LIKE_GROWTH_FACTOR_BINDING_PROTEINS_IGFBPS,T_cell,0.4961301026741989,SPOTlight
REACTOME_RESPONSE_TO_ELEVATED_PLATELET_CYTOSOLIC_CA2,T_cell,0.11931485019440109,SPOTlight
REACTOME_SIGNALING_BY_GPCR,T_cell,0.8678564322149047,SPOTlight
REACTOME_TERMINAL_PATHWAY_OF_COMPLEMENT,T_cell,0.8573915159600327,SPOTlight
REACTOME_TRANSPORT_OF_GAMMA_CARBOXYLATED_PROTEIN_PRECURSORS_FROM_THE_ENDOPLASMIC_RETICULUM_TO_THE_GOLGI_APPARATUS,T_cell,0.1149595681276346,SPOTlight
REACTOME_TRANSPORT_TO_THE_GOLGI_AND_SUBSEQUENT_MODIFICATION,T_cell,0.11931485019440109,SPOTlight
REACTOME_VESICLE_MEDIATED_TRANSPORT,T_cell,0.11931485019440109,SPOTlight
REACTOME_ACTIVATION_OF_C3_AND_C5,Fibroblasts,0.8675946893576658,SPOTlight
REACTOME_ADAPTIVE_IMMUNE_SYSTEM,Fibroblasts,0.8714116656339566,SPOTlight
REACTOME_ALTERNATIVE_COMPLEMENT_ACTIVATION,Fibroblasts,0.8714116656339566,SPOTlight
REACTOME_ASPARAGINE_N_LINKED_GLYCOSYLATION,Fibroblasts,0.1202643172337681,SPOTlight
REACTOME_CARGO_CONCENTRATION_IN_THE_ER,Fibroblasts,0.1202643172337681,SPOTlight
REACTOME_CLASS_A_1_RHODOPSIN_LIKE_RECEPTORS,Fibroblasts,0.8714116656339566,SPOTlight
REACTOME_COMMON_PATHWAY_OF_FIBRIN_CLOT_FORMATION,Fibroblasts,0.11792400263434914,SPOTlight
REACTOME_COMPLEMENT_CASCADE,Fibroblasts,0.8606567918235779,SPOTlight
REACTOME_COPII_MEDIATED_VESICLE_TRANSPORT,Fibroblasts,0.1202643172337681,SPOTlight
REACTOME_ER_TO_GOLGI_ANTEROGRADE_TRANSPORT,Fibroblasts,0.1202643172337681,SPOTlight
REACTOME_EXTRINSIC_PATHWAY_OF_FIBRIN_CLOT_FORMATION,Fibroblasts,0.11411878245757781,SPOTlight
REACTOME_FORMATION_OF_FIBRIN_CLOT_CLOTTING_CASCADE,Fibroblasts,0.1167667964266931,SPOTlight
REACTOME_GAMMA_CARBOXYLATION_HYPUSINYLATION_HYDROXYLATION_AND_ARYLSULFATASE_ACTIVATION,Fibroblasts,0.11470084357568082,SPOTlight
REACTOME_GAMMA_CARBOXYLATION_OF_PROTEIN_PRECURSORS,Fibroblasts,0.11228244413950175,SPOTlight
REACTOME_GAMMA_CARBOXYLATION_TRANSPORT_AND_AMINO_TERMINAL_CLEAVAGE_OF_PROTEINS,Fibroblasts,0.11228244413950175,SPOTlight
REACTOME_GPCR_LIGAND_BINDING,Fibroblasts,0.8714116656339566,SPOTlight
REACTOME_G_ALPHA_I_SIGNALLING_EVENTS,Fibroblasts,0.8714116656339566,SPOTlight
REACTOME_HEMOSTASIS,Fibroblasts,0.1167667964266931,SPOTlight
REACTOME_IMMUNE_SYSTEM,Fibroblasts,0.8606567918235779,SPOTlight
REACTOME_IMMUNOREGULATORY_INTERACTIONS_BETWEEN_A_LYMPHOID_AND_A_NON_LYMPHOID_CELL,Fibroblasts,0.8714116656339566,SPOTlight
REACTOME_INITIAL_TRIGGERING_OF_COMPLEMENT,Fibroblasts,0.8675946893576658,SPOTlight
REACTOME_INNATE_IMMUNE_SYSTEM,Fibroblasts,0.8606567918235779,SPOTlight
REACTOME_INTRINSIC_PATHWAY_OF_FIBRIN_CLOT_FORMATION,Fibroblasts,0.11515428185148865,SPOTlight
REACTOME_MEMBRANE_TRAFFICKING,Fibroblasts,0.1202643172337681,SPOTlight
REACTOME_METABOLISM_OF_PROTEINS,Fibroblasts,0.2699536091751791,SPOTlight
REACTOME_NEUTROPHIL_DEGRANULATION,Fibroblasts,0.8714116656339566,SPOTlight
REACTOME_PEPTIDE_LIGAND_BINDING_RECEPTORS,Fibroblasts,0.8714116656339566,SPOTlight
REACTOME_PLATELET_ACTIVATION_SIGNALING_AND_AGGREGATION,Fibroblasts,0.1202643172337681,SPOTlight
REACTOME_POST_TRANSLATIONAL_PROTEIN_MODIFICATION,Fibroblasts,0.2699536091751791,SPOTlight
REACTOME_REGULATION_OF_INSULIN_LIKE_GROWTH_FACTOR_IGF_TRANSPORT_AND_UPTAKE_BY_INSULIN_LIKE_GROWTH_FACTOR_BINDING_PROTEINS_IGFBPS,Fibroblasts,0.4997128750439362,SPOTlight
REACTOME_RESPONSE_TO_ELEVATED_PLATELET_CYTOSOLIC_CA2,Fibroblasts,0.1202643172337681,SPOTlight
REACTOME_SIGNALING_BY_GPCR,Fibroblasts,0.8714116656339566,SPOTlight
REACTOME_TERMINAL_PATHWAY_OF_COMPLEMENT,Fibroblasts,0.8554390811351661,SPOTlight
REACTOME_TRANSPORT_OF_GAMMA_CARBOXYLATED_PROTEIN_PRECURSORS_FROM_THE_ENDOPLASMIC_RETICULUM_TO_THE_GOLGI_APPARATUS,Fibroblasts,0.11228244413950175,SPOTlight
REACTOME_TRANSPORT_TO_THE_GOLGI_AND_SUBSEQUENT_MODIFICATION,Fibroblasts,0.1202643172337681,SPOTlight
REACTOME_VESICLE_MEDIATED_TRANSPORT,Fibroblasts,0.1202643172337681,SPOTlight
REACTOME_ACTIVATION_OF_C3_AND_C5,unknown,0.8655041397577788,SPOTlight
REACTOME_ADAPTIVE_IMMUNE_SYSTEM,unknown,0.8669848402144242,SPOTlight
REACTOME_ALTERNATIVE_COMPLEMENT_ACTIVATION,unknown,0.8669848402144242,SPOTlight
REACTOME_ASPARAGINE_N_LINKED_GLYCOSYLATION,unknown,0.11980695694583407,SPOTlight
REACTOME_CARGO_CONCENTRATION_IN_THE_ER,unknown,0.11980695694583407,SPOTlight
REACTOME_CLASS_A_1_RHODOPSIN_LIKE_RECEPTORS,unknown,0.8669848402144242,SPOTlight
REACTOME_COMMON_PATHWAY_OF_FIBRIN_CLOT_FORMATION,unknown,0.11845734083489792,SPOTlight
REACTOME_COMPLEMENT_CASCADE,unknown,0.8609088564427572,SPOTlight
REACTOME_COPII_MEDIATED_VESICLE_TRANSPORT,unknown,0.11980695694583407,SPOTlight
REACTOME_ER_TO_GOLGI_ANTEROGRADE_TRANSPORT,unknown,0.11980695694583407,SPOTlight
REACTOME_EXTRINSIC_PATHWAY_OF_FIBRIN_CLOT_FORMATION,unknown,0.11502750052684425,SPOTlight
REACTOME_FORMATION_OF_FIBRIN_CLOT_CLOTTING_CASCADE,unknown,0.11699852429039037,SPOTlight
REACTOME_GAMMA_CARBOXYLATION_HYPUSINYLATION_HYDROXYLATION_AND_ARYLSULFATASE_ACTIVATION,unknown,0.11652546629180704,SPOTlight
REACTOME_GAMMA_CARBOXYLATION_OF_PROTEIN_PRECURSORS,unknown,0.11466071520246425,SPOTlight
REACTOME_GAMMA_CARBOXYLATION_TRANSPORT_AND_AMINO_TERMINAL_CLEAVAGE_OF_PROTEINS,unknown,0.11466071520246425,SPOTlight
REACTOME_GPCR_LIGAND_BINDING,unknown,0.8669848402144242,SPOTlight
REACTOME_G_ALPHA_I_SIGNALLING_EVENTS,unknown,0.8669848402144242,SPOTlight
REACTOME_HEMOSTASIS,unknown,0.11699852429039037,SPOTlight
REACTOME_IMMUNE_SYSTEM,unknown,0.8609088564427572,SPOTlight
REACTOME_IMMUNOREGULATORY_INTERACTIONS_BETWEEN_A_LYMPHOID_AND_A_NON_LYMPHOID_CELL,unknown,0.8669848402144242,SPOTlight
REACTOME_INITIAL_TRIGGERING_OF_COMPLEMENT,unknown,0.8655041397577788,SPOTlight
REACTOME_INNATE_IMMUNE_SYSTEM,unknown,0.8609088564427572,SPOTlight
REACTOME_INTRINSIC_PATHWAY_OF_FIBRIN_CLOT_FORMATION,unknown,0.1165237218722153,SPOTlight
REACTOME_MEMBRANE_TRAFFICKING,unknown,0.11980695694583407,SPOTlight
REACTOME_METABOLISM_OF_PROTEINS,unknown,0.2686386708632985,SPOTlight
REACTOME_NEUTROPHIL_DEGRANULATION,unknown,0.8669848402144242,SPOTlight
REACTOME_PEPTIDE_LIGAND_BINDING_RECEPTORS,unknown,0.8669848402144242,SPOTlight
REACTOME_PLATELET_ACTIVATION_SIGNALING_AND_AGGREGATION,unknown,0.11980695694583407,SPOTlight
REACTOME_POST_TRANSLATIONAL_PROTEIN_MODIFICATION,unknown,0.2686386708632985,SPOTlight
REACTOME_REGULATION_OF_INSULIN_LIKE_GROWTH_FACTOR_IGF_TRANSPORT_AND_UPTAKE_BY_INSULIN_LIKE_GROWTH_FACTOR_BINDING_PROTEINS_IGFBPS,unknown,0.4951215333611052,SPOTlight
REACTOME_RESPONSE_TO_ELEVATED_PLATELET_CYTOSOLIC_CA2,unknown,0.11980695694583407,SPOTlight
REACTOME_SIGNALING_BY_GPCR,unknown,0.8669848402144242,SPOTlight
REACTOME_TERMINAL_PATHWAY_OF_COMPLEMENT,unknown,0.8574755147279172,SPOTlight
REACTOME_TRANSPORT_OF_GAMMA_CARBOXYLATED_PROTEIN_PRECURSORS_FROM_THE_ENDOPLASMIC_RETICULUM_TO_THE_GOLGI_APPARATUS,unknown,0.11466071520246425,SPOTlight
REACTOME_TRANSPORT_TO_THE_GOLGI_AND_SUBSEQUENT_MODIFICATION,unknown,0.11980695694583407,SPOTlight
REACTOME_VESICLE_MEDIATED_TRANSPORT,unknown,0.11980695694583407,SPOTlight
REACTOME_ACTIVATION_OF_C3_AND_C5,Tumor,0.8506690479181599,SPOTlight
REACTOME_ADAPTIVE_IMMUNE_SYSTEM,Tumor,0.8493103402729577,SPOTlight
REACTOME_ALTERNATIVE_COMPLEMENT_ACTIVATION,Tumor,0.8493103402729577,SPOTlight
REACTOME_ASPARAGINE_N_LINKED_GLYCOSYLATION,Tumor,0.10996027519663085,SPOTlight
REACTOME_CARGO_CONCENTRATION_IN_THE_ER,Tumor,0.10996027519663085,SPOTlight
REACTOME_CLASS_A_1_RHODOPSIN_LIKE_RECEPTORS,Tumor,0.8493103402729577,SPOTlight
REACTOME_COMMON_PATHWAY_OF_FIBRIN_CLOT_FORMATION,Tumor,0.1087641725072348,SPOTlight
REACTOME_COMPLEMENT_CASCADE,Tumor,0.8463367242274874,SPOTlight
REACTOME_COPII_MEDIATED_VESICLE_TRANSPORT,Tumor,0.10996027519663085,SPOTlight
REACTOME_ER_TO_GOLGI_ANTEROGRADE_TRANSPORT,Tumor,0.10996027519663085,SPOTlight
REACTOME_EXTRINSIC_PATHWAY_OF_FIBRIN_CLOT_FORMATION,Tumor,0.11191031274267642,SPOTlight
REACTOME_FORMATION_OF_FIBRIN_CLOT_CLOTTING_CASCADE,Tumor,0.11419224631625144,SPOTlight
REACTOME_GAMMA_CARBOXYLATION_HYPUSINYLATION_HYDROXYLATION_AND_ARYLSULFATASE_ACTIVATION,Tumor,0.1081460325810418,SPOTlight
REACTOME_GAMMA_CARBOXYLATION_OF_PROTEIN_PRECURSORS,Tumor,0.10539511939023866,SPOTlight
REACTOME_GAMMA_CARBOXYLATION_TRANSPORT_AND_AMINO_TERMINAL_CLEAVAGE_OF_PROTEINS,Tumor,0.10539511939023866,SPOTlight
REACTOME_GPCR_LIGAND_BINDING,Tumor,0.8493103402729577,SPOTlight
REACTOME_G_ALPHA_I_SIGNALLING_EVENTS,Tumor,0.8493103402729577,SPOTlight
REACTOME_HEMOSTASIS,Tumor,0.11419224631625144,SPOTlight
REACTOME_IMMUNE_SYSTEM,Tumor,0.8463367242274874,SPOTlight
REACTOME_IMMUNOREGULATORY_INTERACTIONS_BETWEEN_A_LYMPHOID_AND_A_NON_LYMPHOID_CELL,Tumor,0.8493103402729577,SPOTlight
REACTOME_INITIAL_TRIGGERING_OF_COMPLEMENT,Tumor,0.8506690479181599,SPOTlight
REACTOME_INNATE_IMMUNE_SYSTEM,Tumor,0.8463367242274874,SPOTlight
REACTOME_INTRINSIC_PATHWAY_OF_FIBRIN_CLOT_FORMATION,Tumor,0.11311295975435177,SPOTlight
REACTOME_MEMBRANE_TRAFFICKING,Tumor,0.10996027519663085,SPOTlight
REACTOME_METABOLISM_OF_PROTEINS,Tumor,0.25644875771511844,SPOTlight
REACTOME_NEUTROPHIL_DEGRANULATION,Tumor,0.8493103402729577,SPOTlight
REACTOME_PEPTIDE_LIGAND_BINDING_RECEPTORS,Tumor,0.8493103402729577,SPOTlight
REACTOME_PLATELET_ACTIVATION_SIGNALING_AND_AGGREGATION,Tumor,0.10996027519663085,SPOTlight
REACTOME_POST_TRANSLATIONAL_PROTEIN_MODIFICATION,Tumor,0.25644875771511844,SPOTlight
REACTOME_REGULATION_OF_INSULIN_LIKE_GROWTH_FACTOR_IGF_TRANSPORT_AND_UPTAKE_BY_INSULIN_LIKE_GROWTH_FACTOR_BINDING_PROTEINS_IGFBPS,Tumor,0.4784212742878837,SPOTlight
REACTOME_RESPONSE_TO_ELEVATED_PLATELET_CYTOSOLIC_CA2,Tumor,0.10996027519663085,SPOTlight
REACTOME_SIGNALING_BY_GPCR,Tumor,0.8493103402729577,SPOTlight
REACTOME_TERMINAL_PATHWAY_OF_COMPLEMENT,Tumor,0.8432415479858116,SPOTlight
REACTOME_TRANSPORT_OF_GAMMA_CARBOXYLATED_PROTEIN_PRECURSORS_FROM_THE_ENDOPLASMIC_RETICULUM_TO_THE_GOLGI_APPARATUS,Tumor,0.10539511939023866,SPOTlight
REACTOME_TRANSPORT_TO_THE_GOLGI_AND_SUBSEQUENT_MODIFICATION,Tumor,0.10996027519663085,SPOTlight
REACTOME_VESICLE_MEDIATED_TRANSPORT,Tumor,0.10996027519663085,SPOTlight
REACTOME_ACTIVATION_OF_C3_AND_C5,Plasma_IgG,0.8691716241009794,SPOTlight
REACTOME_ADAPTIVE_IMMUNE_SYSTEM,Plasma_IgG,0.8718976827285723,SPOTlight
REACTOME_ALTERNATIVE_COMPLEMENT_ACTIVATION,Plasma_IgG,0.8718976827285723,SPOTlight
REACTOME_ASPARAGINE_N_LINKED_GLYCOSYLATION,Plasma_IgG,0.11928732548117617,SPOTlight
REACTOME_CARGO_CONCENTRATION_IN_THE_ER,Plasma_IgG,0.11928732548117617,SPOTlight
REACTOME_CLASS_A_1_RHODOPSIN_LIKE_RECEPTORS,Plasma_IgG,0.8718976827285723,SPOTlight
REACTOME_COMMON_PATHWAY_OF_FIBRIN_CLOT_FORMATION,Plasma_IgG,0.11852873771309295,SPOTlight
REACTOME_COMPLEMENT_CASCADE,Plasma_IgG,0.8630874849822273,SPOTlight
REACTOME_COPII_MEDIATED_VESICLE_TRANSPORT,Plasma_IgG,0.11928732548117617,SPOTlight
REACTOME_ER_TO_GOLGI_ANTEROGRADE_TRANSPORT,Plasma_IgG,0.11928732548117617,SPOTlight
REACTOME_EXTRINSIC_PATHWAY_OF_FIBRIN_CLOT_FORMATION,Plasma_IgG,0.11698674464622016,SPOTlight
REACTOME_FORMATION_OF_FIBRIN_CLOT_CLOTTING_CASCADE,Plasma_IgG,0.11831662119957163,SPOTlight
REACTOME_GAMMA_CARBOXYLATION_HYPUSINYLATION_HYDROXYLATION_AND_ARYLSULFATASE_ACTIVATION,Plasma_IgG,0.11752370192205756,SPOTlight
REACTOME_GAMMA_CARBOXYLATION_OF_PROTEIN_PRECURSORS,Plasma_IgG,0.11546053564519387,SPOTlight
REACTOME_GAMMA_CARBOXYLATION_TRANSPORT_AND_AMINO_TERMINAL_CLEAVAGE_OF_PROTEINS,Plasma_IgG,0.11546053564519387,SPOTlight
REACTOME_GPCR_LIGAND_BINDING,Plasma_IgG,0.8718976827285723,SPOTlight
REACTOME_G_ALPHA_I_SIGNALLING_EVENTS,Plasma_IgG,0.8718976827285723,SPOTlight
REACTOME_HEMOSTASIS,Plasma_IgG,0.11831662119957163,SPOTlight
REACTOME_IMMUNE_SYSTEM,Plasma_IgG,0.8630874849822273,SPOTlight
REACTOME_IMMUNOREGULATORY_INTERACTIONS_BETWEEN_A_LYMPHOID_AND_A_NON_LYMPHOID_CELL,Plasma_IgG,0.8718976827285723,SPOTlight
REACTOME_INITIAL_TRIGGERING_OF_COMPLEMENT,Plasma_IgG,0.8691716241009794,SPOTlight
REACTOME_INNATE_IMMUNE_SYSTEM,Plasma_IgG,0.8630874849822273,SPOTlight
REACTOME_INTRINSIC_PATHWAY_OF_FIBRIN_CLOT_FORMATION,Plasma_IgG,0.11802517295612772,SPOTlight
REACTOME_MEMBRANE_TRAFFICKING,Plasma_IgG,0.11928732548117617,SPOTlight
REACTOME_METABOLISM_OF_PROTEINS,Plasma_IgG,0.2705177859002788,SPOTlight
REACTOME_NEUTROPHIL_DEGRANULATION,Plasma_IgG,0.8718976827285723,SPOTlight
REACTOME_PEPTIDE_LIGAND_BINDING_RECEPTORS,Plasma_IgG,0.8718976827285723,SPOTlight
REACTOME_PLATELET_ACTIVATION_SIGNALING_AND_AGGREGATION,Plasma_IgG,0.11928732548117617,SPOTlight
REACTOME_POST_TRANSLATIONAL_PROTEIN_MODIFICATION,Plasma_IgG,0.2705177859002788,SPOTlight
REACTOME_REGULATION_OF_INSULIN_LIKE_GROWTH_FACTOR_IGF_TRANSPORT_AND_UPTAKE_BY_INSULIN_LIKE_GROWTH_FACTOR_BINDING_PROTEINS_IGFBPS,Plasma_IgG,0.49766398183692206,SPOTlight
REACTOME_RESPONSE_TO_ELEVATED_PLATELET_CYTOSOLIC_CA2,Plasma_IgG,0.11928732548117617,SPOTlight
REACTOME_SIGNALING_BY_GPCR,Plasma_IgG,0.8718976827285723,SPOTlight
REACTOME_TERMINAL_PATHWAY_OF_COMPLEMENT,Plasma_IgG,0.858522985925723,SPOTlight
REACTOME_TRANSPORT_OF_GAMMA_CARBOXYLATED_PROTEIN_PRECURSORS_FROM_THE_ENDOPLASMIC_RETICULUM_TO_THE_GOLGI_APPARATUS,Plasma_IgG,0.11546053564519387,SPOTlight
REACTOME_TRANSPORT_TO_THE_GOLGI_AND_SUBSEQUENT_MODIFICATION,Plasma_IgG,0.11928732548117617,SPOTlight
REACTOME_VESICLE_MEDIATED_TRANSPORT,Plasma_IgG,0.11928732548117617,SPOTlight
REACTOME_ACTIVATION_OF_C3_AND_C5,Macrophages,0.8668158683644231,SPOTlight
REACTOME_ADAPTIVE_IMMUNE_SYSTEM,Macrophages,0.8683489666776598,SPOTlight
REACTOME_ALTERNATIVE_COMPLEMENT_ACTIVATION,Macrophages,0.8683489666776598,SPOTlight
REACTOME_ASPARAGINE_N_LINKED_GLYCOSYLATION,Macrophages,0.11837970528054553,SPOTlight
REACTOME_CARGO_CONCENTRATION_IN_THE_ER,Macrophages,0.11837970528054553,SPOTlight
REACTOME_CLASS_A_1_RHODOPSIN_LIKE_RECEPTORS,Macrophages,0.8683489666776598,SPOTlight
REACTOME_COMMON_PATHWAY_OF_FIBRIN_CLOT_FORMATION,Macrophages,0.11787309390253627,SPOTlight
REACTOME_COMPLEMENT_CASCADE,Macrophages,0.8618082303964913,SPOTlight
REACTOME_COPII_MEDIATED_VESICLE_TRANSPORT,Macrophages,0.11837970528054553,SPOTlight
REACTOME_ER_TO_GOLGI_ANTEROGRADE_TRANSPORT,Macrophages,0.11837970528054553,SPOTlight
REACTOME_EXTRINSIC_PATHWAY_OF_FIBRIN_CLOT_FORMATION,Macrophages,0.11489270773213416,SPOTlight
REACTOME_FORMATION_OF_FIBRIN_CLOT_CLOTTING_CASCADE,Macrophages,0.11642196420225388,SPOTlight
REACTOME_GAMMA_CARBOXYLATION_HYPUSINYLATION_HYDROXYLATION_AND_ARYLSULFATASE_ACTIVATION,Macrophages,0.11602700922081144,SPOTlight
REACTOME_GAMMA_CARBOXYLATION_OF_PROTEIN_PRECURSORS,Macrophages,0.11521784661716132,SPOTlight
REACTOME_GAMMA_CARBOXYLATION_TRANSPORT_AND_AMINO_TERMINAL_CLEAVAGE_OF_PROTEINS,Macrophages,0.11521784661716132,SPOTlight
REACTOME_GPCR_LIGAND_BINDING,Macrophages,0.8683489666776598,SPOTlight
REACTOME_G_ALPHA_I_SIGNALLING_EVENTS,Macrophages,0.8683489666776598,SPOTlight
REACTOME_HEMOSTASIS,Macrophages,0.11642196420225388,SPOTlight
REACTOME_IMMUNE_SYSTEM,Macrophages,0.8618082303964913,SPOTlight
REACTOME_IMMUNOREGULATORY_INTERACTIONS_BETWEEN_A_LYMPHOID_AND_A_NON_LYMPHOID_CELL,Macrophages,0.8683489666776598,SPOTlight
REACTOME_INITIAL_TRIGGERING_OF_COMPLEMENT,Macrophages,0.8668158683644231,SPOTlight
REACTOME_INNATE_IMMUNE_SYSTEM,Macrophages,0.8618082303964913,SPOTlight
REACTOME_INTRINSIC_PATHWAY_OF_FIBRIN_CLOT_FORMATION,Macrophages,0.1161446325837505,SPOTlight
REACTOME_MEMBRANE_TRAFFICKING,Macrophages,0.11837970528054553,SPOTlight
REACTOME_METABOLISM_OF_PROTEINS,Macrophages,0.26877305307954674,SPOTlight
REACTOME_NEUTROPHIL_DEGRANULATION,Macrophages,0.8683489666776598,SPOTlight
REACTOME_PEPTIDE_LIGAND_BINDING_RECEPTORS,Macrophages,0.8683489666776598,SPOTlight
REACTOME_PLATELET_ACTIVATION_SIGNALING_AND_AGGREGATION,Macrophages,0.11837970528054553,SPOTlight
REACTOME_POST_TRANSLATIONAL_PROTEIN_MODIFICATION,Macrophages,0.26877305307954674,SPOTlight
REACTOME_REGULATION_OF_INSULIN_LIKE_GROWTH_FACTOR_IGF_TRANSPORT_AND_UPTAKE_BY_INSULIN_LIKE_GROWTH_FACTOR_BINDING_PROTEINS_IGFBPS,Macrophages,0.4959324879854352,SPOTlight
REACTOME_RESPONSE_TO_ELEVATED_PLATELET_CYTOSOLIC_CA2,Macrophages,0.11837970528054553,SPOTlight
REACTOME_SIGNALING_BY_GPCR,Macrophages,0.8683489666776598,SPOTlight
REACTOME_TERMINAL_PATHWAY_OF_COMPLEMENT,Macrophages,0.858050881373465,SPOTlight
REACTOME_TRANSPORT_OF_GAMMA_CARBOXYLATED_PROTEIN_PRECURSORS_FROM_THE_ENDOPLASMIC_RETICULUM_TO_THE_GOLGI_APPARATUS,Macrophages,0.11521784661716132,SPOTlight
REACTOME_TRANSPORT_TO_THE_GOLGI_AND_SUBSEQUENT_MODIFICATION,Macrophages,0.11837970528054553,SPOTlight
REACTOME_VESICLE_MEDIATED_TRANSPORT,Macrophages,0.11837970528054553,SPOTlight
REACTOME_ACTIVATION_OF_C3_AND_C5,M1_macrophages,0.8648500576187349,SPOTlight
REACTOME_ADAPTIVE_IMMUNE_SYSTEM,M1_macrophages,0.8661382552644062,SPOTlight
REACTOME_ALTERNATIVE_COMPLEMENT_ACTIVATION,M1_macrophages,0.8661382552644062,SPOTlight
REACTOME_ASPARAGINE_N_LINKED_GLYCOSYLATION,M1_macrophages,0.119069162750777,SPOTlight
REACTOME_CARGO_CONCENTRATION_IN_THE_ER,M1_macrophages,0.119069162750777,SPOTlight
REACTOME_CLASS_A_1_RHODOPSIN_LIKE_RECEPTORS,M1_macrophages,0.8661382552644062,SPOTlight
REACTOME_COMMON_PATHWAY_OF_FIBRIN_CLOT_FORMATION,M1_macrophages,0.1175555311505155,SPOTlight
REACTOME_COMPLEMENT_CASCADE,M1_macrophages,0.8589230323990538,SPOTlight
REACTOME_COPII_MEDIATED_VESICLE_TRANSPORT,M1_macrophages,0.119069162750777,SPOTlight
REACTOME_ER_TO_GOLGI_ANTEROGRADE_TRANSPORT,M1_macrophages,0.119069162750777,SPOTlight
REACTOME_EXTRINSIC_PATHWAY_OF_FIBRIN_CLOT_FORMATION,M1_macrophages,0.113668819357704,SPOTlight
REACTOME_FORMATION_OF_FIBRIN_CLOT_CLOTTING_CASCADE,M1_macrophages,0.11564863510545724,SPOTlight
REACTOME_GAMMA_CARBOXYLATION_HYPUSINYLATION_HYDROXYLATION_AND_ARYLSULFATASE_ACTIVATION,M1_macrophages,0.11555299785194284,SPOTlight
REACTOME_GAMMA_CARBOXYLATION_OF_PROTEIN_PRECURSORS,M1_macrophages,0.11372337271095917,SPOTlight
REACTOME_GAMMA_CARBOXYLATION_TRANSPORT_AND_AMINO_TERMINAL_CLEAVAGE_OF_PROTEINS,M1_macrophages,0.11372337271095917,SPOTlight
REACTOME_GPCR_LIGAND_BINDING,M1_macrophages,0.8661382552644062,SPOTlight
REACTOME_G_ALPHA_I_SIGNALLING_EVENTS,M1_macrophages,0.8661382552644062,SPOTlight
REACTOME_HEMOSTASIS,M1_macrophages,0.11564863510545724,SPOTlight
REACTOME_IMMUNE_SYSTEM,M1_macrophages,0.8589230323990538,SPOTlight
REACTOME_IMMUNOREGULATORY_INTERACTIONS_BETWEEN_A_LYMPHOID_AND_A_NON_LYMPHOID_CELL,M1_macrophages,0.8661382552644062,SPOTlight
REACTOME_INITIAL_TRIGGERING_OF_COMPLEMENT,M1_macrophages,0.8648500576187349,SPOTlight
REACTOME_INNATE_IMMUNE_SYSTEM,M1_macrophages,0.8589230323990538,SPOTlight
REACTOME_INTRINSIC_PATHWAY_OF_FIBRIN_CLOT_FORMATION,M1_macrophages,0.1151843352983024,SPOTlight
REACTOME_MEMBRANE_TRAFFICKING,M1_macrophages,0.119069162750777,SPOTlight
REACTOME_METABOLISM_OF_PROTEINS,M1_macrophages,0.26781574208035014,SPOTlight
REACTOME_NEUTROPHIL_DEGRANULATION,M1_macrophages,0.8661382552644062,SPOTlight
REACTOME_PEPTIDE_LIGAND_BINDING_RECEPTORS,M1_macrophages,0.8661382552644062,SPOTlight
REACTOME_PLATELET_ACTIVATION_SIGNALING_AND_AGGREGATION,M1_macrophages,0.119069162750777,SPOTlight
REACTOME_POST_TRANSLATIONAL_PROTEIN_MODIFICATION,M1_macrophages,0.26781574208035014,SPOTlight
REACTOME_REGULATION_OF_INSULIN_LIKE_GROWTH_FACTOR_IGF_TRANSPORT_AND_UPTAKE_BY_INSULIN_LIKE_GROWTH_FACTOR_BINDING_PROTEINS_IGFBPS,M1_macrophages,0.49448954699048586,SPOTlight
REACTOME_RESPONSE_TO_ELEVATED_PLATELET_CYTOSOLIC_CA2,M1_macrophages,0.119069162750777,SPOTlight
REACTOME_SIGNALING_BY_GPCR,M1_macrophages,0.8661382552644062,SPOTlight
REACTOME_TERMINAL_PATHWAY_OF_COMPLEMENT,M1_macrophages,0.8546389119339949,SPOTlight
REACTOME_TRANSPORT_OF_GAMMA_CARBOXYLATED_PROTEIN_PRECURSORS_FROM_THE_ENDOPLASMIC_RETICULUM_TO_THE_GOLGI_APPARATUS,M1_macrophages,0.11372337271095917,SPOTlight
REACTOME_TRANSPORT_TO_THE_GOLGI_AND_SUBSEQUENT_MODIFICATION,M1_macrophages,0.119069162750777,SPOTlight
REACTOME_VESICLE_MEDIATED_TRANSPORT,M1_macrophages,0.119069162750777,SPOTlight
REACTOME_ACTIVATION_OF_C3_AND_C5,Cytotoxic_IFN_signaling,0.8655189296844246,SPOTlight
REACTOME_ADAPTIVE_IMMUNE_SYSTEM,Cytotoxic_IFN_signaling,0.8666150811348837,SPOTlight
REACTOME_ALTERNATIVE_COMPLEMENT_ACTIVATION,Cytotoxic_IFN_signaling,0.8666150811348837,SPOTlight
REACTOME_ASPARAGINE_N_LINKED_GLYCOSYLATION,Cytotoxic_IFN_signaling,0.12637037348652785,SPOTlight
REACTOME_CARGO_CONCENTRATION_IN_THE_ER,Cytotoxic_IFN_signaling,0.12637037348652785,SPOTlight
REACTOME_CLASS_A_1_RHODOPSIN_LIKE_RECEPTORS,Cytotoxic_IFN_signaling,0.8666150811348837,SPOTlight
REACTOME_COMMON_PATHWAY_OF_FIBRIN_CLOT_FORMATION,Cytotoxic_IFN_signaling,0.12463739700314036,SPOTlight
REACTOME_COMPLEMENT_CASCADE,Cytotoxic_IFN_signaling,0.8618646771396197,SPOTlight
REACTOME_COPII_MEDIATED_VESICLE_TRANSPORT,Cytotoxic_IFN_signaling,0.12637037348652785,SPOTlight
REACTOME_ER_TO_GOLGI_ANTEROGRADE_TRANSPORT,Cytotoxic_IFN_signaling,0.12637037348652785,SPOTlight
REACTOME_EXTRINSIC_PATHWAY_OF_FIBRIN_CLOT_FORMATION,Cytotoxic_IFN_signaling,0.11843751056147335,SPOTlight
REACTOME_FORMATION_OF_FIBRIN_CLOT_CLOTTING_CASCADE,Cytotoxic_IFN_signaling,0.12091178102194228,SPOTlight
REACTOME_GAMMA_CARBOXYLATION_HYPUSINYLATION_HYDROXYLATION_AND_ARYLSULFATASE_ACTIVATION,Cytotoxic_IFN_signaling,0.1199355113461258,SPOTlight
REACTOME_GAMMA_CARBOXYLATION_OF_PROTEIN_PRECURSORS,Cytotoxic_IFN_signaling,0.11765608752228837,SPOTlight
REACTOME_GAMMA_CARBOXYLATION_TRANSPORT_AND_AMINO_TERMINAL_CLEAVAGE_OF_PROTEINS,Cytotoxic_IFN_signaling,0.11765608752228837,SPOTlight
REACTOME_GPCR_LIGAND_BINDING,Cytotoxic_IFN_signaling,0.8666150811348837,SPOTlight
REACTOME_G_ALPHA_I_SIGNALLING_EVENTS,Cytotoxic_IFN_signaling,0.8666150811348837,SPOTlight
REACTOME_HEMOSTASIS,Cytotoxic_IFN_signaling,0.12091178102194228,SPOTlight
REACTOME_IMMUNE_SYSTEM,Cytotoxic_IFN_signaling,0.8618646771396197,SPOTlight
REACTOME_IMMUNOREGULATORY_INTERACTIONS_BETWEEN_A_LYMPHOID_AND_A_NON_LYMPHOID_CELL,Cytotoxic_IFN_signaling,0.8666150811348837,SPOTlight
REACTOME_INITIAL_TRIGGERING_OF_COMPLEMENT,Cytotoxic_IFN_signaling,0.8655189296844246,SPOTlight
REACTOME_INNATE_IMMUNE_SYSTEM,Cytotoxic_IFN_signaling,0.8618646771396197,SPOTlight
REACTOME_INTRINSIC_PATHWAY_OF_FIBRIN_CLOT_FORMATION,Cytotoxic_IFN_signaling,0.11892489656911814,SPOTlight
REACTOME_MEMBRANE_TRAFFICKING,Cytotoxic_IFN_signaling,0.12637037348652785,SPOTlight
REACTOME_METABOLISM_OF_PROTEINS,Cytotoxic_IFN_signaling,0.2722141665326833,SPOTlight
REACTOME_NEUTROPHIL_DEGRANULATION,Cytotoxic_IFN_signaling,0.8666150811348837,SPOTlight
REACTOME_PEPTIDE_LIGAND_BINDING_RECEPTORS,Cytotoxic_IFN_signaling,0.8666150811348837,SPOTlight
REACTOME_PLATELET_ACTIVATION_SIGNALING_AND_AGGREGATION,Cytotoxic_IFN_signaling,0.12637037348652785,SPOTlight
REACTOME_POST_TRANSLATIONAL_PROTEIN_MODIFICATION,Cytotoxic_IFN_signaling,0.2722141665326833,SPOTlight
REACTOME_REGULATION_OF_INSULIN_LIKE_GROWTH_FACTOR_IGF_TRANSPORT_AND_UPTAKE_BY_INSULIN_LIKE_GROWTH_FACTOR_BINDING_PROTEINS_IGFBPS,Cytotoxic_IFN_signaling,0.49883628141375125,SPOTlight
REACTOME_RESPONSE_TO_ELEVATED_PLATELET_CYTOSOLIC_CA2,Cytotoxic_IFN_signaling,0.12637037348652785,SPOTlight
REACTOME_SIGNALING_BY_GPCR,Cytotoxic_IFN_signaling,0.8666150811348837,SPOTlight
REACTOME_TERMINAL_PATHWAY_OF_COMPLEMENT,Cytotoxic_IFN_signaling,0.8590771633306441,SPOTlight
REACTOME_TRANSPORT_OF_GAMMA_CARBOXYLATED_PROTEIN_PRECURSORS_FROM_THE_ENDOPLASMIC_RETICULUM_TO_THE_GOLGI_APPARATUS,Cytotoxic_IFN_signaling,0.11765608752228837,SPOTlight
REACTOME_TRANSPORT_TO_THE_GOLGI_AND_SUBSEQUENT_MODIFICATION,Cytotoxic_IFN_signaling,0.12637037348652785,SPOTlight
REACTOME_VESICLE_MEDIATED_TRANSPORT,Cytotoxic_IFN_signaling,0.12637037348652785,SPOTlight
REACTOME_ACTIVATION_OF_C3_AND_C5,Germinal_Center_Plasma_IgM_B_cell,0.8627269835536222,SPOTlight
REACTOME_ADAPTIVE_IMMUNE_SYSTEM,Germinal_Center_Plasma_IgM_B_cell,0.8637725241199538,SPOTlight
REACTOME_ALTERNATIVE_COMPLEMENT_ACTIVATION,Germinal_Center_Plasma_IgM_B_cell,0.8637725241199538,SPOTlight
REACTOME_ASPARAGINE_N_LINKED_GLYCOSYLATION,Germinal_Center_Plasma_IgM_B_cell,0.1182148211338747,SPOTlight
REACTOME_CARGO_CONCENTRATION_IN_THE_ER,Germinal_Center_Plasma_IgM_B_cell,0.1182148211338747,SPOTlight
REACTOME_CLASS_A_1_RHODOPSIN_LIKE_RECEPTORS,Germinal_Center_Plasma_IgM_B_cell,0.8637725241199538,SPOTlight
REACTOME_COMMON_PATHWAY_OF_FIBRIN_CLOT_FORMATION,Germinal_Center_Plasma_IgM_B_cell,0.11671754245840639,SPOTlight
REACTOME_COMPLEMENT_CASCADE,Germinal_Center_Plasma_IgM_B_cell,0.8577980883720603,SPOTlight
REACTOME_COPII_MEDIATED_VESICLE_TRANSPORT,Germinal_Center_Plasma_IgM_B_cell,0.1182148211338747,SPOTlight
REACTOME_ER_TO_GOLGI_ANTEROGRADE_TRANSPORT,Germinal_Center_Plasma_IgM_B_cell,0.1182148211338747,SPOTlight
REACTOME_EXTRINSIC_PATHWAY_OF_FIBRIN_CLOT_FORMATION,Germinal_Center_Plasma_IgM_B_cell,0.1135021503453037,SPOTlight
REACTOME_FORMATION_OF_FIBRIN_CLOT_CLOTTING_CASCADE,Germinal_Center_Plasma_IgM_B_cell,0.11564949715346484,SPOTlight
REACTOME_GAMMA_CARBOXYLATION_HYPUSINYLATION_HYDROXYLATION_AND_ARYLSULFATASE_ACTIVATION,Germinal_Center_Plasma_IgM_B_cell,0.11537426728587993,SPOTlight
REACTOME_GAMMA_CARBOXYLATION_OF_PROTEIN_PRECURSORS,Germinal_Center_Plasma_IgM_B_cell,0.11291941931964261,SPOTlight
REACTOME_GAMMA_CARBOXYLATION_TRANSPORT_AND_AMINO_TERMINAL_CLEAVAGE_OF_PROTEINS,Germinal_Center_Plasma_IgM_B_cell,0.11291941931964261,SPOTlight
REACTOME_GPCR_LIGAND_BINDING,Germinal_Center_Plasma_IgM_B_cell,0.8637725241199538,SPOTlight
REACTOME_G_ALPHA_I_SIGNALLING_EVENTS,Germinal_Center_Plasma_IgM_B_cell,0.8637725241199538,SPOTlight
REACTOME_HEMOSTASIS,Germinal_Center_Plasma_IgM_B_cell,0.11564949715346484,SPOTlight
REACTOME_IMMUNE_SYSTEM,Germinal_Center_Plasma_IgM_B_cell,0.8577980883720603,SPOTlight
REACTOME_IMMUNOREGULATORY_INTERACTIONS_BETWEEN_A_LYMPHOID_AND_A_NON_LYMPHOID_CELL,Germinal_Center_Plasma_IgM_B_cell,0.8637725241199538,SPOTlight
REACTOME_INITIAL_TRIGGERING_OF_COMPLEMENT,Germinal_Center_Plasma_IgM_B_cell,0.8627269835536222,SPOTlight
REACTOME_INNATE_IMMUNE_SYSTEM,Germinal_Center_Plasma_IgM_B_cell,0.8577980883720603,SPOTlight
REACTOME_INTRINSIC_PATHWAY_OF_FIBRIN_CLOT_FORMATION,Germinal_Center_Plasma_IgM_B_cell,0.11558623230176959,SPOTlight
REACTOME_MEMBRANE_TRAFFICKING,Germinal_Center_Plasma_IgM_B_cell,0.1182148211338747,SPOTlight
REACTOME_METABOLISM_OF_PROTEINS,Germinal_Center_Plasma_IgM_B_cell,0.26643831759045356,SPOTlight
REACTOME_NEUTROPHIL_DEGRANULATION,Germinal_Center_Plasma_IgM_B_cell,0.8637725241199538,SPOTlight
REACTOME_PEPTIDE_LIGAND_BINDING_RECEPTORS,Germinal_Center_Plasma_IgM_B_cell,0.8637725241199538,SPOTlight
REACTOME_PLATELET_ACTIVATION_SIGNALING_AND_AGGREGATION,Germinal_Center_Plasma_IgM_B_cell,0.1182148211338747,SPOTlight
REACTOME_POST_TRANSLATIONAL_PROTEIN_MODIFICATION,Germinal_Center_Plasma_IgM_B_cell,0.26643831759045356,SPOTlight
REACTOME_REGULATION_OF_INSULIN_LIKE_GROWTH_FACTOR_IGF_TRANSPORT_AND_UPTAKE_BY_INSULIN_LIKE_GROWTH_FACTOR_BINDING_PROTEINS_IGFBPS,Germinal_Center_Plasma_IgM_B_cell,0.4916508653635477,SPOTlight
REACTOME_RESPONSE_TO_ELEVATED_PLATELET_CYTOSOLIC_CA2,Germinal_Center_Plasma_IgM_B_cell,0.1182148211338747,SPOTlight
REACTOME_SIGNALING_BY_GPCR,Germinal_Center_Plasma_IgM_B_cell,0.8637725241199538,SPOTlight
REACTOME_TERMINAL_PATHWAY_OF_COMPLEMENT,Germinal_Center_Plasma_IgM_B_cell,0.8542100693349082,SPOTlight
REACTOME_TRANSPORT_OF_GAMMA_CARBOXYLATED_PROTEIN_PRECURSORS_FROM_THE_ENDOPLASMIC_RETICULUM_TO_THE_GOLGI_APPARATUS,Germinal_Center_Plasma_IgM_B_cell,0.11291941931964261,SPOTlight
REACTOME_TRANSPORT_TO_THE_GOLGI_AND_SUBSEQUENT_MODIFICATION,Germinal_Center_Plasma_IgM_B_cell,0.1182148211338747,SPOTlight
REACTOME_VESICLE_MEDIATED_TRANSPORT,Germinal_Center_Plasma_IgM_B_cell,0.1182148211338747,SPOTlight
REACTOME_ACTIVATION_OF_C3_AND_C5,Cortex_CCL21,0.8677967444240837,SPOTlight
REACTOME_ADAPTIVE_IMMUNE_SYSTEM,Cortex_CCL21,0.8679554777256088,SPOTlight
REACTOME_ALTERNATIVE_COMPLEMENT_ACTIVATION,Cortex_CCL21,0.8679554777256088,SPOTlight
REACTOME_ASPARAGINE_N_LINKED_GLYCOSYLATION,Cortex_CCL21,0.11812444411232316,SPOTlight
REACTOME_CARGO_CONCENTRATION_IN_THE_ER,Cortex_CCL21,0.11812444411232316,SPOTlight
REACTOME_CLASS_A_1_RHODOPSIN_LIKE_RECEPTORS,Cortex_CCL21,0.8679554777256088,SPOTlight
REACTOME_COMMON_PATHWAY_OF_FIBRIN_CLOT_FORMATION,Cortex_CCL21,0.11740101282961213,SPOTlight
REACTOME_COMPLEMENT_CASCADE,Cortex_CCL21,0.8618835567170458,SPOTlight
REACTOME_COPII_MEDIATED_VESICLE_TRANSPORT,Cortex_CCL21,0.11812444411232316,SPOTlight
REACTOME_ER_TO_GOLGI_ANTEROGRADE_TRANSPORT,Cortex_CCL21,0.11812444411232316,SPOTlight
REACTOME_EXTRINSIC_PATHWAY_OF_FIBRIN_CLOT_FORMATION,Cortex_CCL21,0.11524340689732311,SPOTlight
REACTOME_FORMATION_OF_FIBRIN_CLOT_CLOTTING_CASCADE,Cortex_CCL21,0.11633208759554858,SPOTlight
REACTOME_GAMMA_CARBOXYLATION_HYPUSINYLATION_HYDROXYLATION_AND_ARYLSULFATASE_ACTIVATION,Cortex_CCL21,0.11733043112980374,SPOTlight
REACTOME_GAMMA_CARBOXYLATION_OF_PROTEIN_PRECURSORS,Cortex_CCL21,0.11529800706196455,SPOTlight
REACTOME_GAMMA_CARBOXYLATION_TRANSPORT_AND_AMINO_TERMINAL_CLEAVAGE_OF_PROTEINS,Cortex_CCL21,0.11529800706196455,SPOTlight
REACTOME_GPCR_LIGAND_BINDING,Cortex_CCL21,0.8679554777256088,SPOTlight
REACTOME_G_ALPHA_I_SIGNALLING_EVENTS,Cortex_CCL21,0.8679554777256088,SPOTlight
REACTOME_HEMOSTASIS,Cortex_CCL21,0.11633208759554858,SPOTlight
REACTOME_IMMUNE_SYSTEM,Cortex_CCL21,0.8618835567170458,SPOTlight
REACTOME_IMMUNOREGULATORY_INTERACTIONS_BETWEEN_A_LYMPHOID_AND_A_NON_LYMPHOID_CELL,Cortex_CCL21,0.8679554777256088,SPOTlight
REACTOME_INITIAL_TRIGGERING_OF_COMPLEMENT,Cortex_CCL21,0.8677967444240837,SPOTlight
REACTOME_INNATE_IMMUNE_SYSTEM,Cortex_CCL21,0.8618835567170458,SPOTlight
REACTOME_INTRINSIC_PATHWAY_OF_FIBRIN_CLOT_FORMATION,Cortex_CCL21,0.1169135940833621,SPOTlight
REACTOME_MEMBRANE_TRAFFICKING,Cortex_CCL21,0.11812444411232316,SPOTlight
REACTOME_METABOLISM_OF_PROTEINS,Cortex_CCL21,0.2683758789208313,SPOTlight
REACTOME_NEUTROPHIL_DEGRANULATION,Cortex_CCL21,0.8679554777256088,SPOTlight
REACTOME_PEPTIDE_LIGAND_BINDING_RECEPTORS,Cortex_CCL21,0.8679554777256088,SPOTlight
REACTOME_PLATELET_ACTIVATION_SIGNALING_AND_AGGREGATION,Cortex_CCL21,0.11812444411232316,SPOTlight
REACTOME_POST_TRANSLATIONAL_PROTEIN_MODIFICATION,Cortex_CCL21,0.2683758789208313,SPOTlight
REACTOME_REGULATION_OF_INSULIN_LIKE_GROWTH_FACTOR_IGF_TRANSPORT_AND_UPTAKE_BY_INSULIN_LIKE_GROWTH_FACTOR_BINDING_PROTEINS_IGFBPS,Cortex_CCL21,0.49351520903551405,SPOTlight
REACTOME_RESPONSE_TO_ELEVATED_PLATELET_CYTOSOLIC_CA2,Cortex_CCL21,0.11812444411232316,SPOTlight
REACTOME_SIGNALING_BY_GPCR,Cortex_CCL21,0.8679554777256088,SPOTlight
REACTOME_TERMINAL_PATHWAY_OF_COMPLEMENT,Cortex_CCL21,0.8574913792165674,SPOTlight
REACTOME_TRANSPORT_OF_GAMMA_CARBOXYLATED_PROTEIN_PRECURSORS_FROM_THE_ENDOPLASMIC_RETICULUM_TO_THE_GOLGI_APPARATUS,Cortex_CCL21,0.11529800706196455,SPOTlight
REACTOME_TRANSPORT_TO_THE_GOLGI_AND_SUBSEQUENT_MODIFICATION,Cortex_CCL21,0.11812444411232316,SPOTlight
REACTOME_VESICLE_MEDIATED_TRANSPORT,Cortex_CCL21,0.11812444411232316,SPOTlight
REACTOME_ACTIVATION_OF_C3_AND_C5,Plasma_IgA,0.8650273917652461,SPOTlight
REACTOME_ADAPTIVE_IMMUNE_SYSTEM,Plasma_IgA,0.8640372227458354,SPOTlight
REACTOME_ALTERNATIVE_COMPLEMENT_ACTIVATION,Plasma_IgA,0.8640372227458354,SPOTlight
REACTOME_ASPARAGINE_N_LINKED_GLYCOSYLATION,Plasma_IgA,0.13111431709265467,SPOTlight
REACTOME_CARGO_CONCENTRATION_IN_THE_ER,Plasma_IgA,0.13111431709265467,SPOTlight
REACTOME_CLASS_A_1_RHODOPSIN_LIKE_RECEPTORS,Plasma_IgA,0.8640372227458354,SPOTlight
REACTOME_COMMON_PATHWAY_OF_FIBRIN_CLOT_FORMATION,Plasma_IgA,0.12595066658026707,SPOTlight
REACTOME_COMPLEMENT_CASCADE,Plasma_IgA,0.8595385690583408,SPOTlight
REACTOME_COPII_MEDIATED_VESICLE_TRANSPORT,Plasma_IgA,0.13111431709265467,SPOTlight
REACTOME_ER_TO_GOLGI_ANTEROGRADE_TRANSPORT,Plasma_IgA,0.13111431709265467,SPOTlight
REACTOME_EXTRINSIC_PATHWAY_OF_FIBRIN_CLOT_FORMATION,Plasma_IgA,0.11406734871095613,SPOTlight
REACTOME_FORMATION_OF_FIBRIN_CLOT_CLOTTING_CASCADE,Plasma_IgA,0.1201686128790425,SPOTlight
REACTOME_GAMMA_CARBOXYLATION_HYPUSINYLATION_HYDROXYLATION_AND_ARYLSULFATASE_ACTIVATION,Plasma_IgA,0.1179733818669793,SPOTlight
REACTOME_GAMMA_CARBOXYLATION_OF_PROTEIN_PRECURSORS,Plasma_IgA,0.11412264008364456,SPOTlight
REACTOME_GAMMA_CARBOXYLATION_TRANSPORT_AND_AMINO_TERMINAL_CLEAVAGE_OF_PROTEINS,Plasma_IgA,0.11412264008364456,SPOTlight
REACTOME_GPCR_LIGAND_BINDING,Plasma_IgA,0.8640372227458354,SPOTlight
REACTOME_G_ALPHA_I_SIGNALLING_EVENTS,Plasma_IgA,0.8640372227458354,SPOTlight
REACTOME_HEMOSTASIS,Plasma_IgA,0.1201686128790425,SPOTlight
REACTOME_IMMUNE_SYSTEM,Plasma_IgA,0.8595385690583408,SPOTlight
REACTOME_IMMUNOREGULATORY_INTERACTIONS_BETWEEN_A_LYMPHOID_AND_A_NON_LYMPHOID_CELL,Plasma_IgA,0.8640372227458354,SPOTlight
REACTOME_INITIAL_TRIGGERING_OF_COMPLEMENT,Plasma_IgA,0.8650273917652461,SPOTlight
REACTOME_INNATE_IMMUNE_SYSTEM,Plasma_IgA,0.8595385690583408,SPOTlight
REACTOME_INTRINSIC_PATHWAY_OF_FIBRIN_CLOT_FORMATION,Plasma_IgA,0.11712223389595042,SPOTlight
REACTOME_MEMBRANE_TRAFFICKING,Plasma_IgA,0.13111431709265467,SPOTlight
REACTOME_METABOLISM_OF_PROTEINS,Plasma_IgA,0.27206298111148325,SPOTlight
REACTOME_NEUTROPHIL_DEGRANULATION,Plasma_IgA,0.8640372227458354,SPOTlight
REACTOME_PEPTIDE_LIGAND_BINDING_RECEPTORS,Plasma_IgA,0.8640372227458354,SPOTlight
REACTOME_PLATELET_ACTIVATION_SIGNALING_AND_AGGREGATION,Plasma_IgA,0.13111431709265467,SPOTlight
REACTOME_POST_TRANSLATIONAL_PROTEIN_MODIFICATION,Plasma_IgA,0.27206298111148325,SPOTlight
REACTOME_REGULATION_OF_INSULIN_LIKE_GROWTH_FACTOR_IGF_TRANSPORT_AND_UPTAKE_BY_INSULIN_LIKE_GROWTH_FACTOR_BINDING_PROTEINS_IGFBPS,Plasma_IgA,0.5011178914342265,SPOTlight
REACTOME_RESPONSE_TO_ELEVATED_PLATELET_CYTOSOLIC_CA2,Plasma_IgA,0.13111431709265467,SPOTlight
REACTOME_SIGNALING_BY_GPCR,Plasma_IgA,0.8640372227458354,SPOTlight
REACTOME_TERMINAL_PATHWAY_OF_COMPLEMENT,Plasma_IgA,0.8555255737429978,SPOTlight
REACTOME_TRANSPORT_OF_GAMMA_CARBOXYLATED_PROTEIN_PRECURSORS_FROM_THE_ENDOPLASMIC_RETICULUM_TO_THE_GOLGI_APPARATUS,Plasma_IgA,0.11412264008364456,SPOTlight
REACTOME_TRANSPORT_TO_THE_GOLGI_AND_SUBSEQUENT_MODIFICATION,Plasma_IgA,0.13111431709265467,SPOTlight
REACTOME_VESICLE_MEDIATED_TRANSPORT,Plasma_IgA,0.13111431709265467,SPOTlight
REACTOME_ACTIVATION_OF_C3_AND_C5,Tumor_Keratin_Pearl,0.8535840443526413,SPOTlight
REACTOME_ADAPTIVE_IMMUNE_SYSTEM,Tumor_Keratin_Pearl,0.8549182511143708,SPOTlight
REACTOME_ALTERNATIVE_COMPLEMENT_ACTIVATION,Tumor_Keratin_Pearl,0.8549182511143708,SPOTlight
REACTOME_ASPARAGINE_N_LINKED_GLYCOSYLATION,Tumor_Keratin_Pearl,0.10941034011300953,SPOTlight
REACTOME_CARGO_CONCENTRATION_IN_THE_ER,Tumor_Keratin_Pearl,0.10941034011300953,SPOTlight
REACTOME_CLASS_A_1_RHODOPSIN_LIKE_RECEPTORS,Tumor_Keratin_Pearl,0.8549182511143708,SPOTlight
REACTOME_COMMON_PATHWAY_OF_FIBRIN_CLOT_FORMATION,Tumor_Keratin_Pearl,0.1087146491710981,SPOTlight
REACTOME_COMPLEMENT_CASCADE,Tumor_Keratin_Pearl,0.848717980794881,SPOTlight
REACTOME_COPII_MEDIATED_VESICLE_TRANSPORT,Tumor_Keratin_Pearl,0.10941034011300953,SPOTlight
REACTOME_ER_TO_GOLGI_ANTEROGRADE_TRANSPORT,Tumor_Keratin_Pearl,0.10941034011300953,SPOTlight
REACTOME_EXTRINSIC_PATHWAY_OF_FIBRIN_CLOT_FORMATION,Tumor_Keratin_Pearl,0.11490869270668519,SPOTlight
REACTOME_FORMATION_OF_FIBRIN_CLOT_CLOTTING_CASCADE,Tumor_Keratin_Pearl,0.11303063496108895,SPOTlight
REACTOME_GAMMA_CARBOXYLATION_HYPUSINYLATION_HYDROXYLATION_AND_ARYLSULFATASE_ACTIVATION,Tumor_Keratin_Pearl,0.1086443516649703,SPOTlight
REACTOME_GAMMA_CARBOXYLATION_OF_PROTEIN_PRECURSORS,Tumor_Keratin_Pearl,0.10668205936945212,SPOTlight
REACTOME_GAMMA_CARBOXYLATION_TRANSPORT_AND_AMINO_TERMINAL_CLEAVAGE_OF_PROTEINS,Tumor_Keratin_Pearl,0.10668205936945212,SPOTlight
REACTOME_GPCR_LIGAND_BINDING,Tumor_Keratin_Pearl,0.8549182511143708,SPOTlight
REACTOME_G_ALPHA_I_SIGNALLING_EVENTS,Tumor_Keratin_Pearl,0.8549182511143708,SPOTlight
REACTOME_HEMOSTASIS,Tumor_Keratin_Pearl,0.11303063496108895,SPOTlight
REACTOME_IMMUNE_SYSTEM,Tumor_Keratin_Pearl,0.848717980794881,SPOTlight
REACTOME_IMMUNOREGULATORY_INTERACTIONS_BETWEEN_A_LYMPHOID_AND_A_NON_LYMPHOID_CELL,Tumor_Keratin_Pearl,0.8549182511143708,SPOTlight
REACTOME_INITIAL_TRIGGERING_OF_COMPLEMENT,Tumor_Keratin_Pearl,0.8535840443526413,SPOTlight
REACTOME_INNATE_IMMUNE_SYSTEM,Tumor_Keratin_Pearl,0.848717980794881,SPOTlight
REACTOME_INTRINSIC_PATHWAY_OF_FIBRIN_CLOT_FORMATION,Tumor_Keratin_Pearl,0.10984122389742676,SPOTlight
REACTOME_MEMBRANE_TRAFFICKING,Tumor_Keratin_Pearl,0.10941034011300953,SPOTlight
REACTOME_METABOLISM_OF_PROTEINS,Tumor_Keratin_Pearl,0.25847672805940114,SPOTlight
REACTOME_NEUTROPHIL_DEGRANULATION,Tumor_Keratin_Pearl,0.8549182511143708,SPOTlight
REACTOME_PEPTIDE_LIGAND_BINDING_RECEPTORS,Tumor_Keratin_Pearl,0.8549182511143708,SPOTlight
REACTOME_PLATELET_ACTIVATION_SIGNALING_AND_AGGREGATION,Tumor_Keratin_Pearl,0.10941034011300953,SPOTlight
REACTOME_POST_TRANSLATIONAL_PROTEIN_MODIFICATION,Tumor_Keratin_Pearl,0.25847672805940114,SPOTlight
REACTOME_REGULATION_OF_INSULIN_LIKE_GROWTH_FACTOR_IGF_TRANSPORT_AND_UPTAKE_BY_INSULIN_LIKE_GROWTH_FACTOR_BINDING_PROTEINS_IGFBPS,Tumor_Keratin_Pearl,0.4821622301443202,SPOTlight
REACTOME_RESPONSE_TO_ELEVATED_PLATELET_CYTOSOLIC_CA2,Tumor_Keratin_Pearl,0.10941034011300953,SPOTlight
REACTOME_SIGNALING_BY_GPCR,Tumor_Keratin_Pearl,0.8549182511143708,SPOTlight
REACTOME_TERMINAL_PATHWAY_OF_COMPLEMENT,Tumor_Keratin_Pearl,0.8452048321231926,SPOTlight
REACTOME_TRANSPORT_OF_GAMMA_CARBOXYLATED_PROTEIN_PRECURSORS_FROM_THE_ENDOPLASMIC_RETICULUM_TO_THE_GOLGI_APPARATUS,Tumor_Keratin_Pearl,0.10668205936945212,SPOTlight
REACTOME_TRANSPORT_TO_THE_GOLGI_AND_SUBSEQUENT_MODIFICATION,Tumor_Keratin_Pearl,0.10941034011300953,SPOTlight
REACTOME_VESICLE_MEDIATED_TRANSPORT,Tumor_Keratin_Pearl,0.10941034011300953,SPOTlight
REACTOME_ACTIVATION_OF_C3_AND_C5,High_Endothelial_Venules,0.8664019857157186,SPOTlight
REACTOME_ADAPTIVE_IMMUNE_SYSTEM,High_Endothelial_Venules,0.871971416183976,SPOTlight
REACTOME_ALTERNATIVE_COMPLEMENT_ACTIVATION,High_Endothelial_Venules,0.871971416183976,SPOTlight
REACTOME_ASPARAGINE_N_LINKED_GLYCOSYLATION,High_Endothelial_Venules,0.11237605038716396,SPOTlight
REACTOME_CARGO_CONCENTRATION_IN_THE_ER,High_Endothelial_Venules,0.11237605038716396,SPOTlight
REACTOME_CLASS_A_1_RHODOPSIN_LIKE_RECEPTORS,High_Endothelial_Venules,0.871971416183976,SPOTlight
REACTOME_COMMON_PATHWAY_OF_FIBRIN_CLOT_FORMATION,High_Endothelial_Venules,0.1126267935814514,SPOTlight
REACTOME_COMPLEMENT_CASCADE,High_Endothelial_Venules,0.859358439917615,SPOTlight
REACTOME_COPII_MEDIATED_VESICLE_TRANSPORT,High_Endothelial_Venules,0.11237605038716396,SPOTlight
REACTOME_ER_TO_GOLGI_ANTEROGRADE_TRANSPORT,High_Endothelial_Venules,0.11237605038716396,SPOTlight
REACTOME_EXTRINSIC_PATHWAY_OF_FIBRIN_CLOT_FORMATION,High_Endothelial_Venules,0.12343500391664461,SPOTlight
REACTOME_FORMATION_OF_FIBRIN_CLOT_CLOTTING_CASCADE,High_Endothelial_Venules,0.11817410503489363,SPOTlight
REACTOME_GAMMA_CARBOXYLATION_HYPUSINYLATION_HYDROXYLATION_AND_ARYLSULFATASE_ACTIVATION,High_Endothelial_Venules,0.11255604476313405,SPOTlight
REACTOME_GAMMA_CARBOXYLATION_OF_PROTEIN_PRECURSORS,High_Endothelial_Venules,0.11265789481153797,SPOTlight
REACTOME_GAMMA_CARBOXYLATION_TRANSPORT_AND_AMINO_TERMINAL_CLEAVAGE_OF_PROTEINS,High_Endothelial_Venules,0.11265789481153797,SPOTlight
REACTOME_GPCR_LIGAND_BINDING,High_Endothelial_Venules,0.871971416183976,SPOTlight
REACTOME_G_ALPHA_I_SIGNALLING_EVENTS,High_Endothelial_Venules,0.871971416183976,SPOTlight
REACTOME_HEMOSTASIS,High_Endothelial_Venules,0.11817410503489363,SPOTlight
REACTOME_IMMUNE_SYSTEM,High_Endothelial_Venules,0.859358439917615,SPOTlight
REACTOME_IMMUNOREGULATORY_INTERACTIONS_BETWEEN_A_LYMPHOID_AND_A_NON_LYMPHOID_CELL,High_Endothelial_Venules,0.871971416183976,SPOTlight
REACTOME_INITIAL_TRIGGERING_OF_COMPLEMENT,High_Endothelial_Venules,0.8664019857157186,SPOTlight
REACTOME_INNATE_IMMUNE_SYSTEM,High_Endothelial_Venules,0.859358439917615,SPOTlight
REACTOME_INTRINSIC_PATHWAY_OF_FIBRIN_CLOT_FORMATION,High_Endothelial_Venules,0.1126479928829675,SPOTlight
REACTOME_MEMBRANE_TRAFFICKING,High_Endothelial_Venules,0.11237605038716396,SPOTlight
REACTOME_METABOLISM_OF_PROTEINS,High_Endothelial_Venules,0.26701320962487524,SPOTlight
REACTOME_NEUTROPHIL_DEGRANULATION,High_Endothelial_Venules,0.871971416183976,SPOTlight
REACTOME_PEPTIDE_LIGAND_BINDING_RECEPTORS,High_Endothelial_Venules,0.871971416183976,SPOTlight
REACTOME_PLATELET_ACTIVATION_SIGNALING_AND_AGGREGATION,High_Endothelial_Venules,0.11237605038716396,SPOTlight
REACTOME_POST_TRANSLATIONAL_PROTEIN_MODIFICATION,High_Endothelial_Venules,0.26701320962487524,SPOTlight
REACTOME_REGULATION_OF_INSULIN_LIKE_GROWTH_FACTOR_IGF_TRANSPORT_AND_UPTAKE_BY_INSULIN_LIKE_GROWTH_FACTOR_BINDING_PROTEINS_IGFBPS,High_Endothelial_Venules,0.4960158092290571,SPOTlight
REACTOME_RESPONSE_TO_ELEVATED_PLATELET_CYTOSOLIC_CA2,High_Endothelial_Venules,0.11237605038716396,SPOTlight
REACTOME_SIGNALING_BY_GPCR,High_Endothelial_Venules,0.871971416183976,SPOTlight
REACTOME_TERMINAL_PATHWAY_OF_COMPLEMENT,High_Endothelial_Venules,0.8541699155530267,SPOTlight
REACTOME_TRANSPORT_OF_GAMMA_CARBOXYLATED_PROTEIN_PRECURSORS_FROM_THE_ENDOPLASMIC_RETICULUM_TO_THE_GOLGI_APPARATUS,High_Endothelial_Venules,0.11265789481153797,SPOTlight
REACTOME_TRANSPORT_TO_THE_GOLGI_AND_SUBSEQUENT_MODIFICATION,High_Endothelial_Venules,0.11237605038716396,SPOTlight
REACTOME_VESICLE_MEDIATED_TRANSPORT,High_Endothelial_Venules,0.11237605038716396,SPOTlight
REACTOME_ACTIVATION_OF_C3_AND_C5,CAF,0.8683151272176288,RCTD
REACTOME_ADAPTIVE_IMMUNE_SYSTEM,CAF,0.873610944533143,RCTD
REACTOME_ALTERNATIVE_COMPLEMENT_ACTIVATION,CAF,0.873610944533143,RCTD
REACTOME_ASPARAGINE_N_LINKED_GLYCOSYLATION,CAF,0.1193549490061074,RCTD
REACTOME_CARGO_CONCENTRATION_IN_THE_ER,CAF,0.1193549490061074,RCTD
REACTOME_CLASS_A_1_RHODOPSIN_LIKE_RECEPTORS,CAF,0.873610944533143,RCTD
REACTOME_COMMON_PATHWAY_OF_FIBRIN_CLOT_FORMATION,CAF,0.11727790227631106,RCTD
REACTOME_COMPLEMENT_CASCADE,CAF,0.8598922937423723,RCTD
REACTOME_COPII_MEDIATED_VESICLE_TRANSPORT,CAF,0.1193549490061074,RCTD
REACTOME_ER_TO_GOLGI_ANTEROGRADE_TRANSPORT,CAF,0.1193549490061074,RCTD
REACTOME_EXTRINSIC_PATHWAY_OF_FIBRIN_CLOT_FORMATION,CAF,0.1161806885324813,RCTD
REACTOME_FORMATION_OF_FIBRIN_CLOT_CLOTTING_CASCADE,CAF,0.11786750120756882,RCTD
REACTOME_GAMMA_CARBOXYLATION_HYPUSINYLATION_HYDROXYLATION_AND_ARYLSULFATASE_ACTIVATION,CAF,0.1148766499231038,RCTD
REACTOME_GAMMA_CARBOXYLATION_OF_PROTEIN_PRECURSORS,CAF,0.11160192822751196,RCTD
REACTOME_GAMMA_CARBOXYLATION_TRANSPORT_AND_AMINO_TERMINAL_CLEAVAGE_OF_PROTEINS,CAF,0.11160192822751196,RCTD
REACTOME_GPCR_LIGAND_BINDING,CAF,0.873610944533143,RCTD
REACTOME_G_ALPHA_I_SIGNALLING_EVENTS,CAF,0.873610944533143,RCTD
REACTOME_HEMOSTASIS,CAF,0.11786750120756882,RCTD
REACTOME_IMMUNE_SYSTEM,CAF,0.8598922937423723,RCTD
REACTOME_IMMUNOREGULATORY_INTERACTIONS_BETWEEN_A_LYMPHOID_AND_A_NON_LYMPHOID_CELL,CAF,0.873610944533143,RCTD
REACTOME_INITIAL_TRIGGERING_OF_COMPLEMENT,CAF,0.8683151272176288,RCTD
REACTOME_INNATE_IMMUNE_SYSTEM,CAF,0.8598922937423723,RCTD
REACTOME_INTRINSIC_PATHWAY_OF_FIBRIN_CLOT_FORMATION,CAF,0.11576165823045872,RCTD
REACTOME_MEMBRANE_TRAFFICKING,CAF,0.1193549490061074,RCTD
REACTOME_METABOLISM_OF_PROTEINS,CAF,0.27035715265248744,RCTD
REACTOME_NEUTROPHIL_DEGRANULATION,CAF,0.873610944533143,RCTD
REACTOME_PEPTIDE_LIGAND_BINDING_RECEPTORS,CAF,0.873610944533143,RCTD
REACTOME_PLATELET_ACTIVATION_SIGNALING_AND_AGGREGATION,CAF,0.1193549490061074,RCTD
REACTOME_POST_TRANSLATIONAL_PROTEIN_MODIFICATION,CAF,0.27035715265248744,RCTD
REACTOME_REGULATION_OF_INSULIN_LIKE_GROWTH_FACTOR_IGF_TRANSPORT_AND_UPTAKE_BY_INSULIN_LIKE_GROWTH_FACTOR_BINDING_PROTEINS_IGFBPS,CAF,0.5000247876277931,RCTD
REACTOME_RESPONSE_TO_ELEVATED_PLATELET_CYTOSOLIC_CA2,CAF,0.1193549490061074,RCTD
REACTOME_SIGNALING_BY_GPCR,CAF,0.873610944533143,RCTD
REACTOME_TERMINAL_PATHWAY_OF_COMPLEMENT,CAF,0.853638805439206,RCTD
REACTOME_TRANSPORT_OF_GAMMA_CARBOXYLATED_PROTEIN_PRECURSORS_FROM_THE_ENDOPLASMIC_RETICULUM_TO_THE_GOLGI_APPARATUS,CAF,0.11160192822751196,RCTD
REACTOME_TRANSPORT_TO_THE_GOLGI_AND_SUBSEQUENT_MODIFICATION,CAF,0.1193549490061074,RCTD
REACTOME_VESICLE_MEDIATED_TRANSPORT,CAF,0.1193549490061074,RCTD
REACTOME_ACTIVATION_OF_C3_AND_C5,CAM,0.8617586258027797,RCTD
REACTOME_ADAPTIVE_IMMUNE_SYSTEM,CAM,0.8623979032832608,RCTD
REACTOME_ALTERNATIVE_COMPLEMENT_ACTIVATION,CAM,0.8623979032832608,RCTD
REACTOME_ASPARAGINE_N_LINKED_GLYCOSYLATION,CAM,0.11709223773815257,RCTD
REACTOME_CARGO_CONCENTRATION_IN_THE_ER,CAM,0.11709223773815257,RCTD
REACTOME_CLASS_A_1_RHODOPSIN_LIKE_RECEPTORS,CAM,0.8623979032832608,RCTD
REACTOME_COMMON_PATHWAY_OF_FIBRIN_CLOT_FORMATION,CAM,0.11563502823816225,RCTD
REACTOME_COMPLEMENT_CASCADE,CAM,0.8565048378246161,RCTD
REACTOME_COPII_MEDIATED_VESICLE_TRANSPORT,CAM,0.11709223773815257,RCTD
REACTOME_ER_TO_GOLGI_ANTEROGRADE_TRANSPORT,CAM,0.11709223773815257,RCTD
REACTOME_EXTRINSIC_PATHWAY_OF_FIBRIN_CLOT_FORMATION,CAM,0.11496273084093868,RCTD
REACTOME_FORMATION_OF_FIBRIN_CLOT_CLOTTING_CASCADE,CAM,0.11658403481897775,RCTD
REACTOME_GAMMA_CARBOXYLATION_HYPUSINYLATION_HYDROXYLATION_AND_ARYLSULFATASE_ACTIVATION,CAM,0.1142573850466302,RCTD
REACTOME_GAMMA_CARBOXYLATION_OF_PROTEIN_PRECURSORS,CAM,0.11164410826835082,RCTD
REACTOME_GAMMA_CARBOXYLATION_TRANSPORT_AND_AMINO_TERMINAL_CLEAVAGE_OF_PROTEINS,CAM,0.11164410826835082,RCTD
REACTOME_GPCR_LIGAND_BINDING,CAM,0.8623979032832608,RCTD
REACTOME_G_ALPHA_I_SIGNALLING_EVENTS,CAM,0.8623979032832608,RCTD
REACTOME_HEMOSTASIS,CAM,0.11658403481897775,RCTD
REACTOME_IMMUNE_SYSTEM,CAM,0.8565048378246161,RCTD
REACTOME_IMMUNOREGULATORY_INTERACTIONS_BETWEEN_A_LYMPHOID_AND_A_NON_LYMPHOID_CELL,CAM,0.8623979032832608,RCTD
REACTOME_INITIAL_TRIGGERING_OF_COMPLEMENT,CAM,0.8617586258027797,RCTD
REACTOME_INNATE_IMMUNE_SYSTEM,CAM,0.8565048378246161,RCTD
REACTOME_INTRINSIC_PATHWAY_OF_FIBRIN_CLOT_FORMATION,CAM,0.11552194630652798,RCTD
REACTOME_MEMBRANE_TRAFFICKING,CAM,0.11709223773815257,RCTD
REACTOME_METABOLISM_OF_PROTEINS,CAM,0.2652968891216364,RCTD
REACTOME_NEUTROPHIL_DEGRANULATION,CAM,0.8623979032832608,RCTD
REACTOME_PEPTIDE_LIGAND_BINDING_RECEPTORS,CAM,0.8623979032832608,RCTD
REACTOME_PLATELET_ACTIVATION_SIGNALING_AND_AGGREGATION,CAM,0.11709223773815257,RCTD
REACTOME_POST_TRANSLATIONAL_PROTEIN_MODIFICATION,CAM,0.2652968891216364,RCTD
REACTOME_REGULATION_OF_INSULIN_LIKE_GROWTH_FACTOR_IGF_TRANSPORT_AND_UPTAKE_BY_INSULIN_LIKE_GROWTH_FACTOR_BINDING_PROTEINS_IGFBPS,CAM,0.49038201818777544,RCTD
REACTOME_RESPONSE_TO_ELEVATED_PLATELET_CYTOSOLIC_CA2,CAM,0.11709223773815257,RCTD
REACTOME_SIGNALING_BY_GPCR,CAM,0.8623979032832608,RCTD
REACTOME_TERMINAL_PATHWAY_OF_COMPLEMENT,CAM,0.8526417916406119,RCTD
REACTOME_TRANSPORT_OF_GAMMA_CARBOXYLATED_PROTEIN_PRECURSORS_FROM_THE_ENDOPLASMIC_RETICULUM_TO_THE_GOLGI_APPARATUS,CAM,0.11164410826835082,RCTD
REACTOME_TRANSPORT_TO_THE_GOLGI_AND_SUBSEQUENT_MODIFICATION,CAM,0.11709223773815257,RCTD
REACTOME_VESICLE_MEDIATED_TRANSPORT,CAM,0.11709223773815257,RCTD
REACTOME_ACTIVATION_OF_C3_AND_C5,Fibroblasts,0.870025071740595,RCTD
REACTOME_ADAPTIVE_IMMUNE_SYSTEM,Fibroblasts,0.8754103564735302,RCTD
REACTOME_ALTERNATIVE_COMPLEMENT_ACTIVATION,Fibroblasts,0.8754103564735302,RCTD
REACTOME_ASPARAGINE_N_LINKED_GLYCOSYLATION,Fibroblasts,0.11806741046600804,RCTD
REACTOME_CARGO_CONCENTRATION_IN_THE_ER,Fibroblasts,0.11806741046600804,RCTD
REACTOME_CLASS_A_1_RHODOPSIN_LIKE_RECEPTORS,Fibroblasts,0.8754103564735302,RCTD
REACTOME_COMMON_PATHWAY_OF_FIBRIN_CLOT_FORMATION,Fibroblasts,0.117073257774826,RCTD
REACTOME_COMPLEMENT_CASCADE,Fibroblasts,0.8622356147845737,RCTD
REACTOME_COPII_MEDIATED_VESICLE_TRANSPORT,Fibroblasts,0.11806741046600804,RCTD
REACTOME_ER_TO_GOLGI_ANTEROGRADE_TRANSPORT,Fibroblasts,0.11806741046600804,RCTD
REACTOME_EXTRINSIC_PATHWAY_OF_FIBRIN_CLOT_FORMATION,Fibroblasts,0.11568652255596135,RCTD
REACTOME_FORMATION_OF_FIBRIN_CLOT_CLOTTING_CASCADE,Fibroblasts,0.1168414002016579,RCTD
REACTOME_GAMMA_CARBOXYLATION_HYPUSINYLATION_HYDROXYLATION_AND_ARYLSULFATASE_ACTIVATION,Fibroblasts,0.11591163286480974,RCTD
REACTOME_GAMMA_CARBOXYLATION_OF_PROTEIN_PRECURSORS,Fibroblasts,0.11437861256093897,RCTD
REACTOME_GAMMA_CARBOXYLATION_TRANSPORT_AND_AMINO_TERMINAL_CLEAVAGE_OF_PROTEINS,Fibroblasts,0.11437861256093897,RCTD
REACTOME_GPCR_LIGAND_BINDING,Fibroblasts,0.8754103564735302,RCTD
REACTOME_G_ALPHA_I_SIGNALLING_EVENTS,Fibroblasts,0.8754103564735302,RCTD
REACTOME_HEMOSTASIS,Fibroblasts,0.1168414002016579,RCTD
REACTOME_IMMUNE_SYSTEM,Fibroblasts,0.8622356147845737,RCTD
REACTOME_IMMUNOREGULATORY_INTERACTIONS_BETWEEN_A_LYMPHOID_AND_A_NON_LYMPHOID_CELL,Fibroblasts,0.8754103564735302,RCTD
REACTOME_INITIAL_TRIGGERING_OF_COMPLEMENT,Fibroblasts,0.870025071740595,RCTD
REACTOME_INNATE_IMMUNE_SYSTEM,Fibroblasts,0.8622356147845737,RCTD
REACTOME_INTRINSIC_PATHWAY_OF_FIBRIN_CLOT_FORMATION,Fibroblasts,0.11623640400415097,RCTD
REACTOME_MEMBRANE_TRAFFICKING,Fibroblasts,0.11806741046600804,RCTD
REACTOME_METABOLISM_OF_PROTEINS,Fibroblasts,0.27091991040409047,RCTD
REACTOME_NEUTROPHIL_DEGRANULATION,Fibroblasts,0.8754103564735302,RCTD
REACTOME_PEPTIDE_LIGAND_BINDING_RECEPTORS,Fibroblasts,0.8754103564735302,RCTD
REACTOME_PLATELET_ACTIVATION_SIGNALING_AND_AGGREGATION,Fibroblasts,0.11806741046600804,RCTD
REACTOME_POST_TRANSLATIONAL_PROTEIN_MODIFICATION,Fibroblasts,0.27091991040409047,RCTD
REACTOME_REGULATION_OF_INSULIN_LIKE_GROWTH_FACTOR_IGF_TRANSPORT_AND_UPTAKE_BY_INSULIN_LIKE_GROWTH_FACTOR_BINDING_PROTEINS_IGFBPS,Fibroblasts,0.5003916725173452,RCTD
REACTOME_RESPONSE_TO_ELEVATED_PLATELET_CYTOSOLIC_CA2,Fibroblasts,0.11806741046600804,RCTD
REACTOME_SIGNALING_BY_GPCR,Fibroblasts,0.8754103564735302,RCTD
REACTOME_TERMINAL_PATHWAY_OF_COMPLEMENT,Fibroblasts,0.8565050513369389,RCTD
REACTOME_TRANSPORT_OF_GAMMA_CARBOXYLATED_PROTEIN_PRECURSORS_FROM_THE_ENDOPLASMIC_RETICULUM_TO_THE_GOLGI_APPARATUS,Fibroblasts,0.11437861256093897,RCTD
REACTOME_TRANSPORT_TO_THE_GOLGI_AND_SUBSEQUENT_MODIFICATION,Fibroblasts,0.11806741046600804,RCTD
REACTOME_VESICLE_MEDIATED_TRANSPORT,Fibroblasts,0.11806741046600804,RCTD
REACTOME_ACTIVATION_OF_C3_AND_C5,Cytotoxic_IFN_signaling,0.8655816125443577,RCTD
REACTOME_ADAPTIVE_IMMUNE_SYSTEM,Cytotoxic_IFN_signaling,0.8665072070906698,RCTD
REACTOME_ALTERNATIVE_COMPLEMENT_ACTIVATION,Cytotoxic_IFN_signaling,0.8665072070906698,RCTD
REACTOME_ASPARAGINE_N_LINKED_GLYCOSYLATION,Cytotoxic_IFN_signaling,0.11840522399599201,RCTD
REACTOME_CARGO_CONCENTRATION_IN_THE_ER,Cytotoxic_IFN_signaling,0.11840522399599201,RCTD
REACTOME_CLASS_A_1_RHODOPSIN_LIKE_RECEPTORS,Cytotoxic_IFN_signaling,0.8665072070906698,RCTD
REACTOME_COMMON_PATHWAY_OF_FIBRIN_CLOT_FORMATION,Cytotoxic_IFN_signaling,0.11776061591605032,RCTD
REACTOME_COMPLEMENT_CASCADE,Cytotoxic_IFN_signaling,0.8612045674624438,RCTD
REACTOME_COPII_MEDIATED_VESICLE_TRANSPORT,Cytotoxic_IFN_signaling,0.11840522399599201,RCTD
REACTOME_ER_TO_GOLGI_ANTEROGRADE_TRANSPORT,Cytotoxic_IFN_signaling,0.11840522399599201,RCTD
REACTOME_EXTRINSIC_PATHWAY_OF_FIBRIN_CLOT_FORMATION,Cytotoxic_IFN_signaling,0.11633948970215555,RCTD
REACTOME_FORMATION_OF_FIBRIN_CLOT_CLOTTING_CASCADE,Cytotoxic_IFN_signaling,0.11749793377595025,RCTD
REACTOME_GAMMA_CARBOXYLATION_HYPUSINYLATION_HYDROXYLATION_AND_ARYLSULFATASE_ACTIVATION,Cytotoxic_IFN_signaling,0.11669166616075671,RCTD
REACTOME_GAMMA_CARBOXYLATION_OF_PROTEIN_PRECURSORS,Cytotoxic_IFN_signaling,0.11548641932778803,RCTD
REACTOME_GAMMA_CARBOXYLATION_TRANSPORT_AND_AMINO_TERMINAL_CLEAVAGE_OF_PROTEINS,Cytotoxic_IFN_signaling,0.11548641932778803,RCTD
REACTOME_GPCR_LIGAND_BINDING,Cytotoxic_IFN_signaling,0.8665072070906698,RCTD
REACTOME_G_ALPHA_I_SIGNALLING_EVENTS,Cytotoxic_IFN_signaling,0.8665072070906698,RCTD
REACTOME_HEMOSTASIS,Cytotoxic_IFN_signaling,0.11749793377595025,RCTD
REACTOME_IMMUNE_SYSTEM,Cytotoxic_IFN_signaling,0.8612045674624438,RCTD
REACTOME_IMMUNOREGULATORY_INTERACTIONS_BETWEEN_A_LYMPHOID_AND_A_NON_LYMPHOID_CELL,Cytotoxic_IFN_signaling,0.8665072070906698,RCTD
REACTOME_INITIAL_TRIGGERING_OF_COMPLEMENT,Cytotoxic_IFN_signaling,0.8655816125443577,RCTD
REACTOME_INNATE_IMMUNE_SYSTEM,Cytotoxic_IFN_signaling,0.8612045674624438,RCTD
REACTOME_INTRINSIC_PATHWAY_OF_FIBRIN_CLOT_FORMATION,Cytotoxic_IFN_signaling,0.11716362106453823,RCTD
REACTOME_MEMBRANE_TRAFFICKING,Cytotoxic_IFN_signaling,0.11840522399599201,RCTD
REACTOME_METABOLISM_OF_PROTEINS,Cytotoxic_IFN_signaling,0.268061301627528,RCTD
REACTOME_NEUTROPHIL_DEGRANULATION,Cytotoxic_IFN_signaling,0.8665072070906698,RCTD
REACTOME_PEPTIDE_LIGAND_BINDING_RECEPTORS,Cytotoxic_IFN_signaling,0.8665072070906698,RCTD
REACTOME_PLATELET_ACTIVATION_SIGNALING_AND_AGGREGATION,Cytotoxic_IFN_signaling,0.11840522399599201,RCTD
REACTOME_POST_TRANSLATIONAL_PROTEIN_MODIFICATION,Cytotoxic_IFN_signaling,0.268061301627528,RCTD
REACTOME_REGULATION_OF_INSULIN_LIKE_GROWTH_FACTOR_IGF_TRANSPORT_AND_UPTAKE_BY_INSULIN_LIKE_GROWTH_FACTOR_BINDING_PROTEINS_IGFBPS,Cytotoxic_IFN_signaling,0.4937816073190158,RCTD
REACTOME_RESPONSE_TO_ELEVATED_PLATELET_CYTOSOLIC_CA2,Cytotoxic_IFN_signaling,0.11840522399599201,RCTD
REACTOME_SIGNALING_BY_GPCR,Cytotoxic_IFN_signaling,0.8665072070906698,RCTD
REACTOME_TERMINAL_PATHWAY_OF_COMPLEMENT,Cytotoxic_IFN_signaling,0.8579548463177807,RCTD
REACTOME_TRANSPORT_OF_GAMMA_CARBOXYLATED_PROTEIN_PRECURSORS_FROM_THE_ENDOPLASMIC_RETICULUM_TO_THE_GOLGI_APPARATUS,Cytotoxic_IFN_signaling,0.11548641932778803,RCTD
REACTOME_TRANSPORT_TO_THE_GOLGI_AND_SUBSEQUENT_MODIFICATION,Cytotoxic_IFN_signaling,0.11840522399599201,RCTD
REACTOME_VESICLE_MEDIATED_TRANSPORT,Cytotoxic_IFN_signaling,0.11840522399599201,RCTD
REACTOME_ACTIVATION_OF_C3_AND_C5,T_cell,0.8654126127093406,RCTD
REACTOME_ADAPTIVE_IMMUNE_SYSTEM,T_cell,0.8657467657492307,RCTD
REACTOME_ALTERNATIVE_COMPLEMENT_ACTIVATION,T_cell,0.8657467657492307,RCTD
REACTOME_ASPARAGINE_N_LINKED_GLYCOSYLATION,T_cell,0.1213034383899241,RCTD
REACTOME_CARGO_CONCENTRATION_IN_THE_ER,T_cell,0.1213034383899241,RCTD
REACTOME_CLASS_A_1_RHODOPSIN_LIKE_RECEPTORS,T_cell,0.8657467657492307,RCTD
REACTOME_COMMON_PATHWAY_OF_FIBRIN_CLOT_FORMATION,T_cell,0.11973488886002819,RCTD
REACTOME_COMPLEMENT_CASCADE,T_cell,0.8614468397362327,RCTD
REACTOME_COPII_MEDIATED_VESICLE_TRANSPORT,T_cell,0.1213034383899241,RCTD
REACTOME_ER_TO_GOLGI_ANTEROGRADE_TRANSPORT,T_cell,0.1213034383899241,RCTD
REACTOME_EXTRINSIC_PATHWAY_OF_FIBRIN_CLOT_FORMATION,T_cell,0.11594771050253982,RCTD
REACTOME_FORMATION_OF_FIBRIN_CLOT_CLOTTING_CASCADE,T_cell,0.1184531494710934,RCTD
REACTOME_GAMMA_CARBOXYLATION_HYPUSINYLATION_HYDROXYLATION_AND_ARYLSULFATASE_ACTIVATION,T_cell,0.11744991283425327,RCTD
REACTOME_GAMMA_CARBOXYLATION_OF_PROTEIN_PRECURSORS,T_cell,0.11578122076874388,RCTD
REACTOME_GAMMA_CARBOXYLATION_TRANSPORT_AND_AMINO_TERMINAL_CLEAVAGE_OF_PROTEINS,T_cell,0.11578122076874388,RCTD
REACTOME_GPCR_LIGAND_BINDING,T_cell,0.8657467657492307,RCTD
REACTOME_G_ALPHA_I_SIGNALLING_EVENTS,T_cell,0.8657467657492307,RCTD
REACTOME_HEMOSTASIS,T_cell,0.1184531494710934,RCTD
REACTOME_IMMUNE_SYSTEM,T_cell,0.8614468397362327,RCTD
REACTOME_IMMUNOREGULATORY_INTERACTIONS_BETWEEN_A_LYMPHOID_AND_A_NON_LYMPHOID_CELL,T_cell,0.8657467657492307,RCTD
REACTOME_INITIAL_TRIGGERING_OF_COMPLEMENT,T_cell,0.8654126127093406,RCTD
REACTOME_INNATE_IMMUNE_SYSTEM,T_cell,0.8614468397362327,RCTD
REACTOME_INTRINSIC_PATHWAY_OF_FIBRIN_CLOT_FORMATION,T_cell,0.11796194053703693,RCTD
REACTOME_MEMBRANE_TRAFFICKING,T_cell,0.1213034383899241,RCTD
REACTOME_METABOLISM_OF_PROTEINS,T_cell,0.2689550165675656,RCTD
REACTOME_NEUTROPHIL_DEGRANULATION,T_cell,0.8657467657492307,RCTD
REACTOME_PEPTIDE_LIGAND_BINDING_RECEPTORS,T_cell,0.8657467657492307,RCTD
REACTOME_PLATELET_ACTIVATION_SIGNALING_AND_AGGREGATION,T_cell,0.1213034383899241,RCTD
REACTOME_POST_TRANSLATIONAL_PROTEIN_MODIFICATION,T_cell,0.2689550165675656,RCTD
REACTOME_REGULATION_OF_INSULIN_LIKE_GROWTH_FACTOR_IGF_TRANSPORT_AND_UPTAKE_BY_INSULIN_LIKE_GROWTH_FACTOR_BINDING_PROTEINS_IGFBPS,T_cell,0.49496397260419006,RCTD
REACTOME_RESPONSE_TO_ELEVATED_PLATELET_CYTOSOLIC_CA2,T_cell,0.1213034383899241,RCTD
REACTOME_SIGNALING_BY_GPCR,T_cell,0.8657467657492307,RCTD
REACTOME_TERMINAL_PATHWAY_OF_COMPLEMENT,T_cell,0.8584909585981351,RCTD
REACTOME_TRANSPORT_OF_GAMMA_CARBOXYLATED_PROTEIN_PRECURSORS_FROM_THE_ENDOPLASMIC_RETICULUM_TO_THE_GOLGI_APPARATUS,T_cell,0.11578122076874388,RCTD
REACTOME_TRANSPORT_TO_THE_GOLGI_AND_SUBSEQUENT_MODIFICATION,T_cell,0.1213034383899241,RCTD
REACTOME_VESICLE_MEDIATED_TRANSPORT,T_cell,0.1213034383899241,RCTD
REACTOME_ACTIVATION_OF_C3_AND_C5,M1_macrophages,0.8658452888922058,RCTD
REACTOME_ADAPTIVE_IMMUNE_SYSTEM,M1_macrophages,0.8683545276525789,RCTD
REACTOME_ALTERNATIVE_COMPLEMENT_ACTIVATION,M1_macrophages,0.8683545276525789,RCTD
REACTOME_ASPARAGINE_N_LINKED_GLYCOSYLATION,M1_macrophages,0.11892983570129877,RCTD
REACTOME_CARGO_CONCENTRATION_IN_THE_ER,M1_macrophages,0.11892983570129877,RCTD
REACTOME_CLASS_A_1_RHODOPSIN_LIKE_RECEPTORS,M1_macrophages,0.8683545276525789,RCTD
REACTOME_COMMON_PATHWAY_OF_FIBRIN_CLOT_FORMATION,M1_macrophages,0.11752554956859126,RCTD
REACTOME_COMPLEMENT_CASCADE,M1_macrophages,0.8604400354237213,RCTD
REACTOME_COPII_MEDIATED_VESICLE_TRANSPORT,M1_macrophages,0.11892983570129877,RCTD
REACTOME_ER_TO_GOLGI_ANTEROGRADE_TRANSPORT,M1_macrophages,0.11892983570129877,RCTD
REACTOME_EXTRINSIC_PATHWAY_OF_FIBRIN_CLOT_FORMATION,M1_macrophages,0.11411209227787218,RCTD
REACTOME_FORMATION_OF_FIBRIN_CLOT_CLOTTING_CASCADE,M1_macrophages,0.11588319613265453,RCTD
REACTOME_GAMMA_CARBOXYLATION_HYPUSINYLATION_HYDROXYLATION_AND_ARYLSULFATASE_ACTIVATION,M1_macrophages,0.115758570538178,RCTD
REACTOME_GAMMA_CARBOXYLATION_OF_PROTEIN_PRECURSORS,M1_macrophages,0.11344377778464945,RCTD
REACTOME_GAMMA_CARBOXYLATION_TRANSPORT_AND_AMINO_TERMINAL_CLEAVAGE_OF_PROTEINS,M1_macrophages,0.11344377778464945,RCTD
REACTOME_GPCR_LIGAND_BINDING,M1_macrophages,0.8683545276525789,RCTD
REACTOME_G_ALPHA_I_SIGNALLING_EVENTS,M1_macrophages,0.8683545276525789,RCTD
REACTOME_HEMOSTASIS,M1_macrophages,0.11588319613265453,RCTD
REACTOME_IMMUNE_SYSTEM,M1_macrophages,0.8604400354237213,RCTD
REACTOME_IMMUNOREGULATORY_INTERACTIONS_BETWEEN_A_LYMPHOID_AND_A_NON_LYMPHOID_CELL,M1_macrophages,0.8683545276525789,RCTD
REACTOME_INITIAL_TRIGGERING_OF_COMPLEMENT,M1_macrophages,0.8658452888922058,RCTD
REACTOME_INNATE_IMMUNE_SYSTEM,M1_macrophages,0.8604400354237213,RCTD
REACTOME_INTRINSIC_PATHWAY_OF_FIBRIN_CLOT_FORMATION,M1_macrophages,0.11539102799963795,RCTD
REACTOME_MEMBRANE_TRAFFICKING,M1_macrophages,0.11892983570129877,RCTD
REACTOME_METABOLISM_OF_PROTEINS,M1_macrophages,0.26859557142887974,RCTD
REACTOME_NEUTROPHIL_DEGRANULATION,M1_macrophages,0.8683545276525789,RCTD
REACTOME_PEPTIDE_LIGAND_BINDING_RECEPTORS,M1_macrophages,0.8683545276525789,RCTD
REACTOME_PLATELET_ACTIVATION_SIGNALING_AND_AGGREGATION,M1_macrophages,0.11892983570129877,RCTD
REACTOME_POST_TRANSLATIONAL_PROTEIN_MODIFICATION,M1_macrophages,0.26859557142887974,RCTD
REACTOME_REGULATION_OF_INSULIN_LIKE_GROWTH_FACTOR_IGF_TRANSPORT_AND_UPTAKE_BY_INSULIN_LIKE_GROWTH_FACTOR_BINDING_PROTEINS_IGFBPS,M1_macrophages,0.49563578408932485,RCTD
REACTOME_RESPONSE_TO_ELEVATED_PLATELET_CYTOSOLIC_CA2,M1_macrophages,0.11892983570129877,RCTD
REACTOME_SIGNALING_BY_GPCR,M1_macrophages,0.8683545276525789,RCTD
REACTOME_TERMINAL_PATHWAY_OF_COMPLEMENT,M1_macrophages,0.8563831865045818,RCTD
REACTOME_TRANSPORT_OF_GAMMA_CARBOXYLATED_PROTEIN_PRECURSORS_FROM_THE_ENDOPLASMIC_RETICULUM_TO_THE_GOLGI_APPARATUS,M1_macrophages,0.11344377778464945,RCTD
REACTOME_TRANSPORT_TO_THE_GOLGI_AND_SUBSEQUENT_MODIFICATION,M1_macrophages,0.11892983570129877,RCTD
REACTOME_VESICLE_MEDIATED_TRANSPORT,M1_macrophages,0.11892983570129877,RCTD
REACTOME_ACTIVATION_OF_C3_AND_C5,Macrophages,0.8662348764013823,RCTD
REACTOME_ADAPTIVE_IMMUNE_SYSTEM,Macrophages,0.8669578189339352,RCTD
REACTOME_ALTERNATIVE_COMPLEMENT_ACTIVATION,Macrophages,0.8669578189339352,RCTD
REACTOME_ASPARAGINE_N_LINKED_GLYCOSYLATION,Macrophages,0.12109968122863944,RCTD
REACTOME_CARGO_CONCENTRATION_IN_THE_ER,Macrophages,0.12109968122863944,RCTD
REACTOME_CLASS_A_1_RHODOPSIN_LIKE_RECEPTORS,Macrophages,0.8669578189339352,RCTD
REACTOME_COMMON_PATHWAY_OF_FIBRIN_CLOT_FORMATION,Macrophages,0.11990507678839157,RCTD
REACTOME_COMPLEMENT_CASCADE,Macrophages,0.861734603616895,RCTD
REACTOME_COPII_MEDIATED_VESICLE_TRANSPORT,Macrophages,0.12109968122863944,RCTD
REACTOME_ER_TO_GOLGI_ANTEROGRADE_TRANSPORT,Macrophages,0.12109968122863944,RCTD
REACTOME_EXTRINSIC_PATHWAY_OF_FIBRIN_CLOT_FORMATION,Macrophages,0.11745905561970703,RCTD
REACTOME_FORMATION_OF_FIBRIN_CLOT_CLOTTING_CASCADE,Macrophages,0.11876021285775423,RCTD
REACTOME_GAMMA_CARBOXYLATION_HYPUSINYLATION_HYDROXYLATION_AND_ARYLSULFATASE_ACTIVATION,Macrophages,0.11740850969299513,RCTD
REACTOME_GAMMA_CARBOXYLATION_OF_PROTEIN_PRECURSORS,Macrophages,0.11607063772615009,RCTD
REACTOME_GAMMA_CARBOXYLATION_TRANSPORT_AND_AMINO_TERMINAL_CLEAVAGE_OF_PROTEINS,Macrophages,0.11607063772615009,RCTD
REACTOME_GPCR_LIGAND_BINDING,Macrophages,0.8669578189339352,RCTD
REACTOME_G_ALPHA_I_SIGNALLING_EVENTS,Macrophages,0.8669578189339352,RCTD
REACTOME_HEMOSTASIS,Macrophages,0.11876021285775423,RCTD
REACTOME_IMMUNE_SYSTEM,Macrophages,0.861734603616895,RCTD
REACTOME_IMMUNOREGULATORY_INTERACTIONS_BETWEEN_A_LYMPHOID_AND_A_NON_LYMPHOID_CELL,Macrophages,0.8669578189339352,RCTD
REACTOME_INITIAL_TRIGGERING_OF_COMPLEMENT,Macrophages,0.8662348764013823,RCTD
REACTOME_INNATE_IMMUNE_SYSTEM,Macrophages,0.861734603616895,RCTD
REACTOME_INTRINSIC_PATHWAY_OF_FIBRIN_CLOT_FORMATION,Macrophages,0.1173261154149807,RCTD
REACTOME_MEMBRANE_TRAFFICKING,Macrophages,0.12109968122863944,RCTD
REACTOME_METABOLISM_OF_PROTEINS,Macrophages,0.26951540009559005,RCTD
REACTOME_NEUTROPHIL_DEGRANULATION,Macrophages,0.8669578189339352,RCTD
REACTOME_PEPTIDE_LIGAND_BINDING_RECEPTORS,Macrophages,0.8669578189339352,RCTD
REACTOME_PLATELET_ACTIVATION_SIGNALING_AND_AGGREGATION,Macrophages,0.12109968122863944,RCTD
REACTOME_POST_TRANSLATIONAL_PROTEIN_MODIFICATION,Macrophages,0.26951540009559005,RCTD
REACTOME_REGULATION_OF_INSULIN_LIKE_GROWTH_FACTOR_IGF_TRANSPORT_AND_UPTAKE_BY_INSULIN_LIKE_GROWTH_FACTOR_BINDING_PROTEINS_IGFBPS,Macrophages,0.49611742455583063,RCTD
REACTOME_RESPONSE_TO_ELEVATED_PLATELET_CYTOSOLIC_CA2,Macrophages,0.12109968122863944,RCTD
REACTOME_SIGNALING_BY_GPCR,Macrophages,0.8669578189339352,RCTD
REACTOME_TERMINAL_PATHWAY_OF_COMPLEMENT,Macrophages,0.8583804800846693,RCTD
REACTOME_TRANSPORT_OF_GAMMA_CARBOXYLATED_PROTEIN_PRECURSORS_FROM_THE_ENDOPLASMIC_RETICULUM_TO_THE_GOLGI_APPARATUS,Macrophages,0.11607063772615009,RCTD
REACTOME_TRANSPORT_TO_THE_GOLGI_AND_SUBSEQUENT_MODIFICATION,Macrophages,0.12109968122863944,RCTD
REACTOME_VESICLE_MEDIATED_TRANSPORT,Macrophages,0.12109968122863944,RCTD
REACTOME_ACTIVATION_OF_C3_AND_C5,Cortex_CCL21,0.8662889516222552,RCTD
REACTOME_ADAPTIVE_IMMUNE_SYSTEM,Cortex_CCL21,0.8673958797838106,RCTD
REACTOME_ALTERNATIVE_COMPLEMENT_ACTIVATION,Cortex_CCL21,0.8673958797838106,RCTD
REACTOME_ASPARAGINE_N_LINKED_GLYCOSYLATION,Cortex_CCL21,0.12027152841401736,RCTD
REACTOME_CARGO_CONCENTRATION_IN_THE_ER,Cortex_CCL21,0.12027152841401736,RCTD
REACTOME_CLASS_A_1_RHODOPSIN_LIKE_RECEPTORS,Cortex_CCL21,0.8673958797838106,RCTD
REACTOME_COMMON_PATHWAY_OF_FIBRIN_CLOT_FORMATION,Cortex_CCL21,0.11899869339518815,RCTD
REACTOME_COMPLEMENT_CASCADE,Cortex_CCL21,0.861617725832199,RCTD
REACTOME_COPII_MEDIATED_VESICLE_TRANSPORT,Cortex_CCL21,0.12027152841401736,RCTD
REACTOME_ER_TO_GOLGI_ANTEROGRADE_TRANSPORT,Cortex_CCL21,0.12027152841401736,RCTD
REACTOME_EXTRINSIC_PATHWAY_OF_FIBRIN_CLOT_FORMATION,Cortex_CCL21,0.11683646677848014,RCTD
REACTOME_FORMATION_OF_FIBRIN_CLOT_CLOTTING_CASCADE,Cortex_CCL21,0.11870286764647424,RCTD
REACTOME_GAMMA_CARBOXYLATION_HYPUSINYLATION_HYDROXYLATION_AND_ARYLSULFATASE_ACTIVATION,Cortex_CCL21,0.11749858346889877,RCTD
REACTOME_GAMMA_CARBOXYLATION_OF_PROTEIN_PRECURSORS,Cortex_CCL21,0.11569335999795997,RCTD
REACTOME_GAMMA_CARBOXYLATION_TRANSPORT_AND_AMINO_TERMINAL_CLEAVAGE_OF_PROTEINS,Cortex_CCL21,0.11569335999795997,RCTD
REACTOME_GPCR_LIGAND_BINDING,Cortex_CCL21,0.8673958797838106,RCTD
REACTOME_G_ALPHA_I_SIGNALLING_EVENTS,Cortex_CCL21,0.8673958797838106,RCTD
REACTOME_HEMOSTASIS,Cortex_CCL21,0.11870286764647424,RCTD
REACTOME_IMMUNE_SYSTEM,Cortex_CCL21,0.861617725832199,RCTD
REACTOME_IMMUNOREGULATORY_INTERACTIONS_BETWEEN_A_LYMPHOID_AND_A_NON_LYMPHOID_CELL,Cortex_CCL21,0.8673958797838106,RCTD
REACTOME_INITIAL_TRIGGERING_OF_COMPLEMENT,Cortex_CCL21,0.8662889516222552,RCTD
REACTOME_INNATE_IMMUNE_SYSTEM,Cortex_CCL21,0.861617725832199,RCTD
REACTOME_INTRINSIC_PATHWAY_OF_FIBRIN_CLOT_FORMATION,Cortex_CCL21,0.11822632859392135,RCTD
REACTOME_MEMBRANE_TRAFFICKING,Cortex_CCL21,0.12027152841401736,RCTD
REACTOME_METABOLISM_OF_PROTEINS,Cortex_CCL21,0.26912958643469254,RCTD
REACTOME_NEUTROPHIL_DEGRANULATION,Cortex_CCL21,0.8673958797838106,RCTD
REACTOME_PEPTIDE_LIGAND_BINDING_RECEPTORS,Cortex_CCL21,0.8673958797838106,RCTD
REACTOME_PLATELET_ACTIVATION_SIGNALING_AND_AGGREGATION,Cortex_CCL21,0.12027152841401736,RCTD
REACTOME_POST_TRANSLATIONAL_PROTEIN_MODIFICATION,Cortex_CCL21,0.26912958643469254,RCTD
REACTOME_REGULATION_OF_INSULIN_LIKE_GROWTH_FACTOR_IGF_TRANSPORT_AND_UPTAKE_BY_INSULIN_LIKE_GROWTH_FACTOR_BINDING_PROTEINS_IGFBPS,Cortex_CCL21,0.4951356043002568,RCTD
REACTOME_RESPONSE_TO_ELEVATED_PLATELET_CYTOSOLIC_CA2,Cortex_CCL21,0.12027152841401736,RCTD
REACTOME_SIGNALING_BY_GPCR,Cortex_CCL21,0.8673958797838106,RCTD
REACTOME_TERMINAL_PATHWAY_OF_COMPLEMENT,Cortex_CCL21,0.8581731658720592,RCTD
REACTOME_TRANSPORT_OF_GAMMA_CARBOXYLATED_PROTEIN_PRECURSORS_FROM_THE_ENDOPLASMIC_RETICULUM_TO_THE_GOLGI_APPARATUS,Cortex_CCL21,0.11569335999795997,RCTD
REACTOME_TRANSPORT_TO_THE_GOLGI_AND_SUBSEQUENT_MODIFICATION,Cortex_CCL21,0.12027152841401736,RCTD
REACTOME_VESICLE_MEDIATED_TRANSPORT,Cortex_CCL21,0.12027152841401736,RCTD
REACTOME_ACTIVATION_OF_C3_AND_C5,Plasma_IgG,0.8674721989304132,RCTD
REACTOME_ADAPTIVE_IMMUNE_SYSTEM,Plasma_IgG,0.8698015988750833,RCTD
REACTOME_ALTERNATIVE_COMPLEMENT_ACTIVATION,Plasma_IgG,0.8698015988750833,RCTD
REACTOME_ASPARAGINE_N_LINKED_GLYCOSYLATION,Plasma_IgG,0.11847268861391425,RCTD
REACTOME_CARGO_CONCENTRATION_IN_THE_ER,Plasma_IgG,0.11847268861391425,RCTD
REACTOME_CLASS_A_1_RHODOPSIN_LIKE_RECEPTORS,Plasma_IgG,0.8698015988750833,RCTD
REACTOME_COMMON_PATHWAY_OF_FIBRIN_CLOT_FORMATION,Plasma_IgG,0.11767881627513264,RCTD
REACTOME_COMPLEMENT_CASCADE,Plasma_IgG,0.8615574545994588,RCTD
REACTOME_COPII_MEDIATED_VESICLE_TRANSPORT,Plasma_IgG,0.11847268861391425,RCTD
REACTOME_ER_TO_GOLGI_ANTEROGRADE_TRANSPORT,Plasma_IgG,0.11847268861391425,RCTD
REACTOME_EXTRINSIC_PATHWAY_OF_FIBRIN_CLOT_FORMATION,Plasma_IgG,0.11572444892714329,RCTD
REACTOME_FORMATION_OF_FIBRIN_CLOT_CLOTTING_CASCADE,Plasma_IgG,0.11745170969959631,RCTD
REACTOME_GAMMA_CARBOXYLATION_HYPUSINYLATION_HYDROXYLATION_AND_ARYLSULFATASE_ACTIVATION,Plasma_IgG,0.116201738460761,RCTD
REACTOME_GAMMA_CARBOXYLATION_OF_PROTEIN_PRECURSORS,Plasma_IgG,0.1144180252192809,RCTD
REACTOME_GAMMA_CARBOXYLATION_TRANSPORT_AND_AMINO_TERMINAL_CLEAVAGE_OF_PROTEINS,Plasma_IgG,0.1144180252192809,RCTD
REACTOME_GPCR_LIGAND_BINDING,Plasma_IgG,0.8698015988750833,RCTD
REACTOME_G_ALPHA_I_SIGNALLING_EVENTS,Plasma_IgG,0.8698015988750833,RCTD
REACTOME_HEMOSTASIS,Plasma_IgG,0.11745170969959631,RCTD
REACTOME_IMMUNE_SYSTEM,Plasma_IgG,0.8615574545994588,RCTD
REACTOME_IMMUNOREGULATORY_INTERACTIONS_BETWEEN_A_LYMPHOID_AND_A_NON_LYMPHOID_CELL,Plasma_IgG,0.8698015988750833,RCTD
REACTOME_INITIAL_TRIGGERING_OF_COMPLEMENT,Plasma_IgG,0.8674721989304132,RCTD
REACTOME_INNATE_IMMUNE_SYSTEM,Plasma_IgG,0.8615574545994588,RCTD
REACTOME_INTRINSIC_PATHWAY_OF_FIBRIN_CLOT_FORMATION,Plasma_IgG,0.11707638718443154,RCTD
REACTOME_MEMBRANE_TRAFFICKING,Plasma_IgG,0.11847268861391425,RCTD
REACTOME_METABOLISM_OF_PROTEINS,Plasma_IgG,0.2692317284661464,RCTD
REACTOME_NEUTROPHIL_DEGRANULATION,Plasma_IgG,0.8698015988750833,RCTD
REACTOME_PEPTIDE_LIGAND_BINDING_RECEPTORS,Plasma_IgG,0.8698015988750833,RCTD
REACTOME_PLATELET_ACTIVATION_SIGNALING_AND_AGGREGATION,Plasma_IgG,0.11847268861391425,RCTD
REACTOME_POST_TRANSLATIONAL_PROTEIN_MODIFICATION,Plasma_IgG,0.2692317284661464,RCTD
REACTOME_REGULATION_OF_INSULIN_LIKE_GROWTH_FACTOR_IGF_TRANSPORT_AND_UPTAKE_BY_INSULIN_LIKE_GROWTH_FACTOR_BINDING_PROTEINS_IGFBPS,Plasma_IgG,0.4964845911763682,RCTD
REACTOME_RESPONSE_TO_ELEVATED_PLATELET_CYTOSOLIC_CA2,Plasma_IgG,0.11847268861391425,RCTD
REACTOME_SIGNALING_BY_GPCR,Plasma_IgG,0.8698015988750833,RCTD
REACTOME_TERMINAL_PATHWAY_OF_COMPLEMENT,Plasma_IgG,0.8571138998623695,RCTD
REACTOME_TRANSPORT_OF_GAMMA_CARBOXYLATED_PROTEIN_PRECURSORS_FROM_THE_ENDOPLASMIC_RETICULUM_TO_THE_GOLGI_APPARATUS,Plasma_IgG,0.1144180252192809,RCTD
REACTOME_TRANSPORT_TO_THE_GOLGI_AND_SUBSEQUENT_MODIFICATION,Plasma_IgG,0.11847268861391425,RCTD
REACTOME_VESICLE_MEDIATED_TRANSPORT,Plasma_IgG,0.11847268861391425,RCTD
REACTOME_ACTIVATION_OF_C3_AND_C5,High_Endothelial_Venules,0.863964216814307,RCTD
REACTOME_ADAPTIVE_IMMUNE_SYSTEM,High_Endothelial_Venules,0.8660454611951989,RCTD
REACTOME_ALTERNATIVE_COMPLEMENT_ACTIVATION,High_Endothelial_Venules,0.8660454611951989,RCTD
REACTOME_ASPARAGINE_N_LINKED_GLYCOSYLATION,High_Endothelial_Venules,0.11857875266491454,RCTD
REACTOME_CARGO_CONCENTRATION_IN_THE_ER,High_Endothelial_Venules,0.11857875266491454,RCTD
REACTOME_CLASS_A_1_RHODOPSIN_LIKE_RECEPTORS,High_Endothelial_Venules,0.8660454611951989,RCTD
REACTOME_COMMON_PATHWAY_OF_FIBRIN_CLOT_FORMATION,High_Endothelial_Venules,0.11733338530209098,RCTD
REACTOME_COMPLEMENT_CASCADE,High_Endothelial_Venules,0.8591325584246301,RCTD
REACTOME_COPII_MEDIATED_VESICLE_TRANSPORT,High_Endothelial_Venules,0.11857875266491454,RCTD
REACTOME_ER_TO_GOLGI_ANTEROGRADE_TRANSPORT,High_Endothelial_Venules,0.11857875266491454,RCTD
REACTOME_EXTRINSIC_PATHWAY_OF_FIBRIN_CLOT_FORMATION,High_Endothelial_Venules,0.11416926978441443,RCTD
REACTOME_FORMATION_OF_FIBRIN_CLOT_CLOTTING_CASCADE,High_Endothelial_Venules,0.11607130469585808,RCTD
REACTOME_GAMMA_CARBOXYLATION_HYPUSINYLATION_HYDROXYLATION_AND_ARYLSULFATASE_ACTIVATION,High_Endothelial_Venules,0.11459374138531354,RCTD
REACTOME_GAMMA_CARBOXYLATION_OF_PROTEIN_PRECURSORS,High_Endothelial_Venules,0.1132565189558368,RCTD
REACTOME_GAMMA_CARBOXYLATION_TRANSPORT_AND_AMINO_TERMINAL_CLEAVAGE_OF_PROTEINS,High_Endothelial_Venules,0.1132565189558368,RCTD
REACTOME_GPCR_LIGAND_BINDING,High_Endothelial_Venules,0.8660454611951989,RCTD
REACTOME_G_ALPHA_I_SIGNALLING_EVENTS,High_Endothelial_Venules,0.8660454611951989,RCTD
REACTOME_HEMOSTASIS,High_Endothelial_Venules,0.11607130469585808,RCTD
REACTOME_IMMUNE_SYSTEM,High_Endothelial_Venules,0.8591325584246301,RCTD
REACTOME_IMMUNOREGULATORY_INTERACTIONS_BETWEEN_A_LYMPHOID_AND_A_NON_LYMPHOID_CELL,High_Endothelial_Venules,0.8660454611951989,RCTD
REACTOME_INITIAL_TRIGGERING_OF_COMPLEMENT,High_Endothelial_Venules,0.863964216814307,RCTD
REACTOME_INNATE_IMMUNE_SYSTEM,High_Endothelial_Venules,0.8591325584246301,RCTD
REACTOME_INTRINSIC_PATHWAY_OF_FIBRIN_CLOT_FORMATION,High_Endothelial_Venules,0.11489840776771092,RCTD
REACTOME_MEMBRANE_TRAFFICKING,High_Endothelial_Venules,0.11857875266491454,RCTD
REACTOME_METABOLISM_OF_PROTEINS,High_Endothelial_Venules,0.26760452417103725,RCTD
REACTOME_NEUTROPHIL_DEGRANULATION,High_Endothelial_Venules,0.8660454611951989,RCTD
REACTOME_PEPTIDE_LIGAND_BINDING_RECEPTORS,High_Endothelial_Venules,0.8660454611951989,RCTD
REACTOME_PLATELET_ACTIVATION_SIGNALING_AND_AGGREGATION,High_Endothelial_Venules,0.11857875266491454,RCTD
REACTOME_POST_TRANSLATIONAL_PROTEIN_MODIFICATION,High_Endothelial_Venules,0.26760452417103725,RCTD
REACTOME_REGULATION_OF_INSULIN_LIKE_GROWTH_FACTOR_IGF_TRANSPORT_AND_UPTAKE_BY_INSULIN_LIKE_GROWTH_FACTOR_BINDING_PROTEINS_IGFBPS,High_Endothelial_Venules,0.4951342981334772,RCTD
REACTOME_RESPONSE_TO_ELEVATED_PLATELET_CYTOSOLIC_CA2,High_Endothelial_Venules,0.11857875266491454,RCTD
REACTOME_SIGNALING_BY_GPCR,High_Endothelial_Venules,0.8660454611951989,RCTD
REACTOME_TERMINAL_PATHWAY_OF_COMPLEMENT,High_Endothelial_Venules,0.8555029715827013,RCTD
REACTOME_TRANSPORT_OF_GAMMA_CARBOXYLATED_PROTEIN_PRECURSORS_FROM_THE_ENDOPLASMIC_RETICULUM_TO_THE_GOLGI_APPARATUS,High_Endothelial_Venules,0.1132565189558368,RCTD
REACTOME_TRANSPORT_TO_THE_GOLGI_AND_SUBSEQUENT_MODIFICATION,High_Endothelial_Venules,0.11857875266491454,RCTD
REACTOME_VESICLE_MEDIATED_TRANSPORT,High_Endothelial_Venules,0.11857875266491454,RCTD
REACTOME_ACTIVATION_OF_C3_AND_C5,unknown,0.867538293918645,RCTD
REACTOME_ADAPTIVE_IMMUNE_SYSTEM,unknown,0.8681063858170616,RCTD
REACTOME_ALTERNATIVE_COMPLEMENT_ACTIVATION,unknown,0.8681063858170616,RCTD
REACTOME_ASPARAGINE_N_LINKED_GLYCOSYLATION,unknown,0.12078379964451495,RCTD
REACTOME_CARGO_CONCENTRATION_IN_THE_ER,unknown,0.12078379964451495,RCTD
REACTOME_CLASS_A_1_RHODOPSIN_LIKE_RECEPTORS,unknown,0.8681063858170616,RCTD
REACTOME_COMMON_PATHWAY_OF_FIBRIN_CLOT_FORMATION,unknown,0.1206415633803792,RCTD
REACTOME_COMPLEMENT_CASCADE,unknown,0.8631504499827853,RCTD
REACTOME_COPII_MEDIATED_VESICLE_TRANSPORT,unknown,0.12078379964451495,RCTD
REACTOME_ER_TO_GOLGI_ANTEROGRADE_TRANSPORT,unknown,0.12078379964451495,RCTD
REACTOME_EXTRINSIC_PATHWAY_OF_FIBRIN_CLOT_FORMATION,unknown,0.11809650696627105,RCTD
REACTOME_FORMATION_OF_FIBRIN_CLOT_CLOTTING_CASCADE,unknown,0.11903987090644051,RCTD
REACTOME_GAMMA_CARBOXYLATION_HYPUSINYLATION_HYDROXYLATION_AND_ARYLSULFATASE_ACTIVATION,unknown,0.11878314263597127,RCTD
REACTOME_GAMMA_CARBOXYLATION_OF_PROTEIN_PRECURSORS,unknown,0.11848568056711888,RCTD
REACTOME_GAMMA_CARBOXYLATION_TRANSPORT_AND_AMINO_TERMINAL_CLEAVAGE_OF_PROTEINS,unknown,0.11848568056711888,RCTD
REACTOME_GPCR_LIGAND_BINDING,unknown,0.8681063858170616,RCTD
REACTOME_G_ALPHA_I_SIGNALLING_EVENTS,unknown,0.8681063858170616,RCTD
REACTOME_HEMOSTASIS,unknown,0.11903987090644051,RCTD
REACTOME_IMMUNE_SYSTEM,unknown,0.8631504499827853,RCTD
REACTOME_IMMUNOREGULATORY_INTERACTIONS_BETWEEN_A_LYMPHOID_AND_A_NON_LYMPHOID_CELL,unknown,0.8681063858170616,RCTD
REACTOME_INITIAL_TRIGGERING_OF_COMPLEMENT,unknown,0.867538293918645,RCTD
REACTOME_INNATE_IMMUNE_SYSTEM,unknown,0.8631504499827853,RCTD
REACTOME_INTRINSIC_PATHWAY_OF_FIBRIN_CLOT_FORMATION,unknown,0.11852554887938478,RCTD
REACTOME_MEMBRANE_TRAFFICKING,unknown,0.12078379964451495,RCTD
REACTOME_METABOLISM_OF_PROTEINS,unknown,0.2703841324750675,RCTD
REACTOME_NEUTROPHIL_DEGRANULATION,unknown,0.8681063858170616,RCTD
REACTOME_PEPTIDE_LIGAND_BINDING_RECEPTORS,unknown,0.8681063858170616,RCTD
REACTOME_PLATELET_ACTIVATION_SIGNALING_AND_AGGREGATION,unknown,0.12078379964451495,RCTD
REACTOME_POST_TRANSLATIONAL_PROTEIN_MODIFICATION,unknown,0.2703841324750675,RCTD
REACTOME_REGULATION_OF_INSULIN_LIKE_GROWTH_FACTOR_IGF_TRANSPORT_AND_UPTAKE_BY_INSULIN_LIKE_GROWTH_FACTOR_BINDING_PROTEINS_IGFBPS,unknown,0.49654992057463915,RCTD
REACTOME_RESPONSE_TO_ELEVATED_PLATELET_CYTOSOLIC_CA2,unknown,0.12078379964451495,RCTD
REACTOME_SIGNALING_BY_GPCR,unknown,0.8681063858170616,RCTD
REACTOME_TERMINAL_PATHWAY_OF_COMPLEMENT,unknown,0.8599448596890353,RCTD
REACTOME_TRANSPORT_OF_GAMMA_CARBOXYLATED_PROTEIN_PRECURSORS_FROM_THE_ENDOPLASMIC_RETICULUM_TO_THE_GOLGI_APPARATUS,unknown,0.11848568056711888,RCTD
REACTOME_TRANSPORT_TO_THE_GOLGI_AND_SUBSEQUENT_MODIFICATION,unknown,0.12078379964451495,RCTD
REACTOME_VESICLE_MEDIATED_TRANSPORT,unknown,0.12078379964451495,RCTD
REACTOME_ACTIVATION_OF_C3_AND_C5,Germinal_Center_Plasma_IgM_B_cell,0.864735244475872,RCTD
REACTOME_ADAPTIVE_IMMUNE_SYSTEM,Germinal_Center_Plasma_IgM_B_cell,0.8659812363411344,RCTD
REACTOME_ALTERNATIVE_COMPLEMENT_ACTIVATION,Germinal_Center_Plasma_IgM_B_cell,0.8659812363411344,RCTD
REACTOME_ASPARAGINE_N_LINKED_GLYCOSYLATION,Germinal_Center_Plasma_IgM_B_cell,0.11935552672000457,RCTD
REACTOME_CARGO_CONCENTRATION_IN_THE_ER,Germinal_Center_Plasma_IgM_B_cell,0.11935552672000457,RCTD
REACTOME_CLASS_A_1_RHODOPSIN_LIKE_RECEPTORS,Germinal_Center_Plasma_IgM_B_cell,0.8659812363411344,RCTD
REACTOME_COMMON_PATHWAY_OF_FIBRIN_CLOT_FORMATION,Germinal_Center_Plasma_IgM_B_cell,0.11843252682736424,RCTD
REACTOME_COMPLEMENT_CASCADE,Germinal_Center_Plasma_IgM_B_cell,0.8599974134233319,RCTD
REACTOME_COPII_MEDIATED_VESICLE_TRANSPORT,Germinal_Center_Plasma_IgM_B_cell,0.11935552672000457,RCTD
REACTOME_ER_TO_GOLGI_ANTEROGRADE_TRANSPORT,Germinal_Center_Plasma_IgM_B_cell,0.11935552672000457,RCTD
REACTOME_EXTRINSIC_PATHWAY_OF_FIBRIN_CLOT_FORMATION,Germinal_Center_Plasma_IgM_B_cell,0.11545299035199041,RCTD
REACTOME_FORMATION_OF_FIBRIN_CLOT_CLOTTING_CASCADE,Germinal_Center_Plasma_IgM_B_cell,0.11688791966523919,RCTD
REACTOME_GAMMA_CARBOXYLATION_HYPUSINYLATION_HYDROXYLATION_AND_ARYLSULFATASE_ACTIVATION,Germinal_Center_Plasma_IgM_B_cell,0.11693741057099927,RCTD
REACTOME_GAMMA_CARBOXYLATION_OF_PROTEIN_PRECURSORS,Germinal_Center_Plasma_IgM_B_cell,0.11518479034820787,RCTD
REACTOME_GAMMA_CARBOXYLATION_TRANSPORT_AND_AMINO_TERMINAL_CLEAVAGE_OF_PROTEINS,Germinal_Center_Plasma_IgM_B_cell,0.11518479034820787,RCTD
REACTOME_GPCR_LIGAND_BINDING,Germinal_Center_Plasma_IgM_B_cell,0.8659812363411344,RCTD
REACTOME_G_ALPHA_I_SIGNALLING_EVENTS,Germinal_Center_Plasma_IgM_B_cell,0.8659812363411344,RCTD
REACTOME_HEMOSTASIS,Germinal_Center_Plasma_IgM_B_cell,0.11688791966523919,RCTD
REACTOME_IMMUNE_SYSTEM,Germinal_Center_Plasma_IgM_B_cell,0.8599974134233319,RCTD
REACTOME_IMMUNOREGULATORY_INTERACTIONS_BETWEEN_A_LYMPHOID_AND_A_NON_LYMPHOID_CELL,Germinal_Center_Plasma_IgM_B_cell,0.8659812363411344,RCTD
REACTOME_INITIAL_TRIGGERING_OF_COMPLEMENT,Germinal_Center_Plasma_IgM_B_cell,0.864735244475872,RCTD
REACTOME_INNATE_IMMUNE_SYSTEM,Germinal_Center_Plasma_IgM_B_cell,0.8599974134233319,RCTD
REACTOME_INTRINSIC_PATHWAY_OF_FIBRIN_CLOT_FORMATION,Germinal_Center_Plasma_IgM_B_cell,0.11660016495178502,RCTD
REACTOME_MEMBRANE_TRAFFICKING,Germinal_Center_Plasma_IgM_B_cell,0.11935552672000457,RCTD
REACTOME_METABOLISM_OF_PROTEINS,Germinal_Center_Plasma_IgM_B_cell,0.2682581347015547,RCTD
REACTOME_NEUTROPHIL_DEGRANULATION,Germinal_Center_Plasma_IgM_B_cell,0.8659812363411344,RCTD
REACTOME_PEPTIDE_LIGAND_BINDING_RECEPTORS,Germinal_Center_Plasma_IgM_B_cell,0.8659812363411344,RCTD
REACTOME_PLATELET_ACTIVATION_SIGNALING_AND_AGGREGATION,Germinal_Center_Plasma_IgM_B_cell,0.11935552672000457,RCTD
REACTOME_POST_TRANSLATIONAL_PROTEIN_MODIFICATION,Germinal_Center_Plasma_IgM_B_cell,0.2682581347015547,RCTD
REACTOME_REGULATION_OF_INSULIN_LIKE_GROWTH_FACTOR_IGF_TRANSPORT_AND_UPTAKE_BY_INSULIN_LIKE_GROWTH_FACTOR_BINDING_PROTEINS_IGFBPS,Germinal_Center_Plasma_IgM_B_cell,0.4938039617004007,RCTD
REACTOME_RESPONSE_TO_ELEVATED_PLATELET_CYTOSOLIC_CA2,Germinal_Center_Plasma_IgM_B_cell,0.11935552672000457,RCTD
REACTOME_SIGNALING_BY_GPCR,Germinal_Center_Plasma_IgM_B_cell,0.8659812363411344,RCTD
REACTOME_TERMINAL_PATHWAY_OF_COMPLEMENT,Germinal_Center_Plasma_IgM_B_cell,0.8565246941082094,RCTD
REACTOME_TRANSPORT_OF_GAMMA_CARBOXYLATED_PROTEIN_PRECURSORS_FROM_THE_ENDOPLASMIC_RETICULUM_TO_THE_GOLGI_APPARATUS,Germinal_Center_Plasma_IgM_B_cell,0.11518479034820787,RCTD
REACTOME_TRANSPORT_TO_THE_GOLGI_AND_SUBSEQUENT_MODIFICATION,Germinal_Center_Plasma_IgM_B_cell,0.11935552672000457,RCTD
REACTOME_VESICLE_MEDIATED_TRANSPORT,Germinal_Center_Plasma_IgM_B_cell,0.11935552672000457,RCTD
REACTOME_ACTIVATION_OF_C3_AND_C5,Tumor,0.8500204111401216,RCTD
REACTOME_ADAPTIVE_IMMUNE_SYSTEM,Tumor,0.8488640721619537,RCTD
REACTOME_ALTERNATIVE_COMPLEMENT_ACTIVATION,Tumor,0.8488640721619537,RCTD
REACTOME_ASPARAGINE_N_LINKED_GLYCOSYLATION,Tumor,0.10945796300270973,RCTD
REACTOME_CARGO_CONCENTRATION_IN_THE_ER,Tumor,0.10945796300270973,RCTD
REACTOME_CLASS_A_1_RHODOPSIN_LIKE_RECEPTORS,Tumor,0.8488640721619537,RCTD
REACTOME_COMMON_PATHWAY_OF_FIBRIN_CLOT_FORMATION,Tumor,0.10832217340806428,RCTD
REACTOME_COMPLEMENT_CASCADE,Tumor,0.8456809993250126,RCTD
REACTOME_COPII_MEDIATED_VESICLE_TRANSPORT,Tumor,0.10945796300270973,RCTD
REACTOME_ER_TO_GOLGI_ANTEROGRADE_TRANSPORT,Tumor,0.10945796300270973,RCTD
REACTOME_EXTRINSIC_PATHWAY_OF_FIBRIN_CLOT_FORMATION,Tumor,0.11110760274749745,RCTD
REACTOME_FORMATION_OF_FIBRIN_CLOT_CLOTTING_CASCADE,Tumor,0.11371059008951682,RCTD
REACTOME_GAMMA_CARBOXYLATION_HYPUSINYLATION_HYDROXYLATION_AND_ARYLSULFATASE_ACTIVATION,Tumor,0.10745319734522481,RCTD
REACTOME_GAMMA_CARBOXYLATION_OF_PROTEIN_PRECURSORS,Tumor,0.10488624682618777,RCTD
REACTOME_GAMMA_CARBOXYLATION_TRANSPORT_AND_AMINO_TERMINAL_CLEAVAGE_OF_PROTEINS,Tumor,0.10488624682618777,RCTD
REACTOME_GPCR_LIGAND_BINDING,Tumor,0.8488640721619537,RCTD
REACTOME_G_ALPHA_I_SIGNALLING_EVENTS,Tumor,0.8488640721619537,RCTD
REACTOME_HEMOSTASIS,Tumor,0.11371059008951682,RCTD
REACTOME_IMMUNE_SYSTEM,Tumor,0.8456809993250126,RCTD
REACTOME_IMMUNOREGULATORY_INTERACTIONS_BETWEEN_A_LYMPHOID_AND_A_NON_LYMPHOID_CELL,Tumor,0.8488640721619537,RCTD
REACTOME_INITIAL_TRIGGERING_OF_COMPLEMENT,Tumor,0.8500204111401216,RCTD
REACTOME_INNATE_IMMUNE_SYSTEM,Tumor,0.8456809993250126,RCTD
REACTOME_INTRINSIC_PATHWAY_OF_FIBRIN_CLOT_FORMATION,Tumor,0.11271974187637747,RCTD
REACTOME_MEMBRANE_TRAFFICKING,Tumor,0.10945796300270973,RCTD
REACTOME_METABOLISM_OF_PROTEINS,Tumor,0.2560178779397862,RCTD
REACTOME_NEUTROPHIL_DEGRANULATION,Tumor,0.8488640721619537,RCTD
REACTOME_PEPTIDE_LIGAND_BINDING_RECEPTORS,Tumor,0.8488640721619537,RCTD
REACTOME_PLATELET_ACTIVATION_SIGNALING_AND_AGGREGATION,Tumor,0.10945796300270973,RCTD
REACTOME_POST_TRANSLATIONAL_PROTEIN_MODIFICATION,Tumor,0.2560178779397862,RCTD
REACTOME_REGULATION_OF_INSULIN_LIKE_GROWTH_FACTOR_IGF_TRANSPORT_AND_UPTAKE_BY_INSULIN_LIKE_GROWTH_FACTOR_BINDING_PROTEINS_IGFBPS,Tumor,0.4782882267760316,RCTD
REACTOME_RESPONSE_TO_ELEVATED_PLATELET_CYTOSOLIC_CA2,Tumor,0.10945796300270973,RCTD
REACTOME_SIGNALING_BY_GPCR,Tumor,0.8488640721619537,RCTD
REACTOME_TERMINAL_PATHWAY_OF_COMPLEMENT,Tumor,0.84257077394409,RCTD
REACTOME_TRANSPORT_OF_GAMMA_CARBOXYLATED_PROTEIN_PRECURSORS_FROM_THE_ENDOPLASMIC_RETICULUM_TO_THE_GOLGI_APPARATUS,Tumor,0.10488624682618777,RCTD
REACTOME_TRANSPORT_TO_THE_GOLGI_AND_SUBSEQUENT_MODIFICATION,Tumor,0.10945796300270973,RCTD
REACTOME_VESICLE_MEDIATED_TRANSPORT,Tumor,0.10945796300270973,RCTD
REACTOME_ACTIVATION_OF_C3_AND_C5,Plasma_IgA,0.8659334000747906,RCTD
REACTOME_ADAPTIVE_IMMUNE_SYSTEM,Plasma_IgA,0.8668422611570746,RCTD
REACTOME_ALTERNATIVE_COMPLEMENT_ACTIVATION,Plasma_IgA,0.8668422611570746,RCTD
REACTOME_ASPARAGINE_N_LINKED_GLYCOSYLATION,Plasma_IgA,0.11829522519938612,RCTD
REACTOME_CARGO_CONCENTRATION_IN_THE_ER,Plasma_IgA,0.11829522519938612,RCTD
REACTOME_CLASS_A_1_RHODOPSIN_LIKE_RECEPTORS,Plasma_IgA,0.8668422611570746,RCTD
REACTOME_COMMON_PATHWAY_OF_FIBRIN_CLOT_FORMATION,Plasma_IgA,0.11728161843668307,RCTD
REACTOME_COMPLEMENT_CASCADE,Plasma_IgA,0.8615903108310395,RCTD
REACTOME_COPII_MEDIATED_VESICLE_TRANSPORT,Plasma_IgA,0.11829522519938612,RCTD
REACTOME_ER_TO_GOLGI_ANTEROGRADE_TRANSPORT,Plasma_IgA,0.11829522519938612,RCTD
REACTOME_EXTRINSIC_PATHWAY_OF_FIBRIN_CLOT_FORMATION,Plasma_IgA,0.11567514254788275,RCTD
REACTOME_FORMATION_OF_FIBRIN_CLOT_CLOTTING_CASCADE,Plasma_IgA,0.11671923503013107,RCTD
REACTOME_GAMMA_CARBOXYLATION_HYPUSINYLATION_HYDROXYLATION_AND_ARYLSULFATASE_ACTIVATION,Plasma_IgA,0.11602304132851933,RCTD
REACTOME_GAMMA_CARBOXYLATION_OF_PROTEIN_PRECURSORS,Plasma_IgA,0.11454341454527912,RCTD
REACTOME_GAMMA_CARBOXYLATION_TRANSPORT_AND_AMINO_TERMINAL_CLEAVAGE_OF_PROTEINS,Plasma_IgA,0.11454341454527912,RCTD
REACTOME_GPCR_LIGAND_BINDING,Plasma_IgA,0.8668422611570746,RCTD
REACTOME_G_ALPHA_I_SIGNALLING_EVENTS,Plasma_IgA,0.8668422611570746,RCTD
REACTOME_HEMOSTASIS,Plasma_IgA,0.11671923503013107,RCTD
REACTOME_IMMUNE_SYSTEM,Plasma_IgA,0.8615903108310395,RCTD
REACTOME_IMMUNOREGULATORY_INTERACTIONS_BETWEEN_A_LYMPHOID_AND_A_NON_LYMPHOID_CELL,Plasma_IgA,0.8668422611570746,RCTD
REACTOME_INITIAL_TRIGGERING_OF_COMPLEMENT,Plasma_IgA,0.8659334000747906,RCTD
REACTOME_INNATE_IMMUNE_SYSTEM,Plasma_IgA,0.8615903108310395,RCTD
REACTOME_INTRINSIC_PATHWAY_OF_FIBRIN_CLOT_FORMATION,Plasma_IgA,0.11603790830649753,RCTD
REACTOME_MEMBRANE_TRAFFICKING,Plasma_IgA,0.11829522519938612,RCTD
REACTOME_METABOLISM_OF_PROTEINS,Plasma_IgA,0.26789584071759925,RCTD
REACTOME_NEUTROPHIL_DEGRANULATION,Plasma_IgA,0.8668422611570746,RCTD
REACTOME_PEPTIDE_LIGAND_BINDING_RECEPTORS,Plasma_IgA,0.8668422611570746,RCTD
REACTOME_PLATELET_ACTIVATION_SIGNALING_AND_AGGREGATION,Plasma_IgA,0.11829522519938612,RCTD
REACTOME_POST_TRANSLATIONAL_PROTEIN_MODIFICATION,Plasma_IgA,0.26789584071759925,RCTD
REACTOME_REGULATION_OF_INSULIN_LIKE_GROWTH_FACTOR_IGF_TRANSPORT_AND_UPTAKE_BY_INSULIN_LIKE_GROWTH_FACTOR_BINDING_PROTEINS_IGFBPS,Plasma_IgA,0.49414750269664515,RCTD
REACTOME_RESPONSE_TO_ELEVATED_PLATELET_CYTOSOLIC_CA2,Plasma_IgA,0.11829522519938612,RCTD
REACTOME_SIGNALING_BY_GPCR,Plasma_IgA,0.8668422611570746,RCTD
REACTOME_TERMINAL_PATHWAY_OF_COMPLEMENT,Plasma_IgA,0.8582943655019637,RCTD
REACTOME_TRANSPORT_OF_GAMMA_CARBOXYLATED_PROTEIN_PRECURSORS_FROM_THE_ENDOPLASMIC_RETICULUM_TO_THE_GOLGI_APPARATUS,Plasma_IgA,0.11454341454527912,RCTD
REACTOME_TRANSPORT_TO_THE_GOLGI_AND_SUBSEQUENT_MODIFICATION,Plasma_IgA,0.11829522519938612,RCTD
REACTOME_VESICLE_MEDIATED_TRANSPORT,Plasma_IgA,0.11829522519938612,RCTD
REACTOME_ACTIVATION_OF_C3_AND_C5,Tumor_Keratin_Pearl,0.848139267497624,RCTD
REACTOME_ADAPTIVE_IMMUNE_SYSTEM,Tumor_Keratin_Pearl,0.8477323653649338,RCTD
REACTOME_ALTERNATIVE_COMPLEMENT_ACTIVATION,Tumor_Keratin_Pearl,0.8477323653649338,RCTD
REACTOME_ASPARAGINE_N_LINKED_GLYCOSYLATION,Tumor_Keratin_Pearl,0.10867486028008214,RCTD
REACTOME_CARGO_CONCENTRATION_IN_THE_ER,Tumor_Keratin_Pearl,0.10867486028008214,RCTD
REACTOME_CLASS_A_1_RHODOPSIN_LIKE_RECEPTORS,Tumor_Keratin_Pearl,0.8477323653649338,RCTD
REACTOME_COMMON_PATHWAY_OF_FIBRIN_CLOT_FORMATION,Tumor_Keratin_Pearl,0.10680339776615264,RCTD
REACTOME_COMPLEMENT_CASCADE,Tumor_Keratin_Pearl,0.8431920155749536,RCTD
REACTOME_COPII_MEDIATED_VESICLE_TRANSPORT,Tumor_Keratin_Pearl,0.10867486028008214,RCTD
REACTOME_ER_TO_GOLGI_ANTEROGRADE_TRANSPORT,Tumor_Keratin_Pearl,0.10867486028008214,RCTD
REACTOME_EXTRINSIC_PATHWAY_OF_FIBRIN_CLOT_FORMATION,Tumor_Keratin_Pearl,0.10734460962399646,RCTD
REACTOME_FORMATION_OF_FIBRIN_CLOT_CLOTTING_CASCADE,Tumor_Keratin_Pearl,0.10930310975885252,RCTD
REACTOME_GAMMA_CARBOXYLATION_HYPUSINYLATION_HYDROXYLATION_AND_ARYLSULFATASE_ACTIVATION,Tumor_Keratin_Pearl,0.10673321181821392,RCTD
REACTOME_GAMMA_CARBOXYLATION_OF_PROTEIN_PRECURSORS,Tumor_Keratin_Pearl,0.10219253218242838,RCTD
REACTOME_GAMMA_CARBOXYLATION_TRANSPORT_AND_AMINO_TERMINAL_CLEAVAGE_OF_PROTEINS,Tumor_Keratin_Pearl,0.10219253218242838,RCTD
REACTOME_GPCR_LIGAND_BINDING,Tumor_Keratin_Pearl,0.8477323653649338,RCTD
REACTOME_G_ALPHA_I_SIGNALLING_EVENTS,Tumor_Keratin_Pearl,0.8477323653649338,RCTD
REACTOME_HEMOSTASIS,Tumor_Keratin_Pearl,0.10930310975885252,RCTD
REACTOME_IMMUNE_SYSTEM,Tumor_Keratin_Pearl,0.8431920155749536,RCTD
REACTOME_IMMUNOREGULATORY_INTERACTIONS_BETWEEN_A_LYMPHOID_AND_A_NON_LYMPHOID_CELL,Tumor_Keratin_Pearl,0.8477323653649338,RCTD
REACTOME_INITIAL_TRIGGERING_OF_COMPLEMENT,Tumor_Keratin_Pearl,0.848139267497624,RCTD
REACTOME_INNATE_IMMUNE_SYSTEM,Tumor_Keratin_Pearl,0.8431920155749536,RCTD
REACTOME_INTRINSIC_PATHWAY_OF_FIBRIN_CLOT_FORMATION,Tumor_Keratin_Pearl,0.10881828690061165,RCTD
REACTOME_MEMBRANE_TRAFFICKING,Tumor_Keratin_Pearl,0.10867486028008214,RCTD
REACTOME_METABOLISM_OF_PROTEINS,Tumor_Keratin_Pearl,0.2547202786222518,RCTD
REACTOME_NEUTROPHIL_DEGRANULATION,Tumor_Keratin_Pearl,0.8477323653649338,RCTD
REACTOME_PEPTIDE_LIGAND_BINDING_RECEPTORS,Tumor_Keratin_Pearl,0.8477323653649338,RCTD
REACTOME_PLATELET_ACTIVATION_SIGNALING_AND_AGGREGATION,Tumor_Keratin_Pearl,0.10867486028008214,RCTD
REACTOME_POST_TRANSLATIONAL_PROTEIN_MODIFICATION,Tumor_Keratin_Pearl,0.2547202786222518,RCTD
REACTOME_REGULATION_OF_INSULIN_LIKE_GROWTH_FACTOR_IGF_TRANSPORT_AND_UPTAKE_BY_INSULIN_LIKE_GROWTH_FACTOR_BINDING_PROTEINS_IGFBPS,Tumor_Keratin_Pearl,0.47594608484820794,RCTD
REACTOME_RESPONSE_TO_ELEVATED_PLATELET_CYTOSOLIC_CA2,Tumor_Keratin_Pearl,0.10867486028008214,RCTD
REACTOME_SIGNALING_BY_GPCR,Tumor_Keratin_Pearl,0.8477323653649338,RCTD
REACTOME_TERMINAL_PATHWAY_OF_COMPLEMENT,Tumor_Keratin_Pearl,0.8396224563329291,RCTD
REACTOME_TRANSPORT_OF_GAMMA_CARBOXYLATED_PROTEIN_PRECURSORS_FROM_THE_ENDOPLASMIC_RETICULUM_TO_THE_GOLGI_APPARATUS,Tumor_Keratin_Pearl,0.10219253218242838,RCTD
REACTOME_TRANSPORT_TO_THE_GOLGI_AND_SUBSEQUENT_MODIFICATION,Tumor_Keratin_Pearl,0.10867486028008214,RCTD
REACTOME_VESICLE_MEDIATED_TRANSPORT,Tumor_Keratin_Pearl,0.10867486028008214,RCTD
REACTOME_ACTIVATION_OF_C3_AND_C5,Plasma_IgG,0.8689368849722521,scGPT linear probing
REACTOME_ADAPTIVE_IMMUNE_SYSTEM,Plasma_IgG,0.8732218360447567,scGPT linear probing
REACTOME_ALTERNATIVE_COMPLEMENT_ACTIVATION,Plasma_IgG,0.8732218360447567,scGPT linear probing
REACTOME_ASPARAGINE_N_LINKED_GLYCOSYLATION,Plasma_IgG,0.11819243515365123,scGPT linear probing
REACTOME_CARGO_CONCENTRATION_IN_THE_ER,Plasma_IgG,0.11819243515365123,scGPT linear probing
REACTOME_CLASS_A_1_RHODOPSIN_LIKE_RECEPTORS,Plasma_IgG,0.8732218360447567,scGPT linear probing
REACTOME_COMMON_PATHWAY_OF_FIBRIN_CLOT_FORMATION,Plasma_IgG,0.11716028220086899,scGPT linear probing
REACTOME_COMPLEMENT_CASCADE,Plasma_IgG,0.8615215844486336,scGPT linear probing
REACTOME_COPII_MEDIATED_VESICLE_TRANSPORT,Plasma_IgG,0.11819243515365123,scGPT linear probing
REACTOME_ER_TO_GOLGI_ANTEROGRADE_TRANSPORT,Plasma_IgG,0.11819243515365123,scGPT linear probing
REACTOME_EXTRINSIC_PATHWAY_OF_FIBRIN_CLOT_FORMATION,Plasma_IgG,0.11618196987738463,scGPT linear probing
REACTOME_FORMATION_OF_FIBRIN_CLOT_CLOTTING_CASCADE,Plasma_IgG,0.11734818089107962,scGPT linear probing
REACTOME_GAMMA_CARBOXYLATION_HYPUSINYLATION_HYDROXYLATION_AND_ARYLSULFATASE_ACTIVATION,Plasma_IgG,0.11566227124259987,scGPT linear probing
REACTOME_GAMMA_CARBOXYLATION_OF_PROTEIN_PRECURSORS,Plasma_IgG,0.11345578123399351,scGPT linear probing
REACTOME_GAMMA_CARBOXYLATION_TRANSPORT_AND_AMINO_TERMINAL_CLEAVAGE_OF_PROTEINS,Plasma_IgG,0.11345578123399351,scGPT linear probing
REACTOME_GPCR_LIGAND_BINDING,Plasma_IgG,0.8732218360447567,scGPT linear probing
REACTOME_G_ALPHA_I_SIGNALLING_EVENTS,Plasma_IgG,0.8732218360447567,scGPT linear probing
REACTOME_HEMOSTASIS,Plasma_IgG,0.11734818089107962,scGPT linear probing
REACTOME_IMMUNE_SYSTEM,Plasma_IgG,0.8615215844486336,scGPT linear probing
REACTOME_IMMUNOREGULATORY_INTERACTIONS_BETWEEN_A_LYMPHOID_AND_A_NON_LYMPHOID_CELL,Plasma_IgG,0.8732218360447567,scGPT linear probing
REACTOME_INITIAL_TRIGGERING_OF_COMPLEMENT,Plasma_IgG,0.8689368849722521,scGPT linear probing
REACTOME_INNATE_IMMUNE_SYSTEM,Plasma_IgG,0.8615215844486336,scGPT linear probing
REACTOME_INTRINSIC_PATHWAY_OF_FIBRIN_CLOT_FORMATION,Plasma_IgG,0.11627113543301941,scGPT linear probing
REACTOME_MEMBRANE_TRAFFICKING,Plasma_IgG,0.11819243515365123,scGPT linear probing
REACTOME_METABOLISM_OF_PROTEINS,Plasma_IgG,0.27015246303141494,scGPT linear probing
REACTOME_NEUTROPHIL_DEGRANULATION,Plasma_IgG,0.8732218360447567,scGPT linear probing
REACTOME_PEPTIDE_LIGAND_BINDING_RECEPTORS,Plasma_IgG,0.8732218360447567,scGPT linear probing
REACTOME_PLATELET_ACTIVATION_SIGNALING_AND_AGGREGATION,Plasma_IgG,0.11819243515365123,scGPT linear probing
REACTOME_POST_TRANSLATIONAL_PROTEIN_MODIFICATION,Plasma_IgG,0.27015246303141494,scGPT linear probing
REACTOME_REGULATION_OF_INSULIN_LIKE_GROWTH_FACTOR_IGF_TRANSPORT_AND_UPTAKE_BY_INSULIN_LIKE_GROWTH_FACTOR_BINDING_PROTEINS_IGFBPS,Plasma_IgG,0.4988582162629565,scGPT linear probing
REACTOME_RESPONSE_TO_ELEVATED_PLATELET_CYTOSOLIC_CA2,Plasma_IgG,0.11819243515365123,scGPT linear probing
REACTOME_SIGNALING_BY_GPCR,Plasma_IgG,0.8732218360447567,scGPT linear probing
REACTOME_TERMINAL_PATHWAY_OF_COMPLEMENT,Plasma_IgG,0.8559781482363573,scGPT linear probing
REACTOME_TRANSPORT_OF_GAMMA_CARBOXYLATED_PROTEIN_PRECURSORS_FROM_THE_ENDOPLASMIC_RETICULUM_TO_THE_GOLGI_APPARATUS,Plasma_IgG,0.11345578123399351,scGPT linear probing
REACTOME_TRANSPORT_TO_THE_GOLGI_AND_SUBSEQUENT_MODIFICATION,Plasma_IgG,0.11819243515365123,scGPT linear probing
REACTOME_VESICLE_MEDIATED_TRANSPORT,Plasma_IgG,0.11819243515365123,scGPT linear probing
REACTOME_ACTIVATION_OF_C3_AND_C5,Tumor,0.8520676791187829,scGPT linear probing
REACTOME_ADAPTIVE_IMMUNE_SYSTEM,Tumor,0.8514266871729346,scGPT linear probing
REACTOME_ALTERNATIVE_COMPLEMENT_ACTIVATION,Tumor,0.8514266871729346,scGPT linear probing
REACTOME_ASPARAGINE_N_LINKED_GLYCOSYLATION,Tumor,0.11096319679701375,scGPT linear probing
REACTOME_CARGO_CONCENTRATION_IN_THE_ER,Tumor,0.11096319679701375,scGPT linear probing
REACTOME_CLASS_A_1_RHODOPSIN_LIKE_RECEPTORS,Tumor,0.8514266871729346,scGPT linear probing
REACTOME_COMMON_PATHWAY_OF_FIBRIN_CLOT_FORMATION,Tumor,0.10953745707073727,scGPT linear probing
REACTOME_COMPLEMENT_CASCADE,Tumor,0.8471769372466542,scGPT linear probing
REACTOME_COPII_MEDIATED_VESICLE_TRANSPORT,Tumor,0.11096319679701375,scGPT linear probing
REACTOME_ER_TO_GOLGI_ANTEROGRADE_TRANSPORT,Tumor,0.11096319679701375,scGPT linear probing
REACTOME_EXTRINSIC_PATHWAY_OF_FIBRIN_CLOT_FORMATION,Tumor,0.11189594581895239,scGPT linear probing
REACTOME_FORMATION_OF_FIBRIN_CLOT_CLOTTING_CASCADE,Tumor,0.11429358697696786,scGPT linear probing
REACTOME_GAMMA_CARBOXYLATION_HYPUSINYLATION_HYDROXYLATION_AND_ARYLSULFATASE_ACTIVATION,Tumor,0.1084416845780282,scGPT linear probing
REACTOME_GAMMA_CARBOXYLATION_OF_PROTEIN_PRECURSORS,Tumor,0.10545834183954267,scGPT linear probing
REACTOME_GAMMA_CARBOXYLATION_TRANSPORT_AND_AMINO_TERMINAL_CLEAVAGE_OF_PROTEINS,Tumor,0.10545834183954267,scGPT linear probing
REACTOME_GPCR_LIGAND_BINDING,Tumor,0.8514266871729346,scGPT linear probing
REACTOME_G_ALPHA_I_SIGNALLING_EVENTS,Tumor,0.8514266871729346,scGPT linear probing
REACTOME_HEMOSTASIS,Tumor,0.11429358697696786,scGPT linear probing
REACTOME_IMMUNE_SYSTEM,Tumor,0.8471769372466542,scGPT linear probing
REACTOME_IMMUNOREGULATORY_INTERACTIONS_BETWEEN_A_LYMPHOID_AND_A_NON_LYMPHOID_CELL,Tumor,0.8514266871729346,scGPT linear probing
REACTOME_INITIAL_TRIGGERING_OF_COMPLEMENT,Tumor,0.8520676791187829,scGPT linear probing
REACTOME_INNATE_IMMUNE_SYSTEM,Tumor,0.8471769372466542,scGPT linear probing
REACTOME_INTRINSIC_PATHWAY_OF_FIBRIN_CLOT_FORMATION,Tumor,0.11296681055956387,scGPT linear probing
REACTOME_MEMBRANE_TRAFFICKING,Tumor,0.11096319679701375,scGPT linear probing
REACTOME_METABOLISM_OF_PROTEINS,Tumor,0.2576714451586698,scGPT linear probing
REACTOME_NEUTROPHIL_DEGRANULATION,Tumor,0.8514266871729346,scGPT linear probing
REACTOME_PEPTIDE_LIGAND_BINDING_RECEPTORS,Tumor,0.8514266871729346,scGPT linear probing
REACTOME_PLATELET_ACTIVATION_SIGNALING_AND_AGGREGATION,Tumor,0.11096319679701375,scGPT linear probing
REACTOME_POST_TRANSLATIONAL_PROTEIN_MODIFICATION,Tumor,0.2576714451586698,scGPT linear probing
REACTOME_REGULATION_OF_INSULIN_LIKE_GROWTH_FACTOR_IGF_TRANSPORT_AND_UPTAKE_BY_INSULIN_LIKE_GROWTH_FACTOR_BINDING_PROTEINS_IGFBPS,Tumor,0.4806035233185121,scGPT linear probing
REACTOME_RESPONSE_TO_ELEVATED_PLATELET_CYTOSOLIC_CA2,Tumor,0.11096319679701375,scGPT linear probing
REACTOME_SIGNALING_BY_GPCR,Tumor,0.8514266871729346,scGPT linear probing
REACTOME_TERMINAL_PATHWAY_OF_COMPLEMENT,Tumor,0.8436457976702969,scGPT linear probing
REACTOME_TRANSPORT_OF_GAMMA_CARBOXYLATED_PROTEIN_PRECURSORS_FROM_THE_ENDOPLASMIC_RETICULUM_TO_THE_GOLGI_APPARATUS,Tumor,0.10545834183954267,scGPT linear probing
REACTOME_TRANSPORT_TO_THE_GOLGI_AND_SUBSEQUENT_MODIFICATION,Tumor,0.11096319679701375,scGPT linear probing
REACTOME_VESICLE_MEDIATED_TRANSPORT,Tumor,0.11096319679701375,scGPT linear probing
REACTOME_ACTIVATION_OF_C3_AND_C5,M1_macrophages,0.8670122947870534,scGPT linear probing
REACTOME_ADAPTIVE_IMMUNE_SYSTEM,M1_macrophages,0.8703090894490813,scGPT linear probing
REACTOME_ALTERNATIVE_COMPLEMENT_ACTIVATION,M1_macrophages,0.8703090894490813,scGPT linear probing
REACTOME_ASPARAGINE_N_LINKED_GLYCOSYLATION,M1_macrophages,0.11864217993357952,scGPT linear probing
REACTOME_CARGO_CONCENTRATION_IN_THE_ER,M1_macrophages,0.11864217993357952,scGPT linear probing
REACTOME_CLASS_A_1_RHODOPSIN_LIKE_RECEPTORS,M1_macrophages,0.8703090894490813,scGPT linear probing
REACTOME_COMMON_PATHWAY_OF_FIBRIN_CLOT_FORMATION,M1_macrophages,0.1174859893601772,scGPT linear probing
REACTOME_COMPLEMENT_CASCADE,M1_macrophages,0.8611575760660718,scGPT linear probing
REACTOME_COPII_MEDIATED_VESICLE_TRANSPORT,M1_macrophages,0.11864217993357952,scGPT linear probing
REACTOME_ER_TO_GOLGI_ANTEROGRADE_TRANSPORT,M1_macrophages,0.11864217993357952,scGPT linear probing
REACTOME_EXTRINSIC_PATHWAY_OF_FIBRIN_CLOT_FORMATION,M1_macrophages,0.11454039684038743,scGPT linear probing
REACTOME_FORMATION_OF_FIBRIN_CLOT_CLOTTING_CASCADE,M1_macrophages,0.11624912882522456,scGPT linear probing
REACTOME_GAMMA_CARBOXYLATION_HYPUSINYLATION_HYDROXYLATION_AND_ARYLSULFATASE_ACTIVATION,M1_macrophages,0.11551597582292962,scGPT linear probing
REACTOME_GAMMA_CARBOXYLATION_OF_PROTEIN_PRECURSORS,M1_macrophages,0.11384100608277924,scGPT linear probing
REACTOME_GAMMA_CARBOXYLATION_TRANSPORT_AND_AMINO_TERMINAL_CLEAVAGE_OF_PROTEINS,M1_macrophages,0.11384100608277924,scGPT linear probing
REACTOME_GPCR_LIGAND_BINDING,M1_macrophages,0.8703090894490813,scGPT linear probing
REACTOME_G_ALPHA_I_SIGNALLING_EVENTS,M1_macrophages,0.8703090894490813,scGPT linear probing
REACTOME_HEMOSTASIS,M1_macrophages,0.11624912882522456,scGPT linear probing
REACTOME_IMMUNE_SYSTEM,M1_macrophages,0.8611575760660718,scGPT linear probing
REACTOME_IMMUNOREGULATORY_INTERACTIONS_BETWEEN_A_LYMPHOID_AND_A_NON_LYMPHOID_CELL,M1_macrophages,0.8703090894490813,scGPT linear probing
REACTOME_INITIAL_TRIGGERING_OF_COMPLEMENT,M1_macrophages,0.8670122947870534,scGPT linear probing
REACTOME_INNATE_IMMUNE_SYSTEM,M1_macrophages,0.8611575760660718,scGPT linear probing
REACTOME_INTRINSIC_PATHWAY_OF_FIBRIN_CLOT_FORMATION,M1_macrophages,0.11558451268083118,scGPT linear probing
REACTOME_MEMBRANE_TRAFFICKING,M1_macrophages,0.11864217993357952,scGPT linear probing
REACTOME_METABOLISM_OF_PROTEINS,M1_macrophages,0.26928599907238965,scGPT linear probing
REACTOME_NEUTROPHIL_DEGRANULATION,M1_macrophages,0.8703090894490813,scGPT linear probing
REACTOME_PEPTIDE_LIGAND_BINDING_RECEPTORS,M1_macrophages,0.8703090894490813,scGPT linear probing
REACTOME_PLATELET_ACTIVATION_SIGNALING_AND_AGGREGATION,M1_macrophages,0.11864217993357952,scGPT linear probing
REACTOME_POST_TRANSLATIONAL_PROTEIN_MODIFICATION,M1_macrophages,0.26928599907238965,scGPT linear probing
REACTOME_REGULATION_OF_INSULIN_LIKE_GROWTH_FACTOR_IGF_TRANSPORT_AND_UPTAKE_BY_INSULIN_LIKE_GROWTH_FACTOR_BINDING_PROTEINS_IGFBPS,M1_macrophages,0.49745824623126095,scGPT linear probing
REACTOME_RESPONSE_TO_ELEVATED_PLATELET_CYTOSOLIC_CA2,M1_macrophages,0.11864217993357952,scGPT linear probing
REACTOME_SIGNALING_BY_GPCR,M1_macrophages,0.8703090894490813,scGPT linear probing
REACTOME_TERMINAL_PATHWAY_OF_COMPLEMENT,M1_macrophages,0.8567600784270496,scGPT linear probing
REACTOME_TRANSPORT_OF_GAMMA_CARBOXYLATED_PROTEIN_PRECURSORS_FROM_THE_ENDOPLASMIC_RETICULUM_TO_THE_GOLGI_APPARATUS,M1_macrophages,0.11384100608277924,scGPT linear probing
REACTOME_TRANSPORT_TO_THE_GOLGI_AND_SUBSEQUENT_MODIFICATION,M1_macrophages,0.11864217993357952,scGPT linear probing
REACTOME_VESICLE_MEDIATED_TRANSPORT,M1_macrophages,0.11864217993357952,scGPT linear probing
REACTOME_ACTIVATION_OF_C3_AND_C5,unknown,0.8662463292289276,scGPT linear probing
REACTOME_ADAPTIVE_IMMUNE_SYSTEM,unknown,0.8663166195774262,scGPT linear probing
REACTOME_ALTERNATIVE_COMPLEMENT_ACTIVATION,unknown,0.8663166195774262,scGPT linear probing
REACTOME_ASPARAGINE_N_LINKED_GLYCOSYLATION,unknown,0.12132723989820926,scGPT linear probing
REACTOME_CARGO_CONCENTRATION_IN_THE_ER,unknown,0.12132723989820926,scGPT linear probing
REACTOME_CLASS_A_1_RHODOPSIN_LIKE_RECEPTORS,unknown,0.8663166195774262,scGPT linear probing
REACTOME_COMMON_PATHWAY_OF_FIBRIN_CLOT_FORMATION,unknown,0.12036149617439246,scGPT linear probing
REACTOME_COMPLEMENT_CASCADE,unknown,0.8623307994148398,scGPT linear probing
REACTOME_COPII_MEDIATED_VESICLE_TRANSPORT,unknown,0.12132723989820926,scGPT linear probing
REACTOME_ER_TO_GOLGI_ANTEROGRADE_TRANSPORT,unknown,0.12132723989820926,scGPT linear probing
REACTOME_EXTRINSIC_PATHWAY_OF_FIBRIN_CLOT_FORMATION,unknown,0.11737216152762102,scGPT linear probing
REACTOME_FORMATION_OF_FIBRIN_CLOT_CLOTTING_CASCADE,unknown,0.11905465134273716,scGPT linear probing
REACTOME_GAMMA_CARBOXYLATION_HYPUSINYLATION_HYDROXYLATION_AND_ARYLSULFATASE_ACTIVATION,unknown,0.11864524815676611,scGPT linear probing
REACTOME_GAMMA_CARBOXYLATION_OF_PROTEIN_PRECURSORS,unknown,0.1172924295917105,scGPT linear probing
REACTOME_GAMMA_CARBOXYLATION_TRANSPORT_AND_AMINO_TERMINAL_CLEAVAGE_OF_PROTEINS,unknown,0.1172924295917105,scGPT linear probing
REACTOME_GPCR_LIGAND_BINDING,unknown,0.8663166195774262,scGPT linear probing
REACTOME_G_ALPHA_I_SIGNALLING_EVENTS,unknown,0.8663166195774262,scGPT linear probing
REACTOME_HEMOSTASIS,unknown,0.11905465134273716,scGPT linear probing
REACTOME_IMMUNE_SYSTEM,unknown,0.8623307994148398,scGPT linear probing
REACTOME_IMMUNOREGULATORY_INTERACTIONS_BETWEEN_A_LYMPHOID_AND_A_NON_LYMPHOID_CELL,unknown,0.8663166195774262,scGPT linear probing
REACTOME_INITIAL_TRIGGERING_OF_COMPLEMENT,unknown,0.8662463292289276,scGPT linear probing
REACTOME_INNATE_IMMUNE_SYSTEM,unknown,0.8623307994148398,scGPT linear probing
REACTOME_INTRINSIC_PATHWAY_OF_FIBRIN_CLOT_FORMATION,unknown,0.11871267250137381,scGPT linear probing
REACTOME_MEMBRANE_TRAFFICKING,unknown,0.12132723989820926,scGPT linear probing
REACTOME_METABOLISM_OF_PROTEINS,unknown,0.26953799554839825,scGPT linear probing
REACTOME_NEUTROPHIL_DEGRANULATION,unknown,0.8663166195774262,scGPT linear probing
REACTOME_PEPTIDE_LIGAND_BINDING_RECEPTORS,unknown,0.8663166195774262,scGPT linear probing
REACTOME_PLATELET_ACTIVATION_SIGNALING_AND_AGGREGATION,unknown,0.12132723989820926,scGPT linear probing
REACTOME_POST_TRANSLATIONAL_PROTEIN_MODIFICATION,unknown,0.26953799554839825,scGPT linear probing
REACTOME_REGULATION_OF_INSULIN_LIKE_GROWTH_FACTOR_IGF_TRANSPORT_AND_UPTAKE_BY_INSULIN_LIKE_GROWTH_FACTOR_BINDING_PROTEINS_IGFBPS,unknown,0.4948488043271917,scGPT linear probing
REACTOME_RESPONSE_TO_ELEVATED_PLATELET_CYTOSOLIC_CA2,unknown,0.12132723989820926,scGPT linear probing
REACTOME_SIGNALING_BY_GPCR,unknown,0.8663166195774262,scGPT linear probing
REACTOME_TERMINAL_PATHWAY_OF_COMPLEMENT,unknown,0.8594546736135418,scGPT linear probing
REACTOME_TRANSPORT_OF_GAMMA_CARBOXYLATED_PROTEIN_PRECURSORS_FROM_THE_ENDOPLASMIC_RETICULUM_TO_THE_GOLGI_APPARATUS,unknown,0.1172924295917105,scGPT linear probing
REACTOME_TRANSPORT_TO_THE_GOLGI_AND_SUBSEQUENT_MODIFICATION,unknown,0.12132723989820926,scGPT linear probing
REACTOME_VESICLE_MEDIATED_TRANSPORT,unknown,0.12132723989820926,scGPT linear probing
REACTOME_ACTIVATION_OF_C3_AND_C5,Germinal_Center_Plasma_IgM_B_cell,0.8631827464901841,scGPT linear probing
REACTOME_ADAPTIVE_IMMUNE_SYSTEM,Germinal_Center_Plasma_IgM_B_cell,0.8642298083094352,scGPT linear probing
REACTOME_ALTERNATIVE_COMPLEMENT_ACTIVATION,Germinal_Center_Plasma_IgM_B_cell,0.8642298083094352,scGPT linear probing
REACTOME_ASPARAGINE_N_LINKED_GLYCOSYLATION,Germinal_Center_Plasma_IgM_B_cell,0.12125826021003214,scGPT linear probing
REACTOME_CARGO_CONCENTRATION_IN_THE_ER,Germinal_Center_Plasma_IgM_B_cell,0.12125826021003214,scGPT linear probing
REACTOME_CLASS_A_1_RHODOPSIN_LIKE_RECEPTORS,Germinal_Center_Plasma_IgM_B_cell,0.8642298083094352,scGPT linear probing
REACTOME_COMMON_PATHWAY_OF_FIBRIN_CLOT_FORMATION,Germinal_Center_Plasma_IgM_B_cell,0.11943784924323811,scGPT linear probing
REACTOME_COMPLEMENT_CASCADE,Germinal_Center_Plasma_IgM_B_cell,0.8584634335426462,scGPT linear probing
REACTOME_COPII_MEDIATED_VESICLE_TRANSPORT,Germinal_Center_Plasma_IgM_B_cell,0.12125826021003214,scGPT linear probing
REACTOME_ER_TO_GOLGI_ANTEROGRADE_TRANSPORT,Germinal_Center_Plasma_IgM_B_cell,0.12125826021003214,scGPT linear probing
REACTOME_EXTRINSIC_PATHWAY_OF_FIBRIN_CLOT_FORMATION,Germinal_Center_Plasma_IgM_B_cell,0.11410190327893563,scGPT linear probing
REACTOME_FORMATION_OF_FIBRIN_CLOT_CLOTTING_CASCADE,Germinal_Center_Plasma_IgM_B_cell,0.11665701237072296,scGPT linear probing
REACTOME_GAMMA_CARBOXYLATION_HYPUSINYLATION_HYDROXYLATION_AND_ARYLSULFATASE_ACTIVATION,Germinal_Center_Plasma_IgM_B_cell,0.11582606281360605,scGPT linear probing
REACTOME_GAMMA_CARBOXYLATION_OF_PROTEIN_PRECURSORS,Germinal_Center_Plasma_IgM_B_cell,0.11431844044108712,scGPT linear probing
REACTOME_GAMMA_CARBOXYLATION_TRANSPORT_AND_AMINO_TERMINAL_CLEAVAGE_OF_PROTEINS,Germinal_Center_Plasma_IgM_B_cell,0.11431844044108712,scGPT linear probing
REACTOME_GPCR_LIGAND_BINDING,Germinal_Center_Plasma_IgM_B_cell,0.8642298083094352,scGPT linear probing
REACTOME_G_ALPHA_I_SIGNALLING_EVENTS,Germinal_Center_Plasma_IgM_B_cell,0.8642298083094352,scGPT linear probing
REACTOME_HEMOSTASIS,Germinal_Center_Plasma_IgM_B_cell,0.11665701237072296,scGPT linear probing
REACTOME_IMMUNE_SYSTEM,Germinal_Center_Plasma_IgM_B_cell,0.8584634335426462,scGPT linear probing
REACTOME_IMMUNOREGULATORY_INTERACTIONS_BETWEEN_A_LYMPHOID_AND_A_NON_LYMPHOID_CELL,Germinal_Center_Plasma_IgM_B_cell,0.8642298083094352,scGPT linear probing
REACTOME_INITIAL_TRIGGERING_OF_COMPLEMENT,Germinal_Center_Plasma_IgM_B_cell,0.8631827464901841,scGPT linear probing
REACTOME_INNATE_IMMUNE_SYSTEM,Germinal_Center_Plasma_IgM_B_cell,0.8584634335426462,scGPT linear probing
REACTOME_INTRINSIC_PATHWAY_OF_FIBRIN_CLOT_FORMATION,Germinal_Center_Plasma_IgM_B_cell,0.11541122047992214,scGPT linear probing
REACTOME_MEMBRANE_TRAFFICKING,Germinal_Center_Plasma_IgM_B_cell,0.12125826021003214,scGPT linear probing
REACTOME_METABOLISM_OF_PROTEINS,Germinal_Center_Plasma_IgM_B_cell,0.2682151252627784,scGPT linear probing
REACTOME_NEUTROPHIL_DEGRANULATION,Germinal_Center_Plasma_IgM_B_cell,0.8642298083094352,scGPT linear probing
REACTOME_PEPTIDE_LIGAND_BINDING_RECEPTORS,Germinal_Center_Plasma_IgM_B_cell,0.8642298083094352,scGPT linear probing
REACTOME_PLATELET_ACTIVATION_SIGNALING_AND_AGGREGATION,Germinal_Center_Plasma_IgM_B_cell,0.12125826021003214,scGPT linear probing
REACTOME_POST_TRANSLATIONAL_PROTEIN_MODIFICATION,Germinal_Center_Plasma_IgM_B_cell,0.2682151252627784,scGPT linear probing
REACTOME_REGULATION_OF_INSULIN_LIKE_GROWTH_FACTOR_IGF_TRANSPORT_AND_UPTAKE_BY_INSULIN_LIKE_GROWTH_FACTOR_BINDING_PROTEINS_IGFBPS,Germinal_Center_Plasma_IgM_B_cell,0.4951597813169695,scGPT linear probing
REACTOME_RESPONSE_TO_ELEVATED_PLATELET_CYTOSOLIC_CA2,Germinal_Center_Plasma_IgM_B_cell,0.12125826021003214,scGPT linear probing
REACTOME_SIGNALING_BY_GPCR,Germinal_Center_Plasma_IgM_B_cell,0.8642298083094352,scGPT linear probing
REACTOME_TERMINAL_PATHWAY_OF_COMPLEMENT,Germinal_Center_Plasma_IgM_B_cell,0.8550409251542825,scGPT linear probing
REACTOME_TRANSPORT_OF_GAMMA_CARBOXYLATED_PROTEIN_PRECURSORS_FROM_THE_ENDOPLASMIC_RETICULUM_TO_THE_GOLGI_APPARATUS,Germinal_Center_Plasma_IgM_B_cell,0.11431844044108712,scGPT linear probing
REACTOME_TRANSPORT_TO_THE_GOLGI_AND_SUBSEQUENT_MODIFICATION,Germinal_Center_Plasma_IgM_B_cell,0.12125826021003214,scGPT linear probing
REACTOME_VESICLE_MEDIATED_TRANSPORT,Germinal_Center_Plasma_IgM_B_cell,0.12125826021003214,scGPT linear probing
REACTOME_ACTIVATION_OF_C3_AND_C5,Plasma_IgG,0.8685136772017803,Tangram
REACTOME_ADAPTIVE_IMMUNE_SYSTEM,Plasma_IgG,0.8718651433679914,Tangram
REACTOME_ALTERNATIVE_COMPLEMENT_ACTIVATION,Plasma_IgG,0.8718651433679914,Tangram
REACTOME_ASPARAGINE_N_LINKED_GLYCOSYLATION,Plasma_IgG,0.1189758295316882,Tangram
REACTOME_CARGO_CONCENTRATION_IN_THE_ER,Plasma_IgG,0.1189758295316882,Tangram
REACTOME_CLASS_A_1_RHODOPSIN_LIKE_RECEPTORS,Plasma_IgG,0.8718651433679914,Tangram
REACTOME_COMMON_PATHWAY_OF_FIBRIN_CLOT_FORMATION,Plasma_IgG,0.11798534157853566,Tangram
REACTOME_COMPLEMENT_CASCADE,Plasma_IgG,0.8621980504441179,Tangram
REACTOME_COPII_MEDIATED_VESICLE_TRANSPORT,Plasma_IgG,0.1189758295316882,Tangram
REACTOME_ER_TO_GOLGI_ANTEROGRADE_TRANSPORT,Plasma_IgG,0.1189758295316882,Tangram
REACTOME_EXTRINSIC_PATHWAY_OF_FIBRIN_CLOT_FORMATION,Plasma_IgG,0.11587357319153475,Tangram
REACTOME_FORMATION_OF_FIBRIN_CLOT_CLOTTING_CASCADE,Plasma_IgG,0.11736873432232174,Tangram
REACTOME_GAMMA_CARBOXYLATION_HYPUSINYLATION_HYDROXYLATION_AND_ARYLSULFATASE_ACTIVATION,Plasma_IgG,0.11630184075210467,Tangram
REACTOME_GAMMA_CARBOXYLATION_OF_PROTEIN_PRECURSORS,Plasma_IgG,0.11455063199850131,Tangram
REACTOME_GAMMA_CARBOXYLATION_TRANSPORT_AND_AMINO_TERMINAL_CLEAVAGE_OF_PROTEINS,Plasma_IgG,0.11455063199850131,Tangram
REACTOME_GPCR_LIGAND_BINDING,Plasma_IgG,0.8718651433679914,Tangram
REACTOME_G_ALPHA_I_SIGNALLING_EVENTS,Plasma_IgG,0.8718651433679914,Tangram
REACTOME_HEMOSTASIS,Plasma_IgG,0.11736873432232174,Tangram
REACTOME_IMMUNE_SYSTEM,Plasma_IgG,0.8621980504441179,Tangram
REACTOME_IMMUNOREGULATORY_INTERACTIONS_BETWEEN_A_LYMPHOID_AND_A_NON_LYMPHOID_CELL,Plasma_IgG,0.8718651433679914,Tangram
REACTOME_INITIAL_TRIGGERING_OF_COMPLEMENT,Plasma_IgG,0.8685136772017803,Tangram
REACTOME_INNATE_IMMUNE_SYSTEM,Plasma_IgG,0.8621980504441179,Tangram
REACTOME_INTRINSIC_PATHWAY_OF_FIBRIN_CLOT_FORMATION,Plasma_IgG,0.1166730335301936,Tangram
REACTOME_MEMBRANE_TRAFFICKING,Plasma_IgG,0.1189758295316882,Tangram
REACTOME_METABOLISM_OF_PROTEINS,Plasma_IgG,0.27015954427795025,Tangram
REACTOME_NEUTROPHIL_DEGRANULATION,Plasma_IgG,0.8718651433679914,Tangram
REACTOME_PEPTIDE_LIGAND_BINDING_RECEPTORS,Plasma_IgG,0.8718651433679914,Tangram
REACTOME_PLATELET_ACTIVATION_SIGNALING_AND_AGGREGATION,Plasma_IgG,0.1189758295316882,Tangram
REACTOME_POST_TRANSLATIONAL_PROTEIN_MODIFICATION,Plasma_IgG,0.27015954427795025,Tangram
REACTOME_REGULATION_OF_INSULIN_LIKE_GROWTH_FACTOR_IGF_TRANSPORT_AND_UPTAKE_BY_INSULIN_LIKE_GROWTH_FACTOR_BINDING_PROTEINS_IGFBPS,Plasma_IgG,0.4983579907054301,Tangram
REACTOME_RESPONSE_TO_ELEVATED_PLATELET_CYTOSOLIC_CA2,Plasma_IgG,0.1189758295316882,Tangram
REACTOME_SIGNALING_BY_GPCR,Plasma_IgG,0.8718651433679914,Tangram
REACTOME_TERMINAL_PATHWAY_OF_COMPLEMENT,Plasma_IgG,0.8574698451587943,Tangram
REACTOME_TRANSPORT_OF_GAMMA_CARBOXYLATED_PROTEIN_PRECURSORS_FROM_THE_ENDOPLASMIC_RETICULUM_TO_THE_GOLGI_APPARATUS,Plasma_IgG,0.11455063199850131,Tangram
REACTOME_TRANSPORT_TO_THE_GOLGI_AND_SUBSEQUENT_MODIFICATION,Plasma_IgG,0.1189758295316882,Tangram
REACTOME_VESICLE_MEDIATED_TRANSPORT,Plasma_IgG,0.1189758295316882,Tangram
REACTOME_ACTIVATION_OF_C3_AND_C5,M1_macrophages,0.8672519759955466,Tangram
REACTOME_ADAPTIVE_IMMUNE_SYSTEM,M1_macrophages,0.870617893288131,Tangram
REACTOME_ALTERNATIVE_COMPLEMENT_ACTIVATION,M1_macrophages,0.870617893288131,Tangram
REACTOME_ASPARAGINE_N_LINKED_GLYCOSYLATION,M1_macrophages,0.11894748664434006,Tangram
REACTOME_CARGO_CONCENTRATION_IN_THE_ER,M1_macrophages,0.11894748664434006,Tangram
REACTOME_CLASS_A_1_RHODOPSIN_LIKE_RECEPTORS,M1_macrophages,0.870617893288131,Tangram
REACTOME_COMMON_PATHWAY_OF_FIBRIN_CLOT_FORMATION,M1_macrophages,0.11760127988008613,Tangram
REACTOME_COMPLEMENT_CASCADE,M1_macrophages,0.8615018941254962,Tangram
REACTOME_COPII_MEDIATED_VESICLE_TRANSPORT,M1_macrophages,0.11894748664434006,Tangram
REACTOME_ER_TO_GOLGI_ANTEROGRADE_TRANSPORT,M1_macrophages,0.11894748664434006,Tangram
REACTOME_EXTRINSIC_PATHWAY_OF_FIBRIN_CLOT_FORMATION,M1_macrophages,0.11509560464122602,Tangram
REACTOME_FORMATION_OF_FIBRIN_CLOT_CLOTTING_CASCADE,M1_macrophages,0.11683215669557245,Tangram
REACTOME_GAMMA_CARBOXYLATION_HYPUSINYLATION_HYDROXYLATION_AND_ARYLSULFATASE_ACTIVATION,M1_macrophages,0.11562457626589788,Tangram
REACTOME_GAMMA_CARBOXYLATION_OF_PROTEIN_PRECURSORS,M1_macrophages,0.11387178951511462,Tangram
REACTOME_GAMMA_CARBOXYLATION_TRANSPORT_AND_AMINO_TERMINAL_CLEAVAGE_OF_PROTEINS,M1_macrophages,0.11387178951511462,Tangram
REACTOME_GPCR_LIGAND_BINDING,M1_macrophages,0.870617893288131,Tangram
REACTOME_G_ALPHA_I_SIGNALLING_EVENTS,M1_macrophages,0.870617893288131,Tangram
REACTOME_HEMOSTASIS,M1_macrophages,0.11683215669557245,Tangram
REACTOME_IMMUNE_SYSTEM,M1_macrophages,0.8615018941254962,Tangram
REACTOME_IMMUNOREGULATORY_INTERACTIONS_BETWEEN_A_LYMPHOID_AND_A_NON_LYMPHOID_CELL,M1_macrophages,0.870617893288131,Tangram
REACTOME_INITIAL_TRIGGERING_OF_COMPLEMENT,M1_macrophages,0.8672519759955466,Tangram
REACTOME_INNATE_IMMUNE_SYSTEM,M1_macrophages,0.8615018941254962,Tangram
REACTOME_INTRINSIC_PATHWAY_OF_FIBRIN_CLOT_FORMATION,M1_macrophages,0.11595400793750033,Tangram
REACTOME_MEMBRANE_TRAFFICKING,M1_macrophages,0.11894748664434006,Tangram
REACTOME_METABOLISM_OF_PROTEINS,M1_macrophages,0.2694537780915706,Tangram
REACTOME_NEUTROPHIL_DEGRANULATION,M1_macrophages,0.870617893288131,Tangram
REACTOME_PEPTIDE_LIGAND_BINDING_RECEPTORS,M1_macrophages,0.870617893288131,Tangram
REACTOME_PLATELET_ACTIVATION_SIGNALING_AND_AGGREGATION,M1_macrophages,0.11894748664434006,Tangram
REACTOME_POST_TRANSLATIONAL_PROTEIN_MODIFICATION,M1_macrophages,0.2694537780915706,Tangram
REACTOME_REGULATION_OF_INSULIN_LIKE_GROWTH_FACTOR_IGF_TRANSPORT_AND_UPTAKE_BY_INSULIN_LIKE_GROWTH_FACTOR_BINDING_PROTEINS_IGFBPS,M1_macrophages,0.4977336946060621,Tangram
REACTOME_RESPONSE_TO_ELEVATED_PLATELET_CYTOSOLIC_CA2,M1_macrophages,0.11894748664434006,Tangram
REACTOME_SIGNALING_BY_GPCR,M1_macrophages,0.870617893288131,Tangram
REACTOME_TERMINAL_PATHWAY_OF_COMPLEMENT,M1_macrophages,0.8571789674247353,Tangram
REACTOME_TRANSPORT_OF_GAMMA_CARBOXYLATED_PROTEIN_PRECURSORS_FROM_THE_ENDOPLASMIC_RETICULUM_TO_THE_GOLGI_APPARATUS,M1_macrophages,0.11387178951511462,Tangram
REACTOME_TRANSPORT_TO_THE_GOLGI_AND_SUBSEQUENT_MODIFICATION,M1_macrophages,0.11894748664434006,Tangram
REACTOME_VESICLE_MEDIATED_TRANSPORT,M1_macrophages,0.11894748664434006,Tangram
REACTOME_ACTIVATION_OF_C3_AND_C5,Tumor,0.8555634464324878,Tangram
REACTOME_ADAPTIVE_IMMUNE_SYSTEM,Tumor,0.8553811484898539,Tangram
REACTOME_ALTERNATIVE_COMPLEMENT_ACTIVATION,Tumor,0.8553811484898539,Tangram
REACTOME_ASPARAGINE_N_LINKED_GLYCOSYLATION,Tumor,0.11267541520434145,Tangram
REACTOME_CARGO_CONCENTRATION_IN_THE_ER,Tumor,0.11267541520434145,Tangram
REACTOME_CLASS_A_1_RHODOPSIN_LIKE_RECEPTORS,Tumor,0.8553811484898539,Tangram
REACTOME_COMMON_PATHWAY_OF_FIBRIN_CLOT_FORMATION,Tumor,0.11152834078427087,Tangram
REACTOME_COMPLEMENT_CASCADE,Tumor,0.8504609570305528,Tangram
REACTOME_COPII_MEDIATED_VESICLE_TRANSPORT,Tumor,0.11267541520434145,Tangram
REACTOME_ER_TO_GOLGI_ANTEROGRADE_TRANSPORT,Tumor,0.11267541520434145,Tangram
REACTOME_EXTRINSIC_PATHWAY_OF_FIBRIN_CLOT_FORMATION,Tumor,0.11324752545141274,Tangram
REACTOME_FORMATION_OF_FIBRIN_CLOT_CLOTTING_CASCADE,Tumor,0.1151357758924349,Tangram
REACTOME_GAMMA_CARBOXYLATION_HYPUSINYLATION_HYDROXYLATION_AND_ARYLSULFATASE_ACTIVATION,Tumor,0.11061746819586676,Tangram
REACTOME_GAMMA_CARBOXYLATION_OF_PROTEIN_PRECURSORS,Tumor,0.10791305650590952,Tangram
REACTOME_GAMMA_CARBOXYLATION_TRANSPORT_AND_AMINO_TERMINAL_CLEAVAGE_OF_PROTEINS,Tumor,0.10791305650590952,Tangram
REACTOME_GPCR_LIGAND_BINDING,Tumor,0.8553811484898539,Tangram
REACTOME_G_ALPHA_I_SIGNALLING_EVENTS,Tumor,0.8553811484898539,Tangram
REACTOME_HEMOSTASIS,Tumor,0.1151357758924349,Tangram
REACTOME_IMMUNE_SYSTEM,Tumor,0.8504609570305528,Tangram
REACTOME_IMMUNOREGULATORY_INTERACTIONS_BETWEEN_A_LYMPHOID_AND_A_NON_LYMPHOID_CELL,Tumor,0.8553811484898539,Tangram
REACTOME_INITIAL_TRIGGERING_OF_COMPLEMENT,Tumor,0.8555634464324878,Tangram
REACTOME_INNATE_IMMUNE_SYSTEM,Tumor,0.8504609570305528,Tangram
REACTOME_INTRINSIC_PATHWAY_OF_FIBRIN_CLOT_FORMATION,Tumor,0.11404861392365322,Tangram
REACTOME_MEMBRANE_TRAFFICKING,Tumor,0.11267541520434145,Tangram
REACTOME_METABOLISM_OF_PROTEINS,Tumor,0.26030361367274235,Tangram
REACTOME_NEUTROPHIL_DEGRANULATION,Tumor,0.8553811484898539,Tangram
REACTOME_PEPTIDE_LIGAND_BINDING_RECEPTORS,Tumor,0.8553811484898539,Tangram
REACTOME_PLATELET_ACTIVATION_SIGNALING_AND_AGGREGATION,Tumor,0.11267541520434145,Tangram
REACTOME_POST_TRANSLATIONAL_PROTEIN_MODIFICATION,Tumor,0.26030361367274235,Tangram
REACTOME_REGULATION_OF_INSULIN_LIKE_GROWTH_FACTOR_IGF_TRANSPORT_AND_UPTAKE_BY_INSULIN_LIKE_GROWTH_FACTOR_BINDING_PROTEINS_IGFBPS,Tumor,0.4837647278358308,Tangram
REACTOME_RESPONSE_TO_ELEVATED_PLATELET_CYTOSOLIC_CA2,Tumor,0.11267541520434145,Tangram
REACTOME_SIGNALING_BY_GPCR,Tumor,0.8553811484898539,Tangram
REACTOME_TERMINAL_PATHWAY_OF_COMPLEMENT,Tumor,0.8467589251733724,Tangram
REACTOME_TRANSPORT_OF_GAMMA_CARBOXYLATED_PROTEIN_PRECURSORS_FROM_THE_ENDOPLASMIC_RETICULUM_TO_THE_GOLGI_APPARATUS,Tumor,0.10791305650590952,Tangram
REACTOME_TRANSPORT_TO_THE_GOLGI_AND_SUBSEQUENT_MODIFICATION,Tumor,0.11267541520434145,Tangram
REACTOME_VESICLE_MEDIATED_TRANSPORT,Tumor,0.11267541520434145,Tangram
REACTOME_ACTIVATION_OF_C3_AND_C5,Germinal_Center_Plasma_IgM_B_cell,0.8647952507291381,Tangram
REACTOME_ADAPTIVE_IMMUNE_SYSTEM,Germinal_Center_Plasma_IgM_B_cell,0.8663166960151603,Tangram
REACTOME_ALTERNATIVE_COMPLEMENT_ACTIVATION,Germinal_Center_Plasma_IgM_B_cell,0.8663166960151603,Tangram
REACTOME_ASPARAGINE_N_LINKED_GLYCOSYLATION,Germinal_Center_Plasma_IgM_B_cell,0.1188258033532093,Tangram
REACTOME_CARGO_CONCENTRATION_IN_THE_ER,Germinal_Center_Plasma_IgM_B_cell,0.1188258033532093,Tangram
REACTOME_CLASS_A_1_RHODOPSIN_LIKE_RECEPTORS,Germinal_Center_Plasma_IgM_B_cell,0.8663166960151603,Tangram
REACTOME_COMMON_PATHWAY_OF_FIBRIN_CLOT_FORMATION,Germinal_Center_Plasma_IgM_B_cell,0.117378911921318,Tangram
REACTOME_COMPLEMENT_CASCADE,Germinal_Center_Plasma_IgM_B_cell,0.8595074053632327,Tangram
REACTOME_COPII_MEDIATED_VESICLE_TRANSPORT,Germinal_Center_Plasma_IgM_B_cell,0.1188258033532093,Tangram
REACTOME_ER_TO_GOLGI_ANTEROGRADE_TRANSPORT,Germinal_Center_Plasma_IgM_B_cell,0.1188258033532093,Tangram
REACTOME_EXTRINSIC_PATHWAY_OF_FIBRIN_CLOT_FORMATION,Germinal_Center_Plasma_IgM_B_cell,0.11436089016972208,Tangram
REACTOME_FORMATION_OF_FIBRIN_CLOT_CLOTTING_CASCADE,Germinal_Center_Plasma_IgM_B_cell,0.11633566690325836,Tangram
REACTOME_GAMMA_CARBOXYLATION_HYPUSINYLATION_HYDROXYLATION_AND_ARYLSULFATASE_ACTIVATION,Germinal_Center_Plasma_IgM_B_cell,0.11567566948735485,Tangram
REACTOME_GAMMA_CARBOXYLATION_OF_PROTEIN_PRECURSORS,Germinal_Center_Plasma_IgM_B_cell,0.11369157739202353,Tangram
REACTOME_GAMMA_CARBOXYLATION_TRANSPORT_AND_AMINO_TERMINAL_CLEAVAGE_OF_PROTEINS,Germinal_Center_Plasma_IgM_B_cell,0.11369157739202353,Tangram
REACTOME_GPCR_LIGAND_BINDING,Germinal_Center_Plasma_IgM_B_cell,0.8663166960151603,Tangram
REACTOME_G_ALPHA_I_SIGNALLING_EVENTS,Germinal_Center_Plasma_IgM_B_cell,0.8663166960151603,Tangram
REACTOME_HEMOSTASIS,Germinal_Center_Plasma_IgM_B_cell,0.11633566690325836,Tangram
REACTOME_IMMUNE_SYSTEM,Germinal_Center_Plasma_IgM_B_cell,0.8595074053632327,Tangram
REACTOME_IMMUNOREGULATORY_INTERACTIONS_BETWEEN_A_LYMPHOID_AND_A_NON_LYMPHOID_CELL,Germinal_Center_Plasma_IgM_B_cell,0.8663166960151603,Tangram
REACTOME_INITIAL_TRIGGERING_OF_COMPLEMENT,Germinal_Center_Plasma_IgM_B_cell,0.8647952507291381,Tangram
REACTOME_INNATE_IMMUNE_SYSTEM,Germinal_Center_Plasma_IgM_B_cell,0.8595074053632327,Tangram
REACTOME_INTRINSIC_PATHWAY_OF_FIBRIN_CLOT_FORMATION,Germinal_Center_Plasma_IgM_B_cell,0.11589133980804217,Tangram
REACTOME_MEMBRANE_TRAFFICKING,Germinal_Center_Plasma_IgM_B_cell,0.1188258033532093,Tangram
REACTOME_METABOLISM_OF_PROTEINS,Germinal_Center_Plasma_IgM_B_cell,0.26775120822900583,Tangram
REACTOME_NEUTROPHIL_DEGRANULATION,Germinal_Center_Plasma_IgM_B_cell,0.8663166960151603,Tangram
REACTOME_PEPTIDE_LIGAND_BINDING_RECEPTORS,Germinal_Center_Plasma_IgM_B_cell,0.8663166960151603,Tangram
REACTOME_PLATELET_ACTIVATION_SIGNALING_AND_AGGREGATION,Germinal_Center_Plasma_IgM_B_cell,0.1188258033532093,Tangram
REACTOME_POST_TRANSLATIONAL_PROTEIN_MODIFICATION,Germinal_Center_Plasma_IgM_B_cell,0.26775120822900583,Tangram
REACTOME_REGULATION_OF_INSULIN_LIKE_GROWTH_FACTOR_IGF_TRANSPORT_AND_UPTAKE_BY_INSULIN_LIKE_GROWTH_FACTOR_BINDING_PROTEINS_IGFBPS,Germinal_Center_Plasma_IgM_B_cell,0.49416795466848346,Tangram
REACTOME_RESPONSE_TO_ELEVATED_PLATELET_CYTOSOLIC_CA2,Germinal_Center_Plasma_IgM_B_cell,0.1188258033532093,Tangram
REACTOME_SIGNALING_BY_GPCR,Germinal_Center_Plasma_IgM_B_cell,0.8663166960151603,Tangram
REACTOME_TERMINAL_PATHWAY_OF_COMPLEMENT,Germinal_Center_Plasma_IgM_B_cell,0.8556282580924924,Tangram
REACTOME_TRANSPORT_OF_GAMMA_CARBOXYLATED_PROTEIN_PRECURSORS_FROM_THE_ENDOPLASMIC_RETICULUM_TO_THE_GOLGI_APPARATUS,Germinal_Center_Plasma_IgM_B_cell,0.11369157739202353,Tangram
REACTOME_TRANSPORT_TO_THE_GOLGI_AND_SUBSEQUENT_MODIFICATION,Germinal_Center_Plasma_IgM_B_cell,0.1188258033532093,Tangram
REACTOME_VESICLE_MEDIATED_TRANSPORT,Germinal_Center_Plasma_IgM_B_cell,0.1188258033532093,Tangram
REACTOME_ACTIVATION_OF_C3_AND_C5,unknown,0.865684121110715,Tangram
REACTOME_ADAPTIVE_IMMUNE_SYSTEM,unknown,0.867214772337361,Tangram
REACTOME_ALTERNATIVE_COMPLEMENT_ACTIVATION,unknown,0.867214772337361,Tangram
REACTOME_ASPARAGINE_N_LINKED_GLYCOSYLATION,unknown,0.12060827082295587,Tangram
REACTOME_CARGO_CONCENTRATION_IN_THE_ER,unknown,0.12060827082295587,Tangram
REACTOME_CLASS_A_1_RHODOPSIN_LIKE_RECEPTORS,unknown,0.867214772337361,Tangram
REACTOME_COMMON_PATHWAY_OF_FIBRIN_CLOT_FORMATION,unknown,0.11948998901190241,Tangram
REACTOME_COMPLEMENT_CASCADE,unknown,0.8610628160670456,Tangram
REACTOME_COPII_MEDIATED_VESICLE_TRANSPORT,unknown,0.12060827082295587,Tangram
REACTOME_ER_TO_GOLGI_ANTEROGRADE_TRANSPORT,unknown,0.12060827082295587,Tangram
REACTOME_EXTRINSIC_PATHWAY_OF_FIBRIN_CLOT_FORMATION,unknown,0.11582682720653861,Tangram
REACTOME_FORMATION_OF_FIBRIN_CLOT_CLOTTING_CASCADE,unknown,0.11788063140375851,Tangram
REACTOME_GAMMA_CARBOXYLATION_HYPUSINYLATION_HYDROXYLATION_AND_ARYLSULFATASE_ACTIVATION,unknown,0.1168954879379361,Tangram
REACTOME_GAMMA_CARBOXYLATION_OF_PROTEIN_PRECURSORS,unknown,0.11550337203327778,Tangram
REACTOME_GAMMA_CARBOXYLATION_TRANSPORT_AND_AMINO_TERMINAL_CLEAVAGE_OF_PROTEINS,unknown,0.11550337203327778,Tangram
REACTOME_GPCR_LIGAND_BINDING,unknown,0.867214772337361,Tangram
REACTOME_G_ALPHA_I_SIGNALLING_EVENTS,unknown,0.867214772337361,Tangram
REACTOME_HEMOSTASIS,unknown,0.11788063140375851,Tangram
REACTOME_IMMUNE_SYSTEM,unknown,0.8610628160670456,Tangram
REACTOME_IMMUNOREGULATORY_INTERACTIONS_BETWEEN_A_LYMPHOID_AND_A_NON_LYMPHOID_CELL,unknown,0.867214772337361,Tangram
REACTOME_INITIAL_TRIGGERING_OF_COMPLEMENT,unknown,0.865684121110715,Tangram
REACTOME_INNATE_IMMUNE_SYSTEM,unknown,0.8610628160670456,Tangram
REACTOME_INTRINSIC_PATHWAY_OF_FIBRIN_CLOT_FORMATION,unknown,0.11709777354958634,Tangram
REACTOME_MEMBRANE_TRAFFICKING,unknown,0.12060827082295587,Tangram
REACTOME_METABOLISM_OF_PROTEINS,unknown,0.2693430808926357,Tangram
REACTOME_NEUTROPHIL_DEGRANULATION,unknown,0.867214772337361,Tangram
REACTOME_PEPTIDE_LIGAND_BINDING_RECEPTORS,unknown,0.867214772337361,Tangram
REACTOME_PLATELET_ACTIVATION_SIGNALING_AND_AGGREGATION,unknown,0.12060827082295587,Tangram
REACTOME_POST_TRANSLATIONAL_PROTEIN_MODIFICATION,unknown,0.2693430808926357,Tangram
REACTOME_REGULATION_OF_INSULIN_LIKE_GROWTH_FACTOR_IGF_TRANSPORT_AND_UPTAKE_BY_INSULIN_LIKE_GROWTH_FACTOR_BINDING_PROTEINS_IGFBPS,unknown,0.4962511576202154,Tangram
REACTOME_RESPONSE_TO_ELEVATED_PLATELET_CYTOSOLIC_CA2,unknown,0.12060827082295587,Tangram
REACTOME_SIGNALING_BY_GPCR,unknown,0.867214772337361,Tangram
REACTOME_TERMINAL_PATHWAY_OF_COMPLEMENT,unknown,0.8576099979368578,Tangram
REACTOME_TRANSPORT_OF_GAMMA_CARBOXYLATED_PROTEIN_PRECURSORS_FROM_THE_ENDOPLASMIC_RETICULUM_TO_THE_GOLGI_APPARATUS,unknown,0.11550337203327778,Tangram
REACTOME_TRANSPORT_TO_THE_GOLGI_AND_SUBSEQUENT_MODIFICATION,unknown,0.12060827082295587,Tangram
REACTOME_VESICLE_MEDIATED_TRANSPORT,unknown,0.12060827082295587,Tangram
REACTOME_ACTIVATION_OF_C3_AND_C5,CAF,0.8660066113543119,Tangram
REACTOME_ADAPTIVE_IMMUNE_SYSTEM,CAF,0.866569158098203,Tangram
REACTOME_ALTERNATIVE_COMPLEMENT_ACTIVATION,CAF,0.866569158098203,Tangram
REACTOME_ASPARAGINE_N_LINKED_GLYCOSYLATION,CAF,0.12599310709722328,Tangram
REACTOME_CARGO_CONCENTRATION_IN_THE_ER,CAF,0.12599310709722328,Tangram
REACTOME_CLASS_A_1_RHODOPSIN_LIKE_RECEPTORS,CAF,0.866569158098203,Tangram
REACTOME_COMMON_PATHWAY_OF_FIBRIN_CLOT_FORMATION,CAF,0.12209765405208427,Tangram
REACTOME_COMPLEMENT_CASCADE,CAF,0.8596480873995156,Tangram
REACTOME_COPII_MEDIATED_VESICLE_TRANSPORT,CAF,0.12599310709722328,Tangram
REACTOME_ER_TO_GOLGI_ANTEROGRADE_TRANSPORT,CAF,0.12599310709722328,Tangram
REACTOME_EXTRINSIC_PATHWAY_OF_FIBRIN_CLOT_FORMATION,CAF,0.11663972337198353,Tangram
REACTOME_FORMATION_OF_FIBRIN_CLOT_CLOTTING_CASCADE,CAF,0.12141470068346524,Tangram
REACTOME_GAMMA_CARBOXYLATION_HYPUSINYLATION_HYDROXYLATION_AND_ARYLSULFATASE_ACTIVATION,CAF,0.11476732485951381,Tangram
REACTOME_GAMMA_CARBOXYLATION_OF_PROTEIN_PRECURSORS,CAF,0.1130500283299535,Tangram
REACTOME_GAMMA_CARBOXYLATION_TRANSPORT_AND_AMINO_TERMINAL_CLEAVAGE_OF_PROTEINS,CAF,0.1130500283299535,Tangram
REACTOME_GPCR_LIGAND_BINDING,CAF,0.866569158098203,Tangram
REACTOME_G_ALPHA_I_SIGNALLING_EVENTS,CAF,0.866569158098203,Tangram
REACTOME_HEMOSTASIS,CAF,0.12141470068346524,Tangram
REACTOME_IMMUNE_SYSTEM,CAF,0.8596480873995156,Tangram
REACTOME_IMMUNOREGULATORY_INTERACTIONS_BETWEEN_A_LYMPHOID_AND_A_NON_LYMPHOID_CELL,CAF,0.866569158098203,Tangram
REACTOME_INITIAL_TRIGGERING_OF_COMPLEMENT,CAF,0.8660066113543119,Tangram
REACTOME_INNATE_IMMUNE_SYSTEM,CAF,0.8596480873995156,Tangram
REACTOME_INTRINSIC_PATHWAY_OF_FIBRIN_CLOT_FORMATION,CAF,0.11719155360059995,Tangram
REACTOME_MEMBRANE_TRAFFICKING,CAF,0.12599310709722328,Tangram
REACTOME_METABOLISM_OF_PROTEINS,CAF,0.27064560593588677,Tangram
REACTOME_NEUTROPHIL_DEGRANULATION,CAF,0.866569158098203,Tangram
REACTOME_PEPTIDE_LIGAND_BINDING_RECEPTORS,CAF,0.866569158098203,Tangram
REACTOME_PLATELET_ACTIVATION_SIGNALING_AND_AGGREGATION,CAF,0.12599310709722328,Tangram
REACTOME_POST_TRANSLATIONAL_PROTEIN_MODIFICATION,CAF,0.27064560593588677,Tangram
REACTOME_REGULATION_OF_INSULIN_LIKE_GROWTH_FACTOR_IGF_TRANSPORT_AND_UPTAKE_BY_INSULIN_LIKE_GROWTH_FACTOR_BINDING_PROTEINS_IGFBPS,CAF,0.5016786278045157,Tangram
REACTOME_RESPONSE_TO_ELEVATED_PLATELET_CYTOSOLIC_CA2,CAF,0.12599310709722328,Tangram
REACTOME_SIGNALING_BY_GPCR,CAF,0.866569158098203,Tangram
REACTOME_TERMINAL_PATHWAY_OF_COMPLEMENT,CAF,0.854966157606262,Tangram
REACTOME_TRANSPORT_OF_GAMMA_CARBOXYLATED_PROTEIN_PRECURSORS_FROM_THE_ENDOPLASMIC_RETICULUM_TO_THE_GOLGI_APPARATUS,CAF,0.1130500283299535,Tangram
REACTOME_TRANSPORT_TO_THE_GOLGI_AND_SUBSEQUENT_MODIFICATION,CAF,0.12599310709722328,Tangram
REACTOME_VESICLE_MEDIATED_TRANSPORT,CAF,0.12599310709722328,Tangram
REACTOME_ACTIVATION_OF_C3_AND_C5,T_cell,0.8658585295288783,Tangram
REACTOME_ADAPTIVE_IMMUNE_SYSTEM,T_cell,0.8684546529526218,Tangram
REACTOME_ALTERNATIVE_COMPLEMENT_ACTIVATION,T_cell,0.8684546529526218,Tangram
REACTOME_ASPARAGINE_N_LINKED_GLYCOSYLATION,T_cell,0.12218650971579935,Tangram
REACTOME_CARGO_CONCENTRATION_IN_THE_ER,T_cell,0.12218650971579935,Tangram
REACTOME_CLASS_A_1_RHODOPSIN_LIKE_RECEPTORS,T_cell,0.8684546529526218,Tangram
REACTOME_COMMON_PATHWAY_OF_FIBRIN_CLOT_FORMATION,T_cell,0.12179996727712977,Tangram
REACTOME_COMPLEMENT_CASCADE,T_cell,0.8609671775527439,Tangram
REACTOME_COPII_MEDIATED_VESICLE_TRANSPORT,T_cell,0.12218650971579935,Tangram
REACTOME_ER_TO_GOLGI_ANTEROGRADE_TRANSPORT,T_cell,0.12218650971579935,Tangram
REACTOME_EXTRINSIC_PATHWAY_OF_FIBRIN_CLOT_FORMATION,T_cell,0.11659487758382608,Tangram
REACTOME_FORMATION_OF_FIBRIN_CLOT_CLOTTING_CASCADE,T_cell,0.11841662129201914,Tangram
REACTOME_GAMMA_CARBOXYLATION_HYPUSINYLATION_HYDROXYLATION_AND_ARYLSULFATASE_ACTIVATION,T_cell,0.11827041197719577,Tangram
REACTOME_GAMMA_CARBOXYLATION_OF_PROTEIN_PRECURSORS,T_cell,0.11743858270964284,Tangram
REACTOME_GAMMA_CARBOXYLATION_TRANSPORT_AND_AMINO_TERMINAL_CLEAVAGE_OF_PROTEINS,T_cell,0.11743858270964284,Tangram
REACTOME_GPCR_LIGAND_BINDING,T_cell,0.8684546529526218,Tangram
REACTOME_G_ALPHA_I_SIGNALLING_EVENTS,T_cell,0.8684546529526218,Tangram
REACTOME_HEMOSTASIS,T_cell,0.11841662129201914,Tangram
REACTOME_IMMUNE_SYSTEM,T_cell,0.8609671775527439,Tangram
REACTOME_IMMUNOREGULATORY_INTERACTIONS_BETWEEN_A_LYMPHOID_AND_A_NON_LYMPHOID_CELL,T_cell,0.8684546529526218,Tangram
REACTOME_INITIAL_TRIGGERING_OF_COMPLEMENT,T_cell,0.8658585295288783,Tangram
REACTOME_INNATE_IMMUNE_SYSTEM,T_cell,0.8609671775527439,Tangram
REACTOME_INTRINSIC_PATHWAY_OF_FIBRIN_CLOT_FORMATION,T_cell,0.1175389122531343,Tangram
REACTOME_MEMBRANE_TRAFFICKING,T_cell,0.12218650971579935,Tangram
REACTOME_METABOLISM_OF_PROTEINS,T_cell,0.2711364883178588,Tangram
REACTOME_NEUTROPHIL_DEGRANULATION,T_cell,0.8684546529526218,Tangram
REACTOME_PEPTIDE_LIGAND_BINDING_RECEPTORS,T_cell,0.8684546529526218,Tangram
REACTOME_PLATELET_ACTIVATION_SIGNALING_AND_AGGREGATION,T_cell,0.12218650971579935,Tangram
REACTOME_POST_TRANSLATIONAL_PROTEIN_MODIFICATION,T_cell,0.2711364883178588,Tangram
REACTOME_REGULATION_OF_INSULIN_LIKE_GROWTH_FACTOR_IGF_TRANSPORT_AND_UPTAKE_BY_INSULIN_LIKE_GROWTH_FACTOR_BINDING_PROTEINS_IGFBPS,T_cell,0.4985065439468694,Tangram
REACTOME_RESPONSE_TO_ELEVATED_PLATELET_CYTOSOLIC_CA2,T_cell,0.12218650971579935,Tangram
REACTOME_SIGNALING_BY_GPCR,T_cell,0.8684546529526218,Tangram
REACTOME_TERMINAL_PATHWAY_OF_COMPLEMENT,T_cell,0.8573687631952448,Tangram
REACTOME_TRANSPORT_OF_GAMMA_CARBOXYLATED_PROTEIN_PRECURSORS_FROM_THE_ENDOPLASMIC_RETICULUM_TO_THE_GOLGI_APPARATUS,T_cell,0.11743858270964284,Tangram
REACTOME_TRANSPORT_TO_THE_GOLGI_AND_SUBSEQUENT_MODIFICATION,T_cell,0.12218650971579935,Tangram
REACTOME_VESICLE_MEDIATED_TRANSPORT,T_cell,0.12218650971579935,Tangram
REACTOME_ACTIVATION_OF_C3_AND_C5,Tumor_Keratin_Pearl,0.8618604793528607,Tangram
REACTOME_ADAPTIVE_IMMUNE_SYSTEM,Tumor_Keratin_Pearl,0.8631216077203134,Tangram
REACTOME_ALTERNATIVE_COMPLEMENT_ACTIVATION,Tumor_Keratin_Pearl,0.8631216077203134,Tangram
REACTOME_ASPARAGINE_N_LINKED_GLYCOSYLATION,Tumor_Keratin_Pearl,0.11286151090595721,Tangram
REACTOME_CARGO_CONCENTRATION_IN_THE_ER,Tumor_Keratin_Pearl,0.11286151090595721,Tangram
REACTOME_CLASS_A_1_RHODOPSIN_LIKE_RECEPTORS,Tumor_Keratin_Pearl,0.8631216077203134,Tangram
REACTOME_COMMON_PATHWAY_OF_FIBRIN_CLOT_FORMATION,Tumor_Keratin_Pearl,0.11311034495096399,Tangram
REACTOME_COMPLEMENT_CASCADE,Tumor_Keratin_Pearl,0.8565439648771296,Tangram
REACTOME_COPII_MEDIATED_VESICLE_TRANSPORT,Tumor_Keratin_Pearl,0.11286151090595721,Tangram
REACTOME_ER_TO_GOLGI_ANTEROGRADE_TRANSPORT,Tumor_Keratin_Pearl,0.11286151090595721,Tangram
REACTOME_EXTRINSIC_PATHWAY_OF_FIBRIN_CLOT_FORMATION,Tumor_Keratin_Pearl,0.11308676201152498,Tangram
REACTOME_FORMATION_OF_FIBRIN_CLOT_CLOTTING_CASCADE,Tumor_Keratin_Pearl,0.11527562457085803,Tangram
REACTOME_GAMMA_CARBOXYLATION_HYPUSINYLATION_HYDROXYLATION_AND_ARYLSULFATASE_ACTIVATION,Tumor_Keratin_Pearl,0.11303959613264668,Tangram
REACTOME_GAMMA_CARBOXYLATION_OF_PROTEIN_PRECURSORS,Tumor_Keratin_Pearl,0.11314046654414377,Tangram
REACTOME_GAMMA_CARBOXYLATION_TRANSPORT_AND_AMINO_TERMINAL_CLEAVAGE_OF_PROTEINS,Tumor_Keratin_Pearl,0.11314046654414377,Tangram
REACTOME_GPCR_LIGAND_BINDING,Tumor_Keratin_Pearl,0.8631216077203134,Tangram
REACTOME_G_ALPHA_I_SIGNALLING_EVENTS,Tumor_Keratin_Pearl,0.8631216077203134,Tangram
REACTOME_HEMOSTASIS,Tumor_Keratin_Pearl,0.11527562457085803,Tangram
REACTOME_IMMUNE_SYSTEM,Tumor_Keratin_Pearl,0.8565439648771296,Tangram
REACTOME_IMMUNOREGULATORY_INTERACTIONS_BETWEEN_A_LYMPHOID_AND_A_NON_LYMPHOID_CELL,Tumor_Keratin_Pearl,0.8631216077203134,Tangram
REACTOME_INITIAL_TRIGGERING_OF_COMPLEMENT,Tumor_Keratin_Pearl,0.8618604793528607,Tangram
REACTOME_INNATE_IMMUNE_SYSTEM,Tumor_Keratin_Pearl,0.8565439648771296,Tangram
REACTOME_INTRINSIC_PATHWAY_OF_FIBRIN_CLOT_FORMATION,Tumor_Keratin_Pearl,0.11638127848754516,Tangram
REACTOME_MEMBRANE_TRAFFICKING,Tumor_Keratin_Pearl,0.11286151090595721,Tangram
REACTOME_METABOLISM_OF_PROTEINS,Tumor_Keratin_Pearl,0.264071817362523,Tangram
REACTOME_NEUTROPHIL_DEGRANULATION,Tumor_Keratin_Pearl,0.8631216077203134,Tangram
REACTOME_PEPTIDE_LIGAND_BINDING_RECEPTORS,Tumor_Keratin_Pearl,0.8631216077203134,Tangram
REACTOME_PLATELET_ACTIVATION_SIGNALING_AND_AGGREGATION,Tumor_Keratin_Pearl,0.11286151090595721,Tangram
REACTOME_POST_TRANSLATIONAL_PROTEIN_MODIFICATION,Tumor_Keratin_Pearl,0.264071817362523,Tangram
REACTOME_REGULATION_OF_INSULIN_LIKE_GROWTH_FACTOR_IGF_TRANSPORT_AND_UPTAKE_BY_INSULIN_LIKE_GROWTH_FACTOR_BINDING_PROTEINS_IGFBPS,Tumor_Keratin_Pearl,0.48952499505120906,Tangram
REACTOME_RESPONSE_TO_ELEVATED_PLATELET_CYTOSOLIC_CA2,Tumor_Keratin_Pearl,0.11286151090595721,Tangram
REACTOME_SIGNALING_BY_GPCR,Tumor_Keratin_Pearl,0.8631216077203134,Tangram
REACTOME_TERMINAL_PATHWAY_OF_COMPLEMENT,Tumor_Keratin_Pearl,0.8527504330908416,Tangram
REACTOME_TRANSPORT_OF_GAMMA_CARBOXYLATED_PROTEIN_PRECURSORS_FROM_THE_ENDOPLASMIC_RETICULUM_TO_THE_GOLGI_APPARATUS,Tumor_Keratin_Pearl,0.11314046654414377,Tangram
REACTOME_TRANSPORT_TO_THE_GOLGI_AND_SUBSEQUENT_MODIFICATION,Tumor_Keratin_Pearl,0.11286151090595721,Tangram
REACTOME_VESICLE_MEDIATED_TRANSPORT,Tumor_Keratin_Pearl,0.11286151090595721,Tangram
REACTOME_ACTIVATION_OF_C3_AND_C5,High_Endothelial_Venules,0.8651770353830456,Tangram
REACTOME_ADAPTIVE_IMMUNE_SYSTEM,High_Endothelial_Venules,0.8663384811522319,Tangram
REACTOME_ALTERNATIVE_COMPLEMENT_ACTIVATION,High_Endothelial_Venules,0.8663384811522319,Tangram
REACTOME_ASPARAGINE_N_LINKED_GLYCOSYLATION,High_Endothelial_Venules,0.12326150917068328,Tangram
REACTOME_CARGO_CONCENTRATION_IN_THE_ER,High_Endothelial_Venules,0.12326150917068328,Tangram
REACTOME_CLASS_A_1_RHODOPSIN_LIKE_RECEPTORS,High_Endothelial_Venules,0.8663384811522319,Tangram
REACTOME_COMMON_PATHWAY_OF_FIBRIN_CLOT_FORMATION,High_Endothelial_Venules,0.12050132804575416,Tangram
REACTOME_COMPLEMENT_CASCADE,High_Endothelial_Venules,0.8611340756620748,Tangram
REACTOME_COPII_MEDIATED_VESICLE_TRANSPORT,High_Endothelial_Venules,0.12326150917068328,Tangram
REACTOME_ER_TO_GOLGI_ANTEROGRADE_TRANSPORT,High_Endothelial_Venules,0.12326150917068328,Tangram
REACTOME_EXTRINSIC_PATHWAY_OF_FIBRIN_CLOT_FORMATION,High_Endothelial_Venules,0.11520465831847625,Tangram
REACTOME_FORMATION_OF_FIBRIN_CLOT_CLOTTING_CASCADE,High_Endothelial_Venules,0.11795177962595602,Tangram
REACTOME_GAMMA_CARBOXYLATION_HYPUSINYLATION_HYDROXYLATION_AND_ARYLSULFATASE_ACTIVATION,High_Endothelial_Venules,0.11779465603160147,Tangram
REACTOME_GAMMA_CARBOXYLATION_OF_PROTEIN_PRECURSORS,High_Endothelial_Venules,0.11393758976490877,Tangram
REACTOME_GAMMA_CARBOXYLATION_TRANSPORT_AND_AMINO_TERMINAL_CLEAVAGE_OF_PROTEINS,High_Endothelial_Venules,0.11393758976490877,Tangram
REACTOME_GPCR_LIGAND_BINDING,High_Endothelial_Venules,0.8663384811522319,Tangram
REACTOME_G_ALPHA_I_SIGNALLING_EVENTS,High_Endothelial_Venules,0.8663384811522319,Tangram
REACTOME_HEMOSTASIS,High_Endothelial_Venules,0.11795177962595602,Tangram
REACTOME_IMMUNE_SYSTEM,High_Endothelial_Venules,0.8611340756620748,Tangram
REACTOME_IMMUNOREGULATORY_INTERACTIONS_BETWEEN_A_LYMPHOID_AND_A_NON_LYMPHOID_CELL,High_Endothelial_Venules,0.8663384811522319,Tangram
REACTOME_INITIAL_TRIGGERING_OF_COMPLEMENT,High_Endothelial_Venules,0.8651770353830456,Tangram
REACTOME_INNATE_IMMUNE_SYSTEM,High_Endothelial_Venules,0.8611340756620748,Tangram
REACTOME_INTRINSIC_PATHWAY_OF_FIBRIN_CLOT_FORMATION,High_Endothelial_Venules,0.11694196813419695,Tangram
REACTOME_MEMBRANE_TRAFFICKING,High_Endothelial_Venules,0.12326150917068328,Tangram
REACTOME_METABOLISM_OF_PROTEINS,High_Endothelial_Venules,0.2696415319602362,Tangram
REACTOME_NEUTROPHIL_DEGRANULATION,High_Endothelial_Venules,0.8663384811522319,Tangram
REACTOME_PEPTIDE_LIGAND_BINDING_RECEPTORS,High_Endothelial_Venules,0.8663384811522319,Tangram
REACTOME_PLATELET_ACTIVATION_SIGNALING_AND_AGGREGATION,High_Endothelial_Venules,0.12326150917068328,Tangram
REACTOME_POST_TRANSLATIONAL_PROTEIN_MODIFICATION,High_Endothelial_Venules,0.2696415319602362,Tangram
REACTOME_REGULATION_OF_INSULIN_LIKE_GROWTH_FACTOR_IGF_TRANSPORT_AND_UPTAKE_BY_INSULIN_LIKE_GROWTH_FACTOR_BINDING_PROTEINS_IGFBPS,High_Endothelial_Venules,0.4956240683212607,Tangram
REACTOME_RESPONSE_TO_ELEVATED_PLATELET_CYTOSOLIC_CA2,High_Endothelial_Venules,0.12326150917068328,Tangram
REACTOME_SIGNALING_BY_GPCR,High_Endothelial_Venules,0.8663384811522319,Tangram
REACTOME_TERMINAL_PATHWAY_OF_COMPLEMENT,High_Endothelial_Venules,0.8580120093318911,Tangram
REACTOME_TRANSPORT_OF_GAMMA_CARBOXYLATED_PROTEIN_PRECURSORS_FROM_THE_ENDOPLASMIC_RETICULUM_TO_THE_GOLGI_APPARATUS,High_Endothelial_Venules,0.11393758976490877,Tangram
REACTOME_TRANSPORT_TO_THE_GOLGI_AND_SUBSEQUENT_MODIFICATION,High_Endothelial_Venules,0.12326150917068328,Tangram
REACTOME_VESICLE_MEDIATED_TRANSPORT,High_Endothelial_Venules,0.12326150917068328,Tangram
REACTOME_ACTIVATION_OF_C3_AND_C5,Plasma_IgA,0.8698205735153047,Tangram
REACTOME_ADAPTIVE_IMMUNE_SYSTEM,Plasma_IgA,0.87448339619006,Tangram
REACTOME_ALTERNATIVE_COMPLEMENT_ACTIVATION,Plasma_IgA,0.87448339619006,Tangram
REACTOME_ASPARAGINE_N_LINKED_GLYCOSYLATION,Plasma_IgA,0.11604763504098675,Tangram
REACTOME_CARGO_CONCENTRATION_IN_THE_ER,Plasma_IgA,0.11604763504098675,Tangram
REACTOME_CLASS_A_1_RHODOPSIN_LIKE_RECEPTORS,Plasma_IgA,0.87448339619006,Tangram
REACTOME_COMMON_PATHWAY_OF_FIBRIN_CLOT_FORMATION,Plasma_IgA,0.11629926584411082,Tangram
REACTOME_COMPLEMENT_CASCADE,Plasma_IgA,0.8621690493586075,Tangram
REACTOME_COPII_MEDIATED_VESICLE_TRANSPORT,Plasma_IgA,0.11604763504098675,Tangram
REACTOME_ER_TO_GOLGI_ANTEROGRADE_TRANSPORT,Plasma_IgA,0.11604763504098675,Tangram
REACTOME_EXTRINSIC_PATHWAY_OF_FIBRIN_CLOT_FORMATION,Plasma_IgA,0.11627568290467183,Tangram
REACTOME_FORMATION_OF_FIBRIN_CLOT_CLOTTING_CASCADE,Plasma_IgA,0.11626415222703901,Tangram
REACTOME_GAMMA_CARBOXYLATION_HYPUSINYLATION_HYDROXYLATION_AND_ARYLSULFATASE_ACTIVATION,Plasma_IgA,0.11622851702579344,Tangram
REACTOME_GAMMA_CARBOXYLATION_OF_PROTEIN_PRECURSORS,Plasma_IgA,0.11633062053590486,Tangram
REACTOME_GAMMA_CARBOXYLATION_TRANSPORT_AND_AMINO_TERMINAL_CLEAVAGE_OF_PROTEINS,Plasma_IgA,0.11633062053590486,Tangram
REACTOME_GPCR_LIGAND_BINDING,Plasma_IgA,0.87448339619006,Tangram
REACTOME_G_ALPHA_I_SIGNALLING_EVENTS,Plasma_IgA,0.87448339619006,Tangram
REACTOME_HEMOSTASIS,Plasma_IgA,0.11626415222703901,Tangram
REACTOME_IMMUNE_SYSTEM,Plasma_IgA,0.8621690493586075,Tangram
REACTOME_IMMUNOREGULATORY_INTERACTIONS_BETWEEN_A_LYMPHOID_AND_A_NON_LYMPHOID_CELL,Plasma_IgA,0.87448339619006,Tangram
REACTOME_INITIAL_TRIGGERING_OF_COMPLEMENT,Plasma_IgA,0.8698205735153047,Tangram
REACTOME_INNATE_IMMUNE_SYSTEM,Plasma_IgA,0.8621690493586075,Tangram
REACTOME_INTRINSIC_PATHWAY_OF_FIBRIN_CLOT_FORMATION,Plasma_IgA,0.11632097243267207,Tangram
REACTOME_MEMBRANE_TRAFFICKING,Plasma_IgA,0.11604763504098675,Tangram
REACTOME_METABOLISM_OF_PROTEINS,Plasma_IgA,0.2701027361731193,Tangram
REACTOME_NEUTROPHIL_DEGRANULATION,Plasma_IgA,0.87448339619006,Tangram
REACTOME_PEPTIDE_LIGAND_BINDING_RECEPTORS,Plasma_IgA,0.87448339619006,Tangram
REACTOME_PLATELET_ACTIVATION_SIGNALING_AND_AGGREGATION,Plasma_IgA,0.11604763504098675,Tangram
REACTOME_POST_TRANSLATIONAL_PROTEIN_MODIFICATION,Plasma_IgA,0.2701027361731193,Tangram
REACTOME_REGULATION_OF_INSULIN_LIKE_GROWTH_FACTOR_IGF_TRANSPORT_AND_UPTAKE_BY_INSULIN_LIKE_GROWTH_FACTOR_BINDING_PROTEINS_IGFBPS,Plasma_IgA,0.49858763214689644,Tangram
REACTOME_RESPONSE_TO_ELEVATED_PLATELET_CYTOSOLIC_CA2,Plasma_IgA,0.11604763504098675,Tangram
REACTOME_SIGNALING_BY_GPCR,Plasma_IgA,0.87448339619006,Tangram
REACTOME_TERMINAL_PATHWAY_OF_COMPLEMENT,Plasma_IgA,0.8566601013514674,Tangram
REACTOME_TRANSPORT_OF_GAMMA_CARBOXYLATED_PROTEIN_PRECURSORS_FROM_THE_ENDOPLASMIC_RETICULUM_TO_THE_GOLGI_APPARATUS,Plasma_IgA,0.11633062053590486,Tangram
REACTOME_TRANSPORT_TO_THE_GOLGI_AND_SUBSEQUENT_MODIFICATION,Plasma_IgA,0.11604763504098675,Tangram
REACTOME_VESICLE_MEDIATED_TRANSPORT,Plasma_IgA,0.11604763504098675,Tangram
REACTOME_ACTIVATION_OF_C3_AND_C5,CAM,0.8639934614986424,Tangram
REACTOME_ADAPTIVE_IMMUNE_SYSTEM,CAM,0.8667978543141275,Tangram
REACTOME_ALTERNATIVE_COMPLEMENT_ACTIVATION,CAM,0.8667978543141275,Tangram
REACTOME_ASPARAGINE_N_LINKED_GLYCOSYLATION,CAM,0.11314703371807641,Tangram
REACTOME_CARGO_CONCENTRATION_IN_THE_ER,CAM,0.11314703371807641,Tangram
REACTOME_CLASS_A_1_RHODOPSIN_LIKE_RECEPTORS,CAM,0.8667978543141275,Tangram
REACTOME_COMMON_PATHWAY_OF_FIBRIN_CLOT_FORMATION,CAM,0.11339463380319034,Tangram
REACTOME_COMPLEMENT_CASCADE,CAM,0.859797501540608,Tangram
REACTOME_COPII_MEDIATED_VESICLE_TRANSPORT,CAM,0.11314703371807641,Tangram
REACTOME_ER_TO_GOLGI_ANTEROGRADE_TRANSPORT,CAM,0.11314703371807641,Tangram
REACTOME_EXTRINSIC_PATHWAY_OF_FIBRIN_CLOT_FORMATION,CAM,0.11337105086375127,Tangram
REACTOME_FORMATION_OF_FIBRIN_CLOT_CLOTTING_CASCADE,CAM,0.12305666350766896,Tangram
REACTOME_GAMMA_CARBOXYLATION_HYPUSINYLATION_HYDROXYLATION_AND_ARYLSULFATASE_ACTIVATION,CAM,0.11332388498487293,Tangram
REACTOME_GAMMA_CARBOXYLATION_OF_PROTEIN_PRECURSORS,CAM,0.11342412368185044,Tangram
REACTOME_GAMMA_CARBOXYLATION_TRANSPORT_AND_AMINO_TERMINAL_CLEAVAGE_OF_PROTEINS,CAM,0.11342412368185044,Tangram
REACTOME_GPCR_LIGAND_BINDING,CAM,0.8667978543141275,Tangram
REACTOME_G_ALPHA_I_SIGNALLING_EVENTS,CAM,0.8667978543141275,Tangram
REACTOME_HEMOSTASIS,CAM,0.12305666350766896,Tangram
REACTOME_IMMUNE_SYSTEM,CAM,0.859797501540608,Tangram
REACTOME_IMMUNOREGULATORY_INTERACTIONS_BETWEEN_A_LYMPHOID_AND_A_NON_LYMPHOID_CELL,CAM,0.8667978543141275,Tangram
REACTOME_INITIAL_TRIGGERING_OF_COMPLEMENT,CAM,0.8639934614986424,Tangram
REACTOME_INNATE_IMMUNE_SYSTEM,CAM,0.859797501540608,Tangram
REACTOME_INTRINSIC_PATHWAY_OF_FIBRIN_CLOT_FORMATION,CAM,0.12773805845515737,Tangram
REACTOME_MEMBRANE_TRAFFICKING,CAM,0.11314703371807641,Tangram
REACTOME_METABOLISM_OF_PROTEINS,CAM,0.2655178659713037,Tangram
REACTOME_NEUTROPHIL_DEGRANULATION,CAM,0.8667978543141275,Tangram
REACTOME_PEPTIDE_LIGAND_BINDING_RECEPTORS,CAM,0.8667978543141275,Tangram
REACTOME_PLATELET_ACTIVATION_SIGNALING_AND_AGGREGATION,CAM,0.11314703371807641,Tangram
REACTOME_POST_TRANSLATIONAL_PROTEIN_MODIFICATION,CAM,0.2655178659713037,Tangram
REACTOME_REGULATION_OF_INSULIN_LIKE_GROWTH_FACTOR_IGF_TRANSPORT_AND_UPTAKE_BY_INSULIN_LIKE_GROWTH_FACTOR_BINDING_PROTEINS_IGFBPS,CAM,0.49222089488348014,Tangram
REACTOME_RESPONSE_TO_ELEVATED_PLATELET_CYTOSOLIC_CA2,CAM,0.11314703371807641,Tangram
REACTOME_SIGNALING_BY_GPCR,CAM,0.8667978543141275,Tangram
REACTOME_TERMINAL_PATHWAY_OF_COMPLEMENT,CAM,0.8566000058769341,Tangram
REACTOME_TRANSPORT_OF_GAMMA_CARBOXYLATED_PROTEIN_PRECURSORS_FROM_THE_ENDOPLASMIC_RETICULUM_TO_THE_GOLGI_APPARATUS,CAM,0.11342412368185044,Tangram
REACTOME_TRANSPORT_TO_THE_GOLGI_AND_SUBSEQUENT_MODIFICATION,CAM,0.11314703371807641,Tangram
REACTOME_VESICLE_MEDIATED_TRANSPORT,CAM,0.11314703371807641,Tangram
REACTOME_ACTIVATION_OF_C3_AND_C5,Cortex_CCL21,0.866678451373466,Tangram
REACTOME_ADAPTIVE_IMMUNE_SYSTEM,Cortex_CCL21,0.865127511538739,Tangram
REACTOME_ALTERNATIVE_COMPLEMENT_ACTIVATION,Cortex_CCL21,0.865127511538739,Tangram
REACTOME_ASPARAGINE_N_LINKED_GLYCOSYLATION,Cortex_CCL21,0.119384505668562,Tangram
REACTOME_CARGO_CONCENTRATION_IN_THE_ER,Cortex_CCL21,0.119384505668562,Tangram
REACTOME_CLASS_A_1_RHODOPSIN_LIKE_RECEPTORS,Cortex_CCL21,0.865127511538739,Tangram
REACTOME_COMMON_PATHWAY_OF_FIBRIN_CLOT_FORMATION,Cortex_CCL21,0.119636251774749,Tangram
REACTOME_COMPLEMENT_CASCADE,Cortex_CCL21,0.86326599130884,Tangram
REACTOME_COPII_MEDIATED_VESICLE_TRANSPORT,Cortex_CCL21,0.119384505668562,Tangram
REACTOME_ER_TO_GOLGI_ANTEROGRADE_TRANSPORT,Cortex_CCL21,0.119384505668562,Tangram
REACTOME_EXTRINSIC_PATHWAY_OF_FIBRIN_CLOT_FORMATION,Cortex_CCL21,0.11961266883531,Tangram
REACTOME_FORMATION_OF_FIBRIN_CLOT_CLOTTING_CASCADE,Cortex_CCL21,0.11960148411468,Tangram
REACTOME_GAMMA_CARBOXYLATION_HYPUSINYLATION_HYDROXYLATION_AND_ARYLSULFATASE_ACTIVATION,Cortex_CCL21,0.119565502956432,Tangram
REACTOME_GAMMA_CARBOXYLATION_OF_PROTEIN_PRECURSORS,Cortex_CCL21,0.11966749116348,Tangram
REACTOME_GAMMA_CARBOXYLATION_TRANSPORT_AND_AMINO_TERMINAL_CLEAVAGE_OF_PROTEINS,Cortex_CCL21,0.11966749116348,Tangram
REACTOME_GPCR_LIGAND_BINDING,Cortex_CCL21,0.865127511538739,Tangram
REACTOME_G_ALPHA_I_SIGNALLING_EVENTS,Cortex_CCL21,0.865127511538739,Tangram
REACTOME_HEMOSTASIS,Cortex_CCL21,0.11960148411468,Tangram
REACTOME_IMMUNE_SYSTEM,Cortex_CCL21,0.86326599130884,Tangram
REACTOME_IMMUNOREGULATORY_INTERACTIONS_BETWEEN_A_LYMPHOID_AND_A_NON_LYMPHOID_CELL,Cortex_CCL21,0.865127511538739,Tangram
REACTOME_INITIAL_TRIGGERING_OF_COMPLEMENT,Cortex_CCL21,0.866678451373466,Tangram
REACTOME_INNATE_IMMUNE_SYSTEM,Cortex_CCL21,0.86326599130884,Tangram
REACTOME_INTRINSIC_PATHWAY_OF_FIBRIN_CLOT_FORMATION,Cortex_CCL21,0.119658073674341,Tangram
REACTOME_MEMBRANE_TRAFFICKING,Cortex_CCL21,0.119384505668562,Tangram
REACTOME_METABOLISM_OF_PROTEINS,Cortex_CCL21,0.268680130759461,Tangram
REACTOME_NEUTROPHIL_DEGRANULATION,Cortex_CCL21,0.865127511538739,Tangram
REACTOME_PEPTIDE_LIGAND_BINDING_RECEPTORS,Cortex_CCL21,0.865127511538739,Tangram
REACTOME_PLATELET_ACTIVATION_SIGNALING_AND_AGGREGATION,Cortex_CCL21,0.119384505668562,Tangram
REACTOME_POST_TRANSLATIONAL_PROTEIN_MODIFICATION,Cortex_CCL21,0.268680130759461,Tangram
REACTOME_REGULATION_OF_INSULIN_LIKE_GROWTH_FACTOR_IGF_TRANSPORT_AND_UPTAKE_BY_INSULIN_LIKE_GROWTH_FACTOR_BINDING_PROTEINS_IGFBPS,Cortex_CCL21,0.492288641596854,Tangram
REACTOME_RESPONSE_TO_ELEVATED_PLATELET_CYTOSOLIC_CA2,Cortex_CCL21,0.119384505668562,Tangram
REACTOME_SIGNALING_BY_GPCR,Cortex_CCL21,0.865127511538739,Tangram
REACTOME_TERMINAL_PATHWAY_OF_COMPLEMENT,Cortex_CCL21,0.860871621286307,Tangram
REACTOME_TRANSPORT_OF_GAMMA_CARBOXYLATED_PROTEIN_PRECURSORS_FROM_THE_ENDOPLASMIC_RETICULUM_TO_THE_GOLGI_APPARATUS,Cortex_CCL21,0.11966749116348,Tangram
REACTOME_TRANSPORT_TO_THE_GOLGI_AND_SUBSEQUENT_MODIFICATION,Cortex_CCL21,0.119384505668562,Tangram
REACTOME_VESICLE_MEDIATED_TRANSPORT,Cortex_CCL21,0.119384505668562,Tangram
REACTOME_ACTIVATION_OF_C3_AND_C5,Fibroblasts,0.8928284634345197,Tangram
REACTOME_ADAPTIVE_IMMUNE_SYSTEM,Fibroblasts,0.9153085387296912,Tangram
REACTOME_ALTERNATIVE_COMPLEMENT_ACTIVATION,Fibroblasts,0.9153085387296912,Tangram
REACTOME_ASPARAGINE_N_LINKED_GLYCOSYLATION,Fibroblasts,0.117497935702442,Tangram
REACTOME_CARGO_CONCENTRATION_IN_THE_ER,Fibroblasts,0.117497935702442,Tangram
REACTOME_CLASS_A_1_RHODOPSIN_LIKE_RECEPTORS,Fibroblasts,0.9153085387296912,Tangram
REACTOME_COMMON_PATHWAY_OF_FIBRIN_CLOT_FORMATION,Fibroblasts,0.11774961661961798,Tangram
REACTOME_COMPLEMENT_CASCADE,Fibroblasts,0.8730045442260751,Tangram
REACTOME_COPII_MEDIATED_VESICLE_TRANSPORT,Fibroblasts,0.117497935702442,Tangram
REACTOME_ER_TO_GOLGI_ANTEROGRADE_TRANSPORT,Fibroblasts,0.117497935702442,Tangram
REACTOME_EXTRINSIC_PATHWAY_OF_FIBRIN_CLOT_FORMATION,Fibroblasts,0.11772603368017902,Tangram
REACTOME_FORMATION_OF_FIBRIN_CLOT_CLOTTING_CASCADE,Fibroblasts,0.11771465336548399,Tangram
REACTOME_GAMMA_CARBOXYLATION_HYPUSINYLATION_HYDROXYLATION_AND_ARYLSULFATASE_ACTIVATION,Fibroblasts,0.11767886780130034,Tangram
REACTOME_GAMMA_CARBOXYLATION_OF_PROTEIN_PRECURSORS,Fibroblasts,0.11778092119736,Tangram
REACTOME_GAMMA_CARBOXYLATION_TRANSPORT_AND_AMINO_TERMINAL_CLEAVAGE_OF_PROTEINS,Fibroblasts,0.11778092119736,Tangram
REACTOME_GPCR_LIGAND_BINDING,Fibroblasts,0.9153085387296912,Tangram
REACTOME_G_ALPHA_I_SIGNALLING_EVENTS,Fibroblasts,0.9153085387296912,Tangram
REACTOME_HEMOSTASIS,Fibroblasts,0.11771465336548399,Tangram
REACTOME_IMMUNE_SYSTEM,Fibroblasts,0.8730045442260751,Tangram
REACTOME_IMMUNOREGULATORY_INTERACTIONS_BETWEEN_A_LYMPHOID_AND_A_NON_LYMPHOID_CELL,Fibroblasts,0.9153085387296912,Tangram
REACTOME_INITIAL_TRIGGERING_OF_COMPLEMENT,Fibroblasts,0.8928284634345197,Tangram
REACTOME_INNATE_IMMUNE_SYSTEM,Fibroblasts,0.8730045442260751,Tangram
REACTOME_INTRINSIC_PATHWAY_OF_FIBRIN_CLOT_FORMATION,Fibroblasts,0.11777137332569433,Tangram
REACTOME_MEMBRANE_TRAFFICKING,Fibroblasts,0.117497935702442,Tangram
REACTOME_METABOLISM_OF_PROTEINS,Fibroblasts,0.28602994285362865,Tangram
REACTOME_NEUTROPHIL_DEGRANULATION,Fibroblasts,0.9153085387296912,Tangram
REACTOME_PEPTIDE_LIGAND_BINDING_RECEPTORS,Fibroblasts,0.9153085387296912,Tangram
REACTOME_PLATELET_ACTIVATION_SIGNALING_AND_AGGREGATION,Fibroblasts,0.117497935702442,Tangram
REACTOME_POST_TRANSLATIONAL_PROTEIN_MODIFICATION,Fibroblasts,0.28602994285362865,Tangram
REACTOME_REGULATION_OF_INSULIN_LIKE_GROWTH_FACTOR_IGF_TRANSPORT_AND_UPTAKE_BY_INSULIN_LIKE_GROWTH_FACTOR_BINDING_PROTEINS_IGFBPS,Fibroblasts,0.5295036917768087,Tangram
REACTOME_RESPONSE_TO_ELEVATED_PLATELET_CYTOSOLIC_CA2,Fibroblasts,0.117497935702442,Tangram
REACTOME_SIGNALING_BY_GPCR,Fibroblasts,0.9153085387296912,Tangram
REACTOME_TERMINAL_PATHWAY_OF_COMPLEMENT,Fibroblasts,0.8585526322414584,Tangram
REACTOME_TRANSPORT_OF_GAMMA_CARBOXYLATED_PROTEIN_PRECURSORS_FROM_THE_ENDOPLASMIC_RETICULUM_TO_THE_GOLGI_APPARATUS,Fibroblasts,0.11778092119736,Tangram
REACTOME_TRANSPORT_TO_THE_GOLGI_AND_SUBSEQUENT_MODIFICATION,Fibroblasts,0.117497935702442,Tangram
REACTOME_VESICLE_MEDIATED_TRANSPORT,Fibroblasts,0.117497935702442,Tangram
REACTOME_ACTIVATION_OF_C3_AND_C5,M1_macrophages,0.8679582586168687,GraphST
REACTOME_ADAPTIVE_IMMUNE_SYSTEM,M1_macrophages,0.872388370367183,GraphST
REACTOME_ALTERNATIVE_COMPLEMENT_ACTIVATION,M1_macrophages,0.872388370367183,GraphST
REACTOME_ASPARAGINE_N_LINKED_GLYCOSYLATION,M1_macrophages,0.11837893533896994,GraphST
REACTOME_CARGO_CONCENTRATION_IN_THE_ER,M1_macrophages,0.11837893533896994,GraphST
REACTOME_CLASS_A_1_RHODOPSIN_LIKE_RECEPTORS,M1_macrophages,0.872388370367183,GraphST
REACTOME_COMMON_PATHWAY_OF_FIBRIN_CLOT_FORMATION,M1_macrophages,0.11720117789542527,GraphST
REACTOME_COMPLEMENT_CASCADE,M1_macrophages,0.8607023996198914,GraphST
REACTOME_COPII_MEDIATED_VESICLE_TRANSPORT,M1_macrophages,0.11837893533896994,GraphST
REACTOME_ER_TO_GOLGI_ANTEROGRADE_TRANSPORT,M1_macrophages,0.11837893533896994,GraphST
REACTOME_EXTRINSIC_PATHWAY_OF_FIBRIN_CLOT_FORMATION,M1_macrophages,0.11637822266960621,GraphST
REACTOME_FORMATION_OF_FIBRIN_CLOT_CLOTTING_CASCADE,M1_macrophages,0.11765239687910663,GraphST
REACTOME_GAMMA_CARBOXYLATION_HYPUSINYLATION_HYDROXYLATION_AND_ARYLSULFATASE_ACTIVATION,M1_macrophages,0.11586019095330642,GraphST
REACTOME_GAMMA_CARBOXYLATION_OF_PROTEIN_PRECURSORS,M1_macrophages,0.11329583312144681,GraphST
REACTOME_GAMMA_CARBOXYLATION_TRANSPORT_AND_AMINO_TERMINAL_CLEAVAGE_OF_PROTEINS,M1_macrophages,0.11329583312144681,GraphST
REACTOME_GPCR_LIGAND_BINDING,M1_macrophages,0.872388370367183,GraphST
REACTOME_G_ALPHA_I_SIGNALLING_EVENTS,M1_macrophages,0.872388370367183,GraphST
REACTOME_HEMOSTASIS,M1_macrophages,0.11765239687910663,GraphST
REACTOME_IMMUNE_SYSTEM,M1_macrophages,0.8607023996198914,GraphST
REACTOME_IMMUNOREGULATORY_INTERACTIONS_BETWEEN_A_LYMPHOID_AND_A_NON_LYMPHOID_CELL,M1_macrophages,0.872388370367183,GraphST
REACTOME_INITIAL_TRIGGERING_OF_COMPLEMENT,M1_macrophages,0.8679582586168687,GraphST
REACTOME_INNATE_IMMUNE_SYSTEM,M1_macrophages,0.8607023996198914,GraphST
REACTOME_INTRINSIC_PATHWAY_OF_FIBRIN_CLOT_FORMATION,M1_macrophages,0.11663111519393841,GraphST
REACTOME_MEMBRANE_TRAFFICKING,M1_macrophages,0.11837893533896994,GraphST
REACTOME_METABOLISM_OF_PROTEINS,M1_macrophages,0.2698846595461189,GraphST
REACTOME_NEUTROPHIL_DEGRANULATION,M1_macrophages,0.872388370367183,GraphST
REACTOME_PEPTIDE_LIGAND_BINDING_RECEPTORS,M1_macrophages,0.872388370367183,GraphST
REACTOME_PLATELET_ACTIVATION_SIGNALING_AND_AGGREGATION,M1_macrophages,0.11837893533896994,GraphST
REACTOME_POST_TRANSLATIONAL_PROTEIN_MODIFICATION,M1_macrophages,0.2698846595461189,GraphST
REACTOME_REGULATION_OF_INSULIN_LIKE_GROWTH_FACTOR_IGF_TRANSPORT_AND_UPTAKE_BY_INSULIN_LIKE_GROWTH_FACTOR_BINDING_PROTEINS_IGFBPS,M1_macrophages,0.4980212369175461,GraphST
REACTOME_RESPONSE_TO_ELEVATED_PLATELET_CYTOSOLIC_CA2,M1_macrophages,0.11837893533896994,GraphST
REACTOME_SIGNALING_BY_GPCR,M1_macrophages,0.872388370367183,GraphST
REACTOME_TERMINAL_PATHWAY_OF_COMPLEMENT,M1_macrophages,0.855321904698276,GraphST
REACTOME_TRANSPORT_OF_GAMMA_CARBOXYLATED_PROTEIN_PRECURSORS_FROM_THE_ENDOPLASMIC_RETICULUM_TO_THE_GOLGI_APPARATUS,M1_macrophages,0.11329583312144681,GraphST
REACTOME_TRANSPORT_TO_THE_GOLGI_AND_SUBSEQUENT_MODIFICATION,M1_macrophages,0.11837893533896994,GraphST
REACTOME_VESICLE_MEDIATED_TRANSPORT,M1_macrophages,0.11837893533896994,GraphST
REACTOME_ACTIVATION_OF_C3_AND_C5,Tumor,0.8620200612846679,GraphST
REACTOME_ADAPTIVE_IMMUNE_SYSTEM,Tumor,0.8634411837199095,GraphST
REACTOME_ALTERNATIVE_COMPLEMENT_ACTIVATION,Tumor,0.8634411837199095,GraphST
REACTOME_ASPARAGINE_N_LINKED_GLYCOSYLATION,Tumor,0.11556233054587615,GraphST
REACTOME_CARGO_CONCENTRATION_IN_THE_ER,Tumor,0.11556233054587615,GraphST
REACTOME_CLASS_A_1_RHODOPSIN_LIKE_RECEPTORS,Tumor,0.8634411837199095,GraphST
REACTOME_COMMON_PATHWAY_OF_FIBRIN_CLOT_FORMATION,Tumor,0.11455814875665037,GraphST
REACTOME_COMPLEMENT_CASCADE,Tumor,0.8566137634809674,GraphST
REACTOME_COPII_MEDIATED_VESICLE_TRANSPORT,Tumor,0.11556233054587615,GraphST
REACTOME_ER_TO_GOLGI_ANTEROGRADE_TRANSPORT,Tumor,0.11556233054587615,GraphST
REACTOME_EXTRINSIC_PATHWAY_OF_FIBRIN_CLOT_FORMATION,Tumor,0.11455672168653726,GraphST
REACTOME_FORMATION_OF_FIBRIN_CLOT_CLOTTING_CASCADE,Tumor,0.11597039634202182,GraphST
REACTOME_GAMMA_CARBOXYLATION_HYPUSINYLATION_HYDROXYLATION_AND_ARYLSULFATASE_ACTIVATION,Tumor,0.11312650508899705,GraphST
REACTOME_GAMMA_CARBOXYLATION_OF_PROTEIN_PRECURSORS,Tumor,0.11132820602605764,GraphST
REACTOME_GAMMA_CARBOXYLATION_TRANSPORT_AND_AMINO_TERMINAL_CLEAVAGE_OF_PROTEINS,Tumor,0.11132820602605764,GraphST
REACTOME_GPCR_LIGAND_BINDING,Tumor,0.8634411837199095,GraphST
REACTOME_G_ALPHA_I_SIGNALLING_EVENTS,Tumor,0.8634411837199095,GraphST
REACTOME_HEMOSTASIS,Tumor,0.11597039634202182,GraphST
REACTOME_IMMUNE_SYSTEM,Tumor,0.8566137634809674,GraphST
REACTOME_IMMUNOREGULATORY_INTERACTIONS_BETWEEN_A_LYMPHOID_AND_A_NON_LYMPHOID_CELL,Tumor,0.8634411837199095,GraphST
REACTOME_INITIAL_TRIGGERING_OF_COMPLEMENT,Tumor,0.8620200612846679,GraphST
REACTOME_INNATE_IMMUNE_SYSTEM,Tumor,0.8566137634809674,GraphST
REACTOME_INTRINSIC_PATHWAY_OF_FIBRIN_CLOT_FORMATION,Tumor,0.11483907030519379,GraphST
REACTOME_MEMBRANE_TRAFFICKING,Tumor,0.11556233054587615,GraphST
REACTOME_METABOLISM_OF_PROTEINS,Tumor,0.26503217609167673,GraphST
REACTOME_NEUTROPHIL_DEGRANULATION,Tumor,0.8634411837199095,GraphST
REACTOME_PEPTIDE_LIGAND_BINDING_RECEPTORS,Tumor,0.8634411837199095,GraphST
REACTOME_PLATELET_ACTIVATION_SIGNALING_AND_AGGREGATION,Tumor,0.11556233054587615,GraphST
REACTOME_POST_TRANSLATIONAL_PROTEIN_MODIFICATION,Tumor,0.26503217609167673,GraphST
REACTOME_REGULATION_OF_INSULIN_LIKE_GROWTH_FACTOR_IGF_TRANSPORT_AND_UPTAKE_BY_INSULIN_LIKE_GROWTH_FACTOR_BINDING_PROTEINS_IGFBPS,Tumor,0.49113076038957043,GraphST
REACTOME_RESPONSE_TO_ELEVATED_PLATELET_CYTOSOLIC_CA2,Tumor,0.11556233054587615,GraphST
REACTOME_SIGNALING_BY_GPCR,Tumor,0.8634411837199095,GraphST
REACTOME_TERMINAL_PATHWAY_OF_COMPLEMENT,Tumor,0.8526058957350346,GraphST
REACTOME_TRANSPORT_OF_GAMMA_CARBOXYLATED_PROTEIN_PRECURSORS_FROM_THE_ENDOPLASMIC_RETICULUM_TO_THE_GOLGI_APPARATUS,Tumor,0.11132820602605764,GraphST
REACTOME_TRANSPORT_TO_THE_GOLGI_AND_SUBSEQUENT_MODIFICATION,Tumor,0.11556233054587615,GraphST
REACTOME_VESICLE_MEDIATED_TRANSPORT,Tumor,0.11556233054587615,GraphST
REACTOME_ACTIVATION_OF_C3_AND_C5,Plasma_IgG,0.8562901539224681,GraphST
REACTOME_ADAPTIVE_IMMUNE_SYSTEM,Plasma_IgG,0.8561389475851934,GraphST
REACTOME_ALTERNATIVE_COMPLEMENT_ACTIVATION,Plasma_IgG,0.8561389475851934,GraphST
REACTOME_ASPARAGINE_N_LINKED_GLYCOSYLATION,Plasma_IgG,0.11405538343181582,GraphST
REACTOME_CARGO_CONCENTRATION_IN_THE_ER,Plasma_IgG,0.11405538343181582,GraphST
REACTOME_CLASS_A_1_RHODOPSIN_LIKE_RECEPTORS,Plasma_IgG,0.8561389475851934,GraphST
REACTOME_COMMON_PATHWAY_OF_FIBRIN_CLOT_FORMATION,Plasma_IgG,0.11261646481115735,GraphST
REACTOME_COMPLEMENT_CASCADE,Plasma_IgG,0.8515041499545452,GraphST
REACTOME_COPII_MEDIATED_VESICLE_TRANSPORT,Plasma_IgG,0.11405538343181582,GraphST
REACTOME_ER_TO_GOLGI_ANTEROGRADE_TRANSPORT,Plasma_IgG,0.11405538343181582,GraphST
REACTOME_EXTRINSIC_PATHWAY_OF_FIBRIN_CLOT_FORMATION,Plasma_IgG,0.11278565708812453,GraphST
REACTOME_FORMATION_OF_FIBRIN_CLOT_CLOTTING_CASCADE,Plasma_IgG,0.11545795087209505,GraphST
REACTOME_GAMMA_CARBOXYLATION_HYPUSINYLATION_HYDROXYLATION_AND_ARYLSULFATASE_ACTIVATION,Plasma_IgG,0.11144879424845543,GraphST
REACTOME_GAMMA_CARBOXYLATION_OF_PROTEIN_PRECURSORS,Plasma_IgG,0.10849967490651283,GraphST
REACTOME_GAMMA_CARBOXYLATION_TRANSPORT_AND_AMINO_TERMINAL_CLEAVAGE_OF_PROTEINS,Plasma_IgG,0.10849967490651283,GraphST
REACTOME_GPCR_LIGAND_BINDING,Plasma_IgG,0.8561389475851934,GraphST
REACTOME_G_ALPHA_I_SIGNALLING_EVENTS,Plasma_IgG,0.8561389475851934,GraphST
REACTOME_HEMOSTASIS,Plasma_IgG,0.11545795087209505,GraphST
REACTOME_IMMUNE_SYSTEM,Plasma_IgG,0.8515041499545452,GraphST
REACTOME_IMMUNOREGULATORY_INTERACTIONS_BETWEEN_A_LYMPHOID_AND_A_NON_LYMPHOID_CELL,Plasma_IgG,0.8561389475851934,GraphST
REACTOME_INITIAL_TRIGGERING_OF_COMPLEMENT,Plasma_IgG,0.8562901539224681,GraphST
REACTOME_INNATE_IMMUNE_SYSTEM,Plasma_IgG,0.8515041499545452,GraphST
REACTOME_INTRINSIC_PATHWAY_OF_FIBRIN_CLOT_FORMATION,Plasma_IgG,0.11481994332042868,GraphST
REACTOME_MEMBRANE_TRAFFICKING,Plasma_IgG,0.11405538343181582,GraphST
REACTOME_METABOLISM_OF_PROTEINS,Plasma_IgG,0.261233115055834,GraphST
REACTOME_NEUTROPHIL_DEGRANULATION,Plasma_IgG,0.8561389475851934,GraphST
REACTOME_PEPTIDE_LIGAND_BINDING_RECEPTORS,Plasma_IgG,0.8561389475851934,GraphST
REACTOME_PLATELET_ACTIVATION_SIGNALING_AND_AGGREGATION,Plasma_IgG,0.11405538343181582,GraphST
REACTOME_POST_TRANSLATIONAL_PROTEIN_MODIFICATION,Plasma_IgG,0.261233115055834,GraphST
REACTOME_REGULATION_OF_INSULIN_LIKE_GROWTH_FACTOR_IGF_TRANSPORT_AND_UPTAKE_BY_INSULIN_LIKE_GROWTH_FACTOR_BINDING_PROTEINS_IGFBPS,Plasma_IgG,0.4848239556464134,GraphST
REACTOME_RESPONSE_TO_ELEVATED_PLATELET_CYTOSOLIC_CA2,Plasma_IgG,0.11405538343181582,GraphST
REACTOME_SIGNALING_BY_GPCR,Plasma_IgG,0.8561389475851934,GraphST
REACTOME_TERMINAL_PATHWAY_OF_COMPLEMENT,Plasma_IgG,0.8480120695780599,GraphST
REACTOME_TRANSPORT_OF_GAMMA_CARBOXYLATED_PROTEIN_PRECURSORS_FROM_THE_ENDOPLASMIC_RETICULUM_TO_THE_GOLGI_APPARATUS,Plasma_IgG,0.10849967490651283,GraphST
REACTOME_TRANSPORT_TO_THE_GOLGI_AND_SUBSEQUENT_MODIFICATION,Plasma_IgG,0.11405538343181582,GraphST
REACTOME_VESICLE_MEDIATED_TRANSPORT,Plasma_IgG,0.11405538343181582,GraphST
REACTOME_ACTIVATION_OF_C3_AND_C5,unknown,0.8650140365315303,GraphST
REACTOME_ADAPTIVE_IMMUNE_SYSTEM,unknown,0.8661549941837938,GraphST
REACTOME_ALTERNATIVE_COMPLEMENT_ACTIVATION,unknown,0.8661549941837938,GraphST
REACTOME_ASPARAGINE_N_LINKED_GLYCOSYLATION,unknown,0.120241449268314,GraphST
REACTOME_CARGO_CONCENTRATION_IN_THE_ER,unknown,0.120241449268314,GraphST
REACTOME_CLASS_A_1_RHODOPSIN_LIKE_RECEPTORS,unknown,0.8661549941837938,GraphST
REACTOME_COMMON_PATHWAY_OF_FIBRIN_CLOT_FORMATION,unknown,0.11897277771836162,GraphST
REACTOME_COMPLEMENT_CASCADE,unknown,0.8603126293922156,GraphST
REACTOME_COPII_MEDIATED_VESICLE_TRANSPORT,unknown,0.120241449268314,GraphST
REACTOME_ER_TO_GOLGI_ANTEROGRADE_TRANSPORT,unknown,0.120241449268314,GraphST
REACTOME_EXTRINSIC_PATHWAY_OF_FIBRIN_CLOT_FORMATION,unknown,0.1152664322099528,GraphST
REACTOME_FORMATION_OF_FIBRIN_CLOT_CLOTTING_CASCADE,unknown,0.11726925335037434,GraphST
REACTOME_GAMMA_CARBOXYLATION_HYPUSINYLATION_HYDROXYLATION_AND_ARYLSULFATASE_ACTIVATION,unknown,0.11662093864778296,GraphST
REACTOME_GAMMA_CARBOXYLATION_OF_PROTEIN_PRECURSORS,unknown,0.11501387361032869,GraphST
REACTOME_GAMMA_CARBOXYLATION_TRANSPORT_AND_AMINO_TERMINAL_CLEAVAGE_OF_PROTEINS,unknown,0.11501387361032869,GraphST
REACTOME_GPCR_LIGAND_BINDING,unknown,0.8661549941837938,GraphST
REACTOME_G_ALPHA_I_SIGNALLING_EVENTS,unknown,0.8661549941837938,GraphST
REACTOME_HEMOSTASIS,unknown,0.11726925335037434,GraphST
REACTOME_IMMUNE_SYSTEM,unknown,0.8603126293922156,GraphST
REACTOME_IMMUNOREGULATORY_INTERACTIONS_BETWEEN_A_LYMPHOID_AND_A_NON_LYMPHOID_CELL,unknown,0.8661549941837938,GraphST
REACTOME_INITIAL_TRIGGERING_OF_COMPLEMENT,unknown,0.8650140365315303,GraphST
REACTOME_INNATE_IMMUNE_SYSTEM,unknown,0.8603126293922156,GraphST
REACTOME_INTRINSIC_PATHWAY_OF_FIBRIN_CLOT_FORMATION,unknown,0.11659056610259898,GraphST
REACTOME_MEMBRANE_TRAFFICKING,unknown,0.120241449268314,GraphST
REACTOME_METABOLISM_OF_PROTEINS,unknown,0.2686446572265414,GraphST
REACTOME_NEUTROPHIL_DEGRANULATION,unknown,0.8661549941837938,GraphST
REACTOME_PEPTIDE_LIGAND_BINDING_RECEPTORS,unknown,0.8661549941837938,GraphST
REACTOME_PLATELET_ACTIVATION_SIGNALING_AND_AGGREGATION,unknown,0.120241449268314,GraphST
REACTOME_POST_TRANSLATIONAL_PROTEIN_MODIFICATION,unknown,0.2686446572265414,GraphST
REACTOME_REGULATION_OF_INSULIN_LIKE_GROWTH_FACTOR_IGF_TRANSPORT_AND_UPTAKE_BY_INSULIN_LIKE_GROWTH_FACTOR_BINDING_PROTEINS_IGFBPS,unknown,0.4950860144922874,GraphST
REACTOME_RESPONSE_TO_ELEVATED_PLATELET_CYTOSOLIC_CA2,unknown,0.120241449268314,GraphST
REACTOME_SIGNALING_BY_GPCR,unknown,0.8661549941837938,GraphST
REACTOME_TERMINAL_PATHWAY_OF_COMPLEMENT,unknown,0.8568354792190782,GraphST
REACTOME_TRANSPORT_OF_GAMMA_CARBOXYLATED_PROTEIN_PRECURSORS_FROM_THE_ENDOPLASMIC_RETICULUM_TO_THE_GOLGI_APPARATUS,unknown,0.11501387361032869,GraphST
REACTOME_TRANSPORT_TO_THE_GOLGI_AND_SUBSEQUENT_MODIFICATION,unknown,0.120241449268314,GraphST
REACTOME_VESICLE_MEDIATED_TRANSPORT,unknown,0.120241449268314,GraphST
REACTOME_ACTIVATION_OF_C3_AND_C5,Germinal_Center_Plasma_IgM_B_cell,0.8714719073701763,GraphST
REACTOME_ADAPTIVE_IMMUNE_SYSTEM,Germinal_Center_Plasma_IgM_B_cell,0.8775132237458404,GraphST
REACTOME_ALTERNATIVE_COMPLEMENT_ACTIVATION,Germinal_Center_Plasma_IgM_B_cell,0.8775132237458404,GraphST
REACTOME_ASPARAGINE_N_LINKED_GLYCOSYLATION,Germinal_Center_Plasma_IgM_B_cell,0.11868463245414552,GraphST
REACTOME_CARGO_CONCENTRATION_IN_THE_ER,Germinal_Center_Plasma_IgM_B_cell,0.11868463245414552,GraphST
REACTOME_CLASS_A_1_RHODOPSIN_LIKE_RECEPTORS,Germinal_Center_Plasma_IgM_B_cell,0.8775132237458404,GraphST
REACTOME_COMMON_PATHWAY_OF_FIBRIN_CLOT_FORMATION,Germinal_Center_Plasma_IgM_B_cell,0.11767952178290879,GraphST
REACTOME_COMPLEMENT_CASCADE,Germinal_Center_Plasma_IgM_B_cell,0.8642155069014994,GraphST
REACTOME_COPII_MEDIATED_VESICLE_TRANSPORT,Germinal_Center_Plasma_IgM_B_cell,0.11868463245414552,GraphST
REACTOME_ER_TO_GOLGI_ANTEROGRADE_TRANSPORT,Germinal_Center_Plasma_IgM_B_cell,0.11868463245414552,GraphST
REACTOME_EXTRINSIC_PATHWAY_OF_FIBRIN_CLOT_FORMATION,Germinal_Center_Plasma_IgM_B_cell,0.11532649360179495,GraphST
REACTOME_FORMATION_OF_FIBRIN_CLOT_CLOTTING_CASCADE,Germinal_Center_Plasma_IgM_B_cell,0.11691090746458253,GraphST
REACTOME_GAMMA_CARBOXYLATION_HYPUSINYLATION_HYDROXYLATION_AND_ARYLSULFATASE_ACTIVATION,Germinal_Center_Plasma_IgM_B_cell,0.11551745562682462,GraphST
REACTOME_GAMMA_CARBOXYLATION_OF_PROTEIN_PRECURSORS,Germinal_Center_Plasma_IgM_B_cell,0.11455816177817757,GraphST
REACTOME_GAMMA_CARBOXYLATION_TRANSPORT_AND_AMINO_TERMINAL_CLEAVAGE_OF_PROTEINS,Germinal_Center_Plasma_IgM_B_cell,0.11455816177817757,GraphST
REACTOME_GPCR_LIGAND_BINDING,Germinal_Center_Plasma_IgM_B_cell,0.8775132237458404,GraphST
REACTOME_G_ALPHA_I_SIGNALLING_EVENTS,Germinal_Center_Plasma_IgM_B_cell,0.8775132237458404,GraphST
REACTOME_HEMOSTASIS,Germinal_Center_Plasma_IgM_B_cell,0.11691090746458253,GraphST
REACTOME_IMMUNE_SYSTEM,Germinal_Center_Plasma_IgM_B_cell,0.8642155069014994,GraphST
REACTOME_IMMUNOREGULATORY_INTERACTIONS_BETWEEN_A_LYMPHOID_AND_A_NON_LYMPHOID_CELL,Germinal_Center_Plasma_IgM_B_cell,0.8775132237458404,GraphST
REACTOME_INITIAL_TRIGGERING_OF_COMPLEMENT,Germinal_Center_Plasma_IgM_B_cell,0.8714719073701763,GraphST
REACTOME_INNATE_IMMUNE_SYSTEM,Germinal_Center_Plasma_IgM_B_cell,0.8642155069014994,GraphST
REACTOME_INTRINSIC_PATHWAY_OF_FIBRIN_CLOT_FORMATION,Germinal_Center_Plasma_IgM_B_cell,0.11598319238868521,GraphST
REACTOME_MEMBRANE_TRAFFICKING,Germinal_Center_Plasma_IgM_B_cell,0.11868463245414552,GraphST
REACTOME_METABOLISM_OF_PROTEINS,Germinal_Center_Plasma_IgM_B_cell,0.27203223624519207,GraphST
REACTOME_NEUTROPHIL_DEGRANULATION,Germinal_Center_Plasma_IgM_B_cell,0.8775132237458404,GraphST
REACTOME_PEPTIDE_LIGAND_BINDING_RECEPTORS,Germinal_Center_Plasma_IgM_B_cell,0.8775132237458404,GraphST
REACTOME_PLATELET_ACTIVATION_SIGNALING_AND_AGGREGATION,Germinal_Center_Plasma_IgM_B_cell,0.11868463245414552,GraphST
REACTOME_POST_TRANSLATIONAL_PROTEIN_MODIFICATION,Germinal_Center_Plasma_IgM_B_cell,0.27203223624519207,GraphST
REACTOME_REGULATION_OF_INSULIN_LIKE_GROWTH_FACTOR_IGF_TRANSPORT_AND_UPTAKE_BY_INSULIN_LIKE_GROWTH_FACTOR_BINDING_PROTEINS_IGFBPS,Germinal_Center_Plasma_IgM_B_cell,0.5032360330688845,GraphST
REACTOME_RESPONSE_TO_ELEVATED_PLATELET_CYTOSOLIC_CA2,Germinal_Center_Plasma_IgM_B_cell,0.11868463245414552,GraphST
REACTOME_SIGNALING_BY_GPCR,Germinal_Center_Plasma_IgM_B_cell,0.8775132237458404,GraphST
REACTOME_TERMINAL_PATHWAY_OF_COMPLEMENT,Germinal_Center_Plasma_IgM_B_cell,0.8587437320533764,GraphST
REACTOME_TRANSPORT_OF_GAMMA_CARBOXYLATED_PROTEIN_PRECURSORS_FROM_THE_ENDOPLASMIC_RETICULUM_TO_THE_GOLGI_APPARATUS,Germinal_Center_Plasma_IgM_B_cell,0.11455816177817757,GraphST
REACTOME_TRANSPORT_TO_THE_GOLGI_AND_SUBSEQUENT_MODIFICATION,Germinal_Center_Plasma_IgM_B_cell,0.11868463245414552,GraphST
REACTOME_VESICLE_MEDIATED_TRANSPORT,Germinal_Center_Plasma_IgM_B_cell,0.11868463245414552,GraphST
REACTOME_ACTIVATION_OF_C3_AND_C5,High_Endothelial_Venules,0.8612412977757948,GraphST
REACTOME_ADAPTIVE_IMMUNE_SYSTEM,High_Endothelial_Venules,0.859697914964154,GraphST
REACTOME_ALTERNATIVE_COMPLEMENT_ACTIVATION,High_Endothelial_Venules,0.859697914964154,GraphST
REACTOME_ASPARAGINE_N_LINKED_GLYCOSYLATION,High_Endothelial_Venules,0.11493337965474694,GraphST
REACTOME_CARGO_CONCENTRATION_IN_THE_ER,High_Endothelial_Venules,0.11493337965474694,GraphST
REACTOME_CLASS_A_1_RHODOPSIN_LIKE_RECEPTORS,High_Endothelial_Venules,0.859697914964154,GraphST
REACTOME_COMMON_PATHWAY_OF_FIBRIN_CLOT_FORMATION,High_Endothelial_Venules,0.11518398933313484,GraphST
REACTOME_COMPLEMENT_CASCADE,High_Endothelial_Venules,0.864145433875505,GraphST
REACTOME_COPII_MEDIATED_VESICLE_TRANSPORT,High_Endothelial_Venules,0.11493337965474694,GraphST
REACTOME_ER_TO_GOLGI_ANTEROGRADE_TRANSPORT,High_Endothelial_Venules,0.11493337965474694,GraphST
REACTOME_EXTRINSIC_PATHWAY_OF_FIBRIN_CLOT_FORMATION,High_Endothelial_Venules,0.11516040639369583,GraphST
REACTOME_FORMATION_OF_FIBRIN_CLOT_CLOTTING_CASCADE,High_Endothelial_Venules,0.11514925145362064,GraphST
REACTOME_GAMMA_CARBOXYLATION_HYPUSINYLATION_HYDROXYLATION_AND_ARYLSULFATASE_ACTIVATION,High_Endothelial_Venules,0.11511324051481747,GraphST
REACTOME_GAMMA_CARBOXYLATION_OF_PROTEIN_PRECURSORS,High_Endothelial_Venules,0.11521489126687884,GraphST
REACTOME_GAMMA_CARBOXYLATION_TRANSPORT_AND_AMINO_TERMINAL_CLEAVAGE_OF_PROTEINS,High_Endothelial_Venules,0.11521489126687884,GraphST
REACTOME_GPCR_LIGAND_BINDING,High_Endothelial_Venules,0.859697914964154,GraphST
REACTOME_G_ALPHA_I_SIGNALLING_EVENTS,High_Endothelial_Venules,0.859697914964154,GraphST
REACTOME_HEMOSTASIS,High_Endothelial_Venules,0.11514925145362064,GraphST
REACTOME_IMMUNE_SYSTEM,High_Endothelial_Venules,0.864145433875505,GraphST
REACTOME_IMMUNOREGULATORY_INTERACTIONS_BETWEEN_A_LYMPHOID_AND_A_NON_LYMPHOID_CELL,High_Endothelial_Venules,0.859697914964154,GraphST
REACTOME_INITIAL_TRIGGERING_OF_COMPLEMENT,High_Endothelial_Venules,0.8612412977757948,GraphST
REACTOME_INNATE_IMMUNE_SYSTEM,High_Endothelial_Venules,0.864145433875505,GraphST
REACTOME_INTRINSIC_PATHWAY_OF_FIBRIN_CLOT_FORMATION,High_Endothelial_Venules,0.11520590304692857,GraphST
REACTOME_MEMBRANE_TRAFFICKING,High_Endothelial_Venules,0.11493337965474694,GraphST
REACTOME_METABOLISM_OF_PROTEINS,High_Endothelial_Venules,0.2640322017580902,GraphST
REACTOME_NEUTROPHIL_DEGRANULATION,High_Endothelial_Venules,0.859697914964154,GraphST
REACTOME_PEPTIDE_LIGAND_BINDING_RECEPTORS,High_Endothelial_Venules,0.859697914964154,GraphST
REACTOME_PLATELET_ACTIVATION_SIGNALING_AND_AGGREGATION,High_Endothelial_Venules,0.11493337965474694,GraphST
REACTOME_POST_TRANSLATIONAL_PROTEIN_MODIFICATION,High_Endothelial_Venules,0.2640322017580902,GraphST
REACTOME_REGULATION_OF_INSULIN_LIKE_GROWTH_FACTOR_IGF_TRANSPORT_AND_UPTAKE_BY_INSULIN_LIKE_GROWTH_FACTOR_BINDING_PROTEINS_IGFBPS,High_Endothelial_Venules,0.48734818649807593,GraphST
REACTOME_RESPONSE_TO_ELEVATED_PLATELET_CYTOSOLIC_CA2,High_Endothelial_Venules,0.11493337965474694,GraphST
REACTOME_SIGNALING_BY_GPCR,High_Endothelial_Venules,0.859697914964154,GraphST
REACTOME_TERMINAL_PATHWAY_OF_COMPLEMENT,High_Endothelial_Venules,0.8657344787670013,GraphST
REACTOME_TRANSPORT_OF_GAMMA_CARBOXYLATED_PROTEIN_PRECURSORS_FROM_THE_ENDOPLASMIC_RETICULUM_TO_THE_GOLGI_APPARATUS,High_Endothelial_Venules,0.11521489126687884,GraphST
REACTOME_TRANSPORT_TO_THE_GOLGI_AND_SUBSEQUENT_MODIFICATION,High_Endothelial_Venules,0.11493337965474694,GraphST
REACTOME_VESICLE_MEDIATED_TRANSPORT,High_Endothelial_Venules,0.11493337965474694,GraphST
REACTOME_ACTIVATION_OF_C3_AND_C5,Tumor,0.8604108930341654,SToFM
REACTOME_ADAPTIVE_IMMUNE_SYSTEM,Tumor,0.8616506727746714,SToFM
REACTOME_ALTERNATIVE_COMPLEMENT_ACTIVATION,Tumor,0.8616506727746714,SToFM
REACTOME_ASPARAGINE_N_LINKED_GLYCOSYLATION,Tumor,0.11570067954258703,SToFM
REACTOME_CARGO_CONCENTRATION_IN_THE_ER,Tumor,0.11570067954258703,SToFM
REACTOME_CLASS_A_1_RHODOPSIN_LIKE_RECEPTORS,Tumor,0.8616506727746714,SToFM
REACTOME_COMMON_PATHWAY_OF_FIBRIN_CLOT_FORMATION,Tumor,0.11444661363990057,SToFM
REACTOME_COMPLEMENT_CASCADE,Tumor,0.8550765446675818,SToFM
REACTOME_COPII_MEDIATED_VESICLE_TRANSPORT,Tumor,0.11570067954258703,SToFM
REACTOME_ER_TO_GOLGI_ANTEROGRADE_TRANSPORT,Tumor,0.11570067954258703,SToFM
REACTOME_EXTRINSIC_PATHWAY_OF_FIBRIN_CLOT_FORMATION,Tumor,0.1150638818298237,SToFM
REACTOME_FORMATION_OF_FIBRIN_CLOT_CLOTTING_CASCADE,Tumor,0.11690960466744013,SToFM
REACTOME_GAMMA_CARBOXYLATION_HYPUSINYLATION_HYDROXYLATION_AND_ARYLSULFATASE_ACTIVATION,Tumor,0.11324596901000544,SToFM
REACTOME_GAMMA_CARBOXYLATION_OF_PROTEIN_PRECURSORS,Tumor,0.11063199357316117,SToFM
REACTOME_GAMMA_CARBOXYLATION_TRANSPORT_AND_AMINO_TERMINAL_CLEAVAGE_OF_PROTEINS,Tumor,0.11063199357316117,SToFM
REACTOME_GPCR_LIGAND_BINDING,Tumor,0.8616506727746714,SToFM
REACTOME_G_ALPHA_I_SIGNALLING_EVENTS,Tumor,0.8616506727746714,SToFM
REACTOME_HEMOSTASIS,Tumor,0.11690960466744013,SToFM
REACTOME_IMMUNE_SYSTEM,Tumor,0.8550765446675818,SToFM
REACTOME_IMMUNOREGULATORY_INTERACTIONS_BETWEEN_A_LYMPHOID_AND_A_NON_LYMPHOID_CELL,Tumor,0.8616506727746714,SToFM
REACTOME_INITIAL_TRIGGERING_OF_COMPLEMENT,Tumor,0.8604108930341654,SToFM
REACTOME_INNATE_IMMUNE_SYSTEM,Tumor,0.8550765446675818,SToFM
REACTOME_INTRINSIC_PATHWAY_OF_FIBRIN_CLOT_FORMATION,Tumor,0.11582924646422658,SToFM
REACTOME_MEMBRANE_TRAFFICKING,Tumor,0.11570067954258703,SToFM
REACTOME_METABOLISM_OF_PROTEINS,Tumor,0.2643242952066416,SToFM
REACTOME_NEUTROPHIL_DEGRANULATION,Tumor,0.8616506727746714,SToFM
REACTOME_PEPTIDE_LIGAND_BINDING_RECEPTORS,Tumor,0.8616506727746714,SToFM
REACTOME_PLATELET_ACTIVATION_SIGNALING_AND_AGGREGATION,Tumor,0.11570067954258703,SToFM
REACTOME_POST_TRANSLATIONAL_PROTEIN_MODIFICATION,Tumor,0.2643242952066416,SToFM
REACTOME_REGULATION_OF_INSULIN_LIKE_GROWTH_FACTOR_IGF_TRANSPORT_AND_UPTAKE_BY_INSULIN_LIKE_GROWTH_FACTOR_BINDING_PROTEINS_IGFBPS,Tumor,0.48936314089498784,SToFM
REACTOME_RESPONSE_TO_ELEVATED_PLATELET_CYTOSOLIC_CA2,Tumor,0.11570067954258703,SToFM
REACTOME_SIGNALING_BY_GPCR,Tumor,0.8616506727746714,SToFM
REACTOME_TERMINAL_PATHWAY_OF_COMPLEMENT,Tumor,0.8511548555281241,SToFM
REACTOME_TRANSPORT_OF_GAMMA_CARBOXYLATED_PROTEIN_PRECURSORS_FROM_THE_ENDOPLASMIC_RETICULUM_TO_THE_GOLGI_APPARATUS,Tumor,0.11063199357316117,SToFM
REACTOME_TRANSPORT_TO_THE_GOLGI_AND_SUBSEQUENT_MODIFICATION,Tumor,0.11570067954258703,SToFM
REACTOME_VESICLE_MEDIATED_TRANSPORT,Tumor,0.11570067954258703,SToFM
REACTOME_ACTIVATION_OF_C3_AND_C5,Plasma_IgG,0.8586638907538986,SToFM
REACTOME_ADAPTIVE_IMMUNE_SYSTEM,Plasma_IgG,0.8581341199467717,SToFM
REACTOME_ALTERNATIVE_COMPLEMENT_ACTIVATION,Plasma_IgG,0.8581341199467717,SToFM
REACTOME_ASPARAGINE_N_LINKED_GLYCOSYLATION,Plasma_IgG,0.11384750732578033,SToFM
REACTOME_CARGO_CONCENTRATION_IN_THE_ER,Plasma_IgG,0.11384750732578033,SToFM
REACTOME_CLASS_A_1_RHODOPSIN_LIKE_RECEPTORS,Plasma_IgG,0.8581341199467717,SToFM
REACTOME_COMMON_PATHWAY_OF_FIBRIN_CLOT_FORMATION,Plasma_IgG,0.11316213593990421,SToFM
REACTOME_COMPLEMENT_CASCADE,Plasma_IgG,0.8539262853531019,SToFM
REACTOME_COPII_MEDIATED_VESICLE_TRANSPORT,Plasma_IgG,0.11384750732578033,SToFM
REACTOME_ER_TO_GOLGI_ANTEROGRADE_TRANSPORT,Plasma_IgG,0.11384750732578033,SToFM
REACTOME_EXTRINSIC_PATHWAY_OF_FIBRIN_CLOT_FORMATION,Plasma_IgG,0.11588365054511644,SToFM
REACTOME_FORMATION_OF_FIBRIN_CLOT_CLOTTING_CASCADE,Plasma_IgG,0.11700192696987204,SToFM
REACTOME_GAMMA_CARBOXYLATION_HYPUSINYLATION_HYDROXYLATION_AND_ARYLSULFATASE_ACTIVATION,Plasma_IgG,0.11232295085657681,SToFM
REACTOME_GAMMA_CARBOXYLATION_OF_PROTEIN_PRECURSORS,Plasma_IgG,0.11076615310330795,SToFM
REACTOME_GAMMA_CARBOXYLATION_TRANSPORT_AND_AMINO_TERMINAL_CLEAVAGE_OF_PROTEINS,Plasma_IgG,0.11076615310330795,SToFM
REACTOME_GPCR_LIGAND_BINDING,Plasma_IgG,0.8581341199467717,SToFM
REACTOME_G_ALPHA_I_SIGNALLING_EVENTS,Plasma_IgG,0.8581341199467717,SToFM
REACTOME_HEMOSTASIS,Plasma_IgG,0.11700192696987204,SToFM
REACTOME_IMMUNE_SYSTEM,Plasma_IgG,0.8539262853531019,SToFM
REACTOME_IMMUNOREGULATORY_INTERACTIONS_BETWEEN_A_LYMPHOID_AND_A_NON_LYMPHOID_CELL,Plasma_IgG,0.8581341199467717,SToFM
REACTOME_INITIAL_TRIGGERING_OF_COMPLEMENT,Plasma_IgG,0.8586638907538986,SToFM
REACTOME_INNATE_IMMUNE_SYSTEM,Plasma_IgG,0.8539262853531019,SToFM
REACTOME_INTRINSIC_PATHWAY_OF_FIBRIN_CLOT_FORMATION,Plasma_IgG,0.11562746470047137,SToFM
REACTOME_MEMBRANE_TRAFFICKING,Plasma_IgG,0.11384750732578033,SToFM
REACTOME_METABOLISM_OF_PROTEINS,Plasma_IgG,0.26227222735561373,SToFM
REACTOME_NEUTROPHIL_DEGRANULATION,Plasma_IgG,0.8581341199467717,SToFM
REACTOME_PEPTIDE_LIGAND_BINDING_RECEPTORS,Plasma_IgG,0.8581341199467717,SToFM
REACTOME_PLATELET_ACTIVATION_SIGNALING_AND_AGGREGATION,Plasma_IgG,0.11384750732578033,SToFM
REACTOME_POST_TRANSLATIONAL_PROTEIN_MODIFICATION,Plasma_IgG,0.26227222735561373,SToFM
REACTOME_REGULATION_OF_INSULIN_LIKE_GROWTH_FACTOR_IGF_TRANSPORT_AND_UPTAKE_BY_INSULIN_LIKE_GROWTH_FACTOR_BINDING_PROTEINS_IGFBPS,Plasma_IgG,0.4863093074920667,SToFM
REACTOME_RESPONSE_TO_ELEVATED_PLATELET_CYTOSOLIC_CA2,Plasma_IgG,0.11384750732578033,SToFM
REACTOME_SIGNALING_BY_GPCR,Plasma_IgG,0.8581341199467717,SToFM
REACTOME_TERMINAL_PATHWAY_OF_COMPLEMENT,Plasma_IgG,0.8504938567564023,SToFM
REACTOME_TRANSPORT_OF_GAMMA_CARBOXYLATED_PROTEIN_PRECURSORS_FROM_THE_ENDOPLASMIC_RETICULUM_TO_THE_GOLGI_APPARATUS,Plasma_IgG,0.11076615310330795,SToFM
REACTOME_TRANSPORT_TO_THE_GOLGI_AND_SUBSEQUENT_MODIFICATION,Plasma_IgG,0.11384750732578033,SToFM
REACTOME_VESICLE_MEDIATED_TRANSPORT,Plasma_IgG,0.11384750732578033,SToFM
REACTOME_ACTIVATION_OF_C3_AND_C5,M1_macrophages,0.8642191248224089,SToFM
REACTOME_ADAPTIVE_IMMUNE_SYSTEM,M1_macrophages,0.8660951803894078,SToFM
REACTOME_ALTERNATIVE_COMPLEMENT_ACTIVATION,M1_macrophages,0.8660951803894078,SToFM
REACTOME_ASPARAGINE_N_LINKED_GLYCOSYLATION,M1_macrophages,0.11737187020598083,SToFM
REACTOME_CARGO_CONCENTRATION_IN_THE_ER,M1_macrophages,0.11737187020598083,SToFM
REACTOME_CLASS_A_1_RHODOPSIN_LIKE_RECEPTORS,M1_macrophages,0.8660951803894078,SToFM
REACTOME_COMMON_PATHWAY_OF_FIBRIN_CLOT_FORMATION,M1_macrophages,0.11637165706000673,SToFM
REACTOME_COMPLEMENT_CASCADE,M1_macrophages,0.8586187841304708,SToFM
REACTOME_COPII_MEDIATED_VESICLE_TRANSPORT,M1_macrophages,0.11737187020598083,SToFM
REACTOME_ER_TO_GOLGI_ANTEROGRADE_TRANSPORT,M1_macrophages,0.11737187020598083,SToFM
REACTOME_EXTRINSIC_PATHWAY_OF_FIBRIN_CLOT_FORMATION,M1_macrophages,0.11420192491109234,SToFM
REACTOME_FORMATION_OF_FIBRIN_CLOT_CLOTTING_CASCADE,M1_macrophages,0.11587452981796957,SToFM
REACTOME_GAMMA_CARBOXYLATION_HYPUSINYLATION_HYDROXYLATION_AND_ARYLSULFATASE_ACTIVATION,M1_macrophages,0.11461564556747791,SToFM
REACTOME_GAMMA_CARBOXYLATION_OF_PROTEIN_PRECURSORS,M1_macrophages,0.11297425164946773,SToFM
REACTOME_GAMMA_CARBOXYLATION_TRANSPORT_AND_AMINO_TERMINAL_CLEAVAGE_OF_PROTEINS,M1_macrophages,0.11297425164946773,SToFM
REACTOME_GPCR_LIGAND_BINDING,M1_macrophages,0.8660951803894078,SToFM
REACTOME_G_ALPHA_I_SIGNALLING_EVENTS,M1_macrophages,0.8660951803894078,SToFM
REACTOME_HEMOSTASIS,M1_macrophages,0.11587452981796957,SToFM
REACTOME_IMMUNE_SYSTEM,M1_macrophages,0.8586187841304708,SToFM
REACTOME_IMMUNOREGULATORY_INTERACTIONS_BETWEEN_A_LYMPHOID_AND_A_NON_LYMPHOID_CELL,M1_macrophages,0.8660951803894078,SToFM
REACTOME_INITIAL_TRIGGERING_OF_COMPLEMENT,M1_macrophages,0.8642191248224089,SToFM
REACTOME_INNATE_IMMUNE_SYSTEM,M1_macrophages,0.8586187841304708,SToFM
REACTOME_INTRINSIC_PATHWAY_OF_FIBRIN_CLOT_FORMATION,M1_macrophages,0.11522439364018762,SToFM
REACTOME_MEMBRANE_TRAFFICKING,M1_macrophages,0.11737187020598083,SToFM
REACTOME_METABOLISM_OF_PROTEINS,M1_macrophages,0.26708280507136406,SToFM
REACTOME_NEUTROPHIL_DEGRANULATION,M1_macrophages,0.8660951803894078,SToFM
REACTOME_PEPTIDE_LIGAND_BINDING_RECEPTORS,M1_macrophages,0.8660951803894078,SToFM
REACTOME_PLATELET_ACTIVATION_SIGNALING_AND_AGGREGATION,M1_macrophages,0.11737187020598083,SToFM
REACTOME_POST_TRANSLATIONAL_PROTEIN_MODIFICATION,M1_macrophages,0.26708280507136406,SToFM
REACTOME_REGULATION_OF_INSULIN_LIKE_GROWTH_FACTOR_IGF_TRANSPORT_AND_UPTAKE_BY_INSULIN_LIKE_GROWTH_FACTOR_BINDING_PROTEINS_IGFBPS,M1_macrophages,0.49383407809073404,SToFM
REACTOME_RESPONSE_TO_ELEVATED_PLATELET_CYTOSOLIC_CA2,M1_macrophages,0.11737187020598083,SToFM
REACTOME_SIGNALING_BY_GPCR,M1_macrophages,0.8660951803894078,SToFM
REACTOME_TERMINAL_PATHWAY_OF_COMPLEMENT,M1_macrophages,0.8544687248258993,SToFM
REACTOME_TRANSPORT_OF_GAMMA_CARBOXYLATED_PROTEIN_PRECURSORS_FROM_THE_ENDOPLASMIC_RETICULUM_TO_THE_GOLGI_APPARATUS,M1_macrophages,0.11297425164946773,SToFM
REACTOME_TRANSPORT_TO_THE_GOLGI_AND_SUBSEQUENT_MODIFICATION,M1_macrophages,0.11737187020598083,SToFM
REACTOME_VESICLE_MEDIATED_TRANSPORT,M1_macrophages,0.11737187020598083,SToFM
REACTOME_ACTIVATION_OF_C3_AND_C5,Germinal_Center_Plasma_IgM_B_cell,0.864788586864351,SToFM
REACTOME_ADAPTIVE_IMMUNE_SYSTEM,Germinal_Center_Plasma_IgM_B_cell,0.867121324186511,SToFM
REACTOME_ALTERNATIVE_COMPLEMENT_ACTIVATION,Germinal_Center_Plasma_IgM_B_cell,0.867121324186511,SToFM
REACTOME_ASPARAGINE_N_LINKED_GLYCOSYLATION,Germinal_Center_Plasma_IgM_B_cell,0.11960009670246917,SToFM
REACTOME_CARGO_CONCENTRATION_IN_THE_ER,Germinal_Center_Plasma_IgM_B_cell,0.11960009670246917,SToFM
REACTOME_CLASS_A_1_RHODOPSIN_LIKE_RECEPTORS,Germinal_Center_Plasma_IgM_B_cell,0.867121324186511,SToFM
REACTOME_COMMON_PATHWAY_OF_FIBRIN_CLOT_FORMATION,Germinal_Center_Plasma_IgM_B_cell,0.11777852349326516,SToFM
REACTOME_COMPLEMENT_CASCADE,Germinal_Center_Plasma_IgM_B_cell,0.8595372897842845,SToFM
REACTOME_COPII_MEDIATED_VESICLE_TRANSPORT,Germinal_Center_Plasma_IgM_B_cell,0.11960009670246917,SToFM
REACTOME_ER_TO_GOLGI_ANTEROGRADE_TRANSPORT,Germinal_Center_Plasma_IgM_B_cell,0.11960009670246917,SToFM
REACTOME_EXTRINSIC_PATHWAY_OF_FIBRIN_CLOT_FORMATION,Germinal_Center_Plasma_IgM_B_cell,0.11386583649186534,SToFM
REACTOME_FORMATION_OF_FIBRIN_CLOT_CLOTTING_CASCADE,Germinal_Center_Plasma_IgM_B_cell,0.11651884141810555,SToFM
REACTOME_GAMMA_CARBOXYLATION_HYPUSINYLATION_HYDROXYLATION_AND_ARYLSULFATASE_ACTIVATION,Germinal_Center_Plasma_IgM_B_cell,0.11522550213899219,SToFM
REACTOME_GAMMA_CARBOXYLATION_OF_PROTEIN_PRECURSORS,Germinal_Center_Plasma_IgM_B_cell,0.11287847395371643,SToFM
REACTOME_GAMMA_CARBOXYLATION_TRANSPORT_AND_AMINO_TERMINAL_CLEAVAGE_OF_PROTEINS,Germinal_Center_Plasma_IgM_B_cell,0.11287847395371643,SToFM
REACTOME_GPCR_LIGAND_BINDING,Germinal_Center_Plasma_IgM_B_cell,0.867121324186511,SToFM
REACTOME_G_ALPHA_I_SIGNALLING_EVENTS,Germinal_Center_Plasma_IgM_B_cell,0.867121324186511,SToFM
REACTOME_HEMOSTASIS,Germinal_Center_Plasma_IgM_B_cell,0.11651884141810555,SToFM
REACTOME_IMMUNE_SYSTEM,Germinal_Center_Plasma_IgM_B_cell,0.8595372897842845,SToFM
REACTOME_IMMUNOREGULATORY_INTERACTIONS_BETWEEN_A_LYMPHOID_AND_A_NON_LYMPHOID_CELL,Germinal_Center_Plasma_IgM_B_cell,0.867121324186511,SToFM
REACTOME_INITIAL_TRIGGERING_OF_COMPLEMENT,Germinal_Center_Plasma_IgM_B_cell,0.864788586864351,SToFM
REACTOME_INNATE_IMMUNE_SYSTEM,Germinal_Center_Plasma_IgM_B_cell,0.8595372897842845,SToFM
REACTOME_INTRINSIC_PATHWAY_OF_FIBRIN_CLOT_FORMATION,Germinal_Center_Plasma_IgM_B_cell,0.11573140435405341,SToFM
REACTOME_MEMBRANE_TRAFFICKING,Germinal_Center_Plasma_IgM_B_cell,0.11960009670246917,SToFM
REACTOME_METABOLISM_OF_PROTEINS,Germinal_Center_Plasma_IgM_B_cell,0.26829091805981226,SToFM
REACTOME_NEUTROPHIL_DEGRANULATION,Germinal_Center_Plasma_IgM_B_cell,0.867121324186511,SToFM
REACTOME_PEPTIDE_LIGAND_BINDING_RECEPTORS,Germinal_Center_Plasma_IgM_B_cell,0.867121324186511,SToFM
REACTOME_PLATELET_ACTIVATION_SIGNALING_AND_AGGREGATION,Germinal_Center_Plasma_IgM_B_cell,0.11960009670246917,SToFM
REACTOME_POST_TRANSLATIONAL_PROTEIN_MODIFICATION,Germinal_Center_Plasma_IgM_B_cell,0.26829091805981226,SToFM
REACTOME_REGULATION_OF_INSULIN_LIKE_GROWTH_FACTOR_IGF_TRANSPORT_AND_UPTAKE_BY_INSULIN_LIKE_GROWTH_FACTOR_BINDING_PROTEINS_IGFBPS,Germinal_Center_Plasma_IgM_B_cell,0.49571175169315324,SToFM
REACTOME_RESPONSE_TO_ELEVATED_PLATELET_CYTOSOLIC_CA2,Germinal_Center_Plasma_IgM_B_cell,0.11960009670246917,SToFM
REACTOME_SIGNALING_BY_GPCR,Germinal_Center_Plasma_IgM_B_cell,0.867121324186511,SToFM
REACTOME_TERMINAL_PATHWAY_OF_COMPLEMENT,Germinal_Center_Plasma_IgM_B_cell,0.8555986005435775,SToFM
REACTOME_TRANSPORT_OF_GAMMA_CARBOXYLATED_PROTEIN_PRECURSORS_FROM_THE_ENDOPLASMIC_RETICULUM_TO_THE_GOLGI_APPARATUS,Germinal_Center_Plasma_IgM_B_cell,0.11287847395371643,SToFM
REACTOME_TRANSPORT_TO_THE_GOLGI_AND_SUBSEQUENT_MODIFICATION,Germinal_Center_Plasma_IgM_B_cell,0.11960009670246917,SToFM
REACTOME_VESICLE_MEDIATED_TRANSPORT,Germinal_Center_Plasma_IgM_B_cell,0.11960009670246917,SToFM
REACTOME_ACTIVATION_OF_C3_AND_C5,unknown,0.8682231017842525,SToFM
REACTOME_ADAPTIVE_IMMUNE_SYSTEM,unknown,0.8739422051308334,SToFM
REACTOME_ALTERNATIVE_COMPLEMENT_ACTIVATION,unknown,0.8739422051308334,SToFM
REACTOME_ASPARAGINE_N_LINKED_GLYCOSYLATION,unknown,0.11381676605604932,SToFM
REACTOME_CARGO_CONCENTRATION_IN_THE_ER,unknown,0.11381676605604932,SToFM
REACTOME_CLASS_A_1_RHODOPSIN_LIKE_RECEPTORS,unknown,0.8739422051308334,SToFM
REACTOME_COMMON_PATHWAY_OF_FIBRIN_CLOT_FORMATION,unknown,0.1140683197731684,SToFM
REACTOME_COMPLEMENT_CASCADE,unknown,0.8598679500206716,SToFM
REACTOME_COPII_MEDIATED_VESICLE_TRANSPORT,unknown,0.11381676605604932,SToFM
REACTOME_ER_TO_GOLGI_ANTEROGRADE_TRANSPORT,unknown,0.11381676605604932,SToFM
REACTOME_EXTRINSIC_PATHWAY_OF_FIBRIN_CLOT_FORMATION,unknown,0.11404473683372932,SToFM
REACTOME_FORMATION_OF_FIBRIN_CLOT_CLOTTING_CASCADE,unknown,0.11403297486611438,SToFM
REACTOME_GAMMA_CARBOXYLATION_HYPUSINYLATION_HYDROXYLATION_AND_ARYLSULFATASE_ACTIVATION,unknown,0.1139975709548509,SToFM
REACTOME_GAMMA_CARBOXYLATION_OF_PROTEIN_PRECURSORS,unknown,0.11409975155096733,SToFM
REACTOME_GAMMA_CARBOXYLATION_TRANSPORT_AND_AMINO_TERMINAL_CLEAVAGE_OF_PROTEINS,unknown,0.11409975155096733,SToFM
REACTOME_GPCR_LIGAND_BINDING,unknown,0.8739422051308334,SToFM
REACTOME_G_ALPHA_I_SIGNALLING_EVENTS,unknown,0.8739422051308334,SToFM
REACTOME_HEMOSTASIS,unknown,0.11403297486611438,SToFM
REACTOME_IMMUNE_SYSTEM,unknown,0.8598679500206716,SToFM
REACTOME_IMMUNOREGULATORY_INTERACTIONS_BETWEEN_A_LYMPHOID_AND_A_NON_LYMPHOID_CELL,unknown,0.8739422051308334,SToFM
REACTOME_INITIAL_TRIGGERING_OF_COMPLEMENT,unknown,0.8682231017842525,SToFM
REACTOME_INNATE_IMMUNE_SYSTEM,unknown,0.8598679500206716,SToFM
REACTOME_INTRINSIC_PATHWAY_OF_FIBRIN_CLOT_FORMATION,unknown,0.11408994927039709,SToFM
REACTOME_MEMBRANE_TRAFFICKING,unknown,0.11381676605604932,SToFM
REACTOME_METABOLISM_OF_PROTEINS,unknown,0.2686401017232507,SToFM
REACTOME_NEUTROPHIL_DEGRANULATION,unknown,0.8739422051308334,SToFM
REACTOME_PEPTIDE_LIGAND_BINDING_RECEPTORS,unknown,0.8739422051308334,SToFM
REACTOME_PLATELET_ACTIVATION_SIGNALING_AND_AGGREGATION,unknown,0.11381676605604932,SToFM
REACTOME_POST_TRANSLATIONAL_PROTEIN_MODIFICATION,unknown,0.2686401017232507,SToFM
REACTOME_REGULATION_OF_INSULIN_LIKE_GROWTH_FACTOR_IGF_TRANSPORT_AND_UPTAKE_BY_INSULIN_LIKE_GROWTH_FACTOR_BINDING_PROTEINS_IGFBPS,unknown,0.49783942223872585,SToFM
REACTOME_RESPONSE_TO_ELEVATED_PLATELET_CYTOSOLIC_CA2,unknown,0.11381676605604932,SToFM
REACTOME_SIGNALING_BY_GPCR,unknown,0.8739422051308334,SToFM
REACTOME_TERMINAL_PATHWAY_OF_COMPLEMENT,unknown,0.8538415470394998,SToFM
REACTOME_TRANSPORT_OF_GAMMA_CARBOXYLATED_PROTEIN_PRECURSORS_FROM_THE_ENDOPLASMIC_RETICULUM_TO_THE_GOLGI_APPARATUS,unknown,0.11409975155096733,SToFM
REACTOME_TRANSPORT_TO_THE_GOLGI_AND_SUBSEQUENT_MODIFICATION,unknown,0.11381676605604932,SToFM
REACTOME_VESICLE_MEDIATED_TRANSPORT,unknown,0.11381676605604932,SToFM
